snapshot_id,date,store_id,product_id,quantite_disponible,seuil_min,seuil_max
1,2026-05-29,10,1,99,36,108
2,2026-05-30,10,1,90,36,108
3,2026-05-31,10,1,81,36,108
4,2026-06-01,10,1,75,36,108
5,2026-06-02,10,1,66,36,108
6,2026-06-03,10,1,57,36,108
7,2026-06-04,10,1,47,36,108
8,2026-06-05,10,1,38,36,108
9,2026-06-06,10,1,50,36,108
10,2026-06-07,10,1,39,36,108
11,2026-06-08,10,1,51,36,108
12,2026-06-09,10,1,45,36,108
13,2026-06-10,10,1,56,36,108
14,2026-06-11,10,1,47,36,108
15,2026-06-12,10,1,36,36,108
16,2026-06-13,10,1,51,36,108
17,2026-06-14,10,1,47,36,108
18,2026-06-15,10,1,39,36,108
19,2026-06-16,10,1,51,36,108
20,2026-06-17,10,1,44,36,108
21,2026-06-18,10,1,57,36,108
22,2026-06-19,10,1,48,36,108
23,2026-06-20,10,1,38,36,108
24,2026-06-21,10,1,50,36,108
25,2026-06-22,10,1,42,36,108
26,2026-06-23,10,1,56,36,108
27,2026-06-24,10,1,47,36,108
28,2026-06-25,10,1,56,36,108
29,2026-06-26,10,1,46,36,108
30,2026-06-27,10,1,56,36,108
31,2026-06-28,10,1,44,36,108
32,2026-06-29,10,1,57,36,108
33,2026-06-30,10,1,46,36,108
34,2026-07-01,10,1,40,36,108
35,2026-07-02,10,1,53,36,108
36,2026-07-03,10,1,43,36,108
37,2026-07-04,10,1,55,36,108
38,2026-07-05,10,1,47,36,108
39,2026-07-06,10,1,36,36,108
40,2026-07-07,10,1,50,36,108
41,2026-07-08,10,1,42,36,108
42,2026-07-09,10,1,55,36,108
43,2026-07-10,10,1,47,36,108
44,2026-07-11,10,1,37,36,108
45,2026-07-12,10,1,49,36,108
46,2026-07-13,10,1,40,36,108
47,2026-07-14,10,1,52,36,108
48,2026-07-15,10,1,45,36,108
49,2026-07-16,10,1,56,36,108
50,2026-07-17,10,1,47,36,108
51,2026-07-18,10,1,57,36,108
52,2026-07-19,10,1,48,36,108
53,2026-07-20,10,1,39,36,108
54,2026-07-21,10,1,49,36,108
55,2026-07-22,10,1,44,36,108
56,2026-07-23,10,1,56,36,108
57,2026-07-24,10,1,46,36,108
58,2026-07-25,10,1,56,36,108
59,2026-07-26,10,1,45,36,108
60,2026-07-27,10,1,52,36,108
61,2026-07-28,10,1,40,36,108
62,2026-07-29,10,1,31,36,108
63,2026-07-30,10,1,17,36,108
64,2026-07-31,10,1,1,36,108
65,2026-08-01,10,1,0,36,108
66,2026-08-02,10,1,0,36,108
67,2026-08-03,10,1,0,36,108
68,2026-08-04,10,1,0,36,108
69,2026-08-05,10,1,0,36,108
70,2026-08-06,10,1,0,36,108
71,2026-05-29,10,2,59,21,63
72,2026-05-30,10,2,54,21,63
73,2026-05-31,10,2,49,21,63
74,2026-06-01,10,2,43,21,63
75,2026-06-02,10,2,38,21,63
76,2026-06-03,10,2,32,21,63
77,2026-06-04,10,2,28,21,63
78,2026-06-05,10,2,22,21,63
79,2026-06-06,10,2,63,21,63
80,2026-06-07,10,2,57,21,63
81,2026-06-08,10,2,50,21,63
82,2026-06-09,10,2,44,21,63
83,2026-06-10,10,2,39,21,63
84,2026-06-11,10,2,34,21,63
85,2026-06-12,10,2,29,21,63
86,2026-06-13,10,2,23,21,63
87,2026-06-14,10,2,63,21,63
88,2026-06-15,10,2,57,21,63
89,2026-06-16,10,2,51,21,63
90,2026-06-17,10,2,45,21,63
91,2026-06-18,10,2,40,21,63
92,2026-06-19,10,2,36,21,63
93,2026-06-20,10,2,32,21,63
94,2026-06-21,10,2,26,21,63
95,2026-06-22,10,2,63,21,63
96,2026-06-23,10,2,57,21,63
97,2026-06-24,10,2,52,21,63
98,2026-06-25,10,2,44,21,63
99,2026-06-26,10,2,39,21,63
100,2026-06-27,10,2,34,21,63
101,2026-06-28,10,2,26,21,63
102,2026-06-29,10,2,21,21,63
103,2026-06-30,10,2,63,21,63
104,2026-07-01,10,2,58,21,63
105,2026-07-02,10,2,55,21,63
106,2026-07-03,10,2,48,21,63
107,2026-07-04,10,2,44,21,63
108,2026-07-05,10,2,38,21,63
109,2026-07-06,10,2,34,21,63
110,2026-07-07,10,2,29,21,63
111,2026-07-08,10,2,22,21,63
112,2026-07-09,10,2,63,21,63
113,2026-07-10,10,2,57,21,63
114,2026-07-11,10,2,51,21,63
115,2026-07-12,10,2,44,21,63
116,2026-07-13,10,2,37,21,63
117,2026-07-14,10,2,33,21,63
118,2026-07-15,10,2,29,21,63
119,2026-07-16,10,2,23,21,63
120,2026-07-17,10,2,63,21,63
121,2026-07-18,10,2,59,21,63
122,2026-07-19,10,2,53,21,63
123,2026-07-20,10,2,47,21,63
124,2026-07-21,10,2,40,21,63
125,2026-07-22,10,2,35,21,63
126,2026-07-23,10,2,31,21,63
127,2026-07-24,10,2,25,21,63
128,2026-07-25,10,2,63,21,63
129,2026-07-26,10,2,57,21,63
130,2026-07-27,10,2,51,21,63
131,2026-07-28,10,2,44,21,63
132,2026-07-29,10,2,40,21,63
133,2026-07-30,10,2,34,21,63
134,2026-07-31,10,2,30,21,63
135,2026-08-01,10,2,25,21,63
136,2026-08-02,10,2,63,21,63
137,2026-08-03,10,2,59,21,63
138,2026-08-04,10,2,56,21,63
139,2026-08-05,10,2,50,21,63
140,2026-08-06,10,2,44,21,63
141,2026-05-29,10,3,72,26,78
142,2026-05-30,10,3,66,26,78
143,2026-05-31,10,3,62,26,78
144,2026-06-01,10,3,55,26,78
145,2026-06-02,10,3,49,26,78
146,2026-06-03,10,3,42,26,78
147,2026-06-04,10,3,36,26,78
148,2026-06-05,10,3,30,26,78
149,2026-06-06,10,3,78,26,78
150,2026-06-07,10,3,71,26,78
151,2026-06-08,10,3,63,26,78
152,2026-06-09,10,3,57,26,78
153,2026-06-10,10,3,50,26,78
154,2026-06-11,10,3,43,26,78
155,2026-06-12,10,3,36,26,78
156,2026-06-13,10,3,32,26,78
157,2026-06-14,10,3,78,26,78
158,2026-06-15,10,3,71,26,78
159,2026-06-16,10,3,66,26,78
160,2026-06-17,10,3,58,26,78
161,2026-06-18,10,3,49,26,78
162,2026-06-19,10,3,45,26,78
163,2026-06-20,10,3,36,26,78
164,2026-06-21,10,3,29,26,78
165,2026-06-22,10,3,78,26,78
166,2026-06-23,10,3,74,26,78
167,2026-06-24,10,3,67,26,78
168,2026-06-25,10,3,61,26,78
169,2026-06-26,10,3,54,26,78
170,2026-06-27,10,3,45,26,78
171,2026-06-28,10,3,38,26,78
172,2026-06-29,10,3,32,26,78
173,2026-06-30,10,3,27,26,78
174,2026-07-01,10,3,78,26,78
175,2026-07-02,10,3,72,26,78
176,2026-07-03,10,3,67,26,78
177,2026-07-04,10,3,60,26,78
178,2026-07-05,10,3,54,26,78
179,2026-07-06,10,3,47,26,78
180,2026-07-07,10,3,41,26,78
181,2026-07-08,10,3,35,26,78
182,2026-07-09,10,3,30,26,78
183,2026-07-10,10,3,78,26,78
184,2026-07-11,10,3,70,26,78
185,2026-07-12,10,3,61,26,78
186,2026-07-13,10,3,54,26,78
187,2026-07-14,10,3,48,26,78
188,2026-07-15,10,3,43,26,78
189,2026-07-16,10,3,37,26,78
190,2026-07-17,10,3,31,26,78
191,2026-07-18,10,3,78,26,78
192,2026-07-19,10,3,73,26,78
193,2026-07-20,10,3,67,26,78
194,2026-07-21,10,3,60,26,78
195,2026-07-22,10,3,52,26,78
196,2026-07-23,10,3,46,26,78
197,2026-07-24,10,3,40,26,78
198,2026-07-25,10,3,32,26,78
199,2026-07-26,10,3,27,26,78
200,2026-07-27,10,3,78,26,78
201,2026-07-28,10,3,72,26,78
202,2026-07-29,10,3,65,26,78
203,2026-07-30,10,3,58,26,78
204,2026-07-31,10,3,52,26,78
205,2026-08-01,10,3,46,26,78
206,2026-08-02,10,3,40,26,78
207,2026-08-03,10,3,34,26,78
208,2026-08-04,10,3,28,26,78
209,2026-08-05,10,3,78,26,78
210,2026-08-06,10,3,70,26,78
211,2026-05-29,10,4,219,78,234
212,2026-05-30,10,4,189,78,234
213,2026-05-31,10,4,167,78,234
214,2026-06-01,10,4,147,78,234
215,2026-06-02,10,4,127,78,234
216,2026-06-03,10,4,114,78,234
217,2026-06-04,10,4,90,78,234
218,2026-06-05,10,4,234,78,234
219,2026-06-06,10,4,208,78,234
220,2026-06-07,10,4,171,78,234
221,2026-06-08,10,4,157,78,234
222,2026-06-09,10,4,148,78,234
223,2026-06-10,10,4,124,78,234
224,2026-06-11,10,4,108,78,234
225,2026-06-12,10,4,86,78,234
226,2026-06-13,10,4,234,78,234
227,2026-06-14,10,4,212,78,234
228,2026-06-15,10,4,192,78,234
229,2026-06-16,10,4,172,78,234
230,2026-06-17,10,4,157,78,234
231,2026-06-18,10,4,135,78,234
232,2026-06-19,10,4,114,78,234
233,2026-06-20,10,4,90,78,234
234,2026-06-21,10,4,234,78,234
235,2026-06-22,10,4,215,78,234
236,2026-06-23,10,4,197,78,234
237,2026-06-24,10,4,180,78,234
238,2026-06-25,10,4,159,78,234
239,2026-06-26,10,4,145,78,234
240,2026-06-27,10,4,123,78,234
241,2026-06-28,10,4,97,78,234
242,2026-06-29,10,4,234,78,234
243,2026-06-30,10,4,209,78,234
244,2026-07-01,10,4,197,78,234
245,2026-07-02,10,4,183,78,234
246,2026-07-03,10,4,165,78,234
247,2026-07-04,10,4,140,78,234
248,2026-07-05,10,4,113,78,234
249,2026-07-06,10,4,95,78,234
250,2026-07-07,10,4,234,78,234
251,2026-07-08,10,4,215,78,234
252,2026-07-09,10,4,196,78,234
253,2026-07-10,10,4,171,78,234
254,2026-07-11,10,4,143,78,234
255,2026-07-12,10,4,112,78,234
256,2026-07-13,10,4,91,78,234
257,2026-07-14,10,4,234,78,234
258,2026-07-15,10,4,218,78,234
259,2026-07-16,10,4,199,78,234
260,2026-07-17,10,4,178,78,234
261,2026-07-18,10,4,147,78,234
262,2026-07-19,10,4,121,78,234
263,2026-07-20,10,4,105,78,234
264,2026-07-21,10,4,91,78,234
265,2026-07-22,10,4,234,78,234
266,2026-07-23,10,4,214,78,234
267,2026-07-24,10,4,197,78,234
268,2026-07-25,10,4,172,78,234
269,2026-07-26,10,4,142,78,234
270,2026-07-27,10,4,118,78,234
271,2026-07-28,10,4,94,78,234
272,2026-07-29,10,4,84,78,234
273,2026-07-30,10,4,234,78,234
274,2026-07-31,10,4,209,78,234
275,2026-08-01,10,4,183,78,234
276,2026-08-02,10,4,159,78,234
277,2026-08-03,10,4,134,78,234
278,2026-08-04,10,4,110,78,234
279,2026-08-05,10,4,82,78,234
280,2026-08-06,10,4,234,78,234
281,2026-05-29,10,5,87,31,93
282,2026-05-30,10,5,76,31,93
283,2026-05-31,10,5,63,31,93
284,2026-06-01,10,5,58,31,93
285,2026-06-02,10,5,52,31,93
286,2026-06-03,10,5,46,31,93
287,2026-06-04,10,5,39,31,93
288,2026-06-05,10,5,35,31,93
289,2026-06-06,10,5,93,31,93
290,2026-06-07,10,5,83,31,93
291,2026-06-08,10,5,76,31,93
292,2026-06-09,10,5,65,31,93
293,2026-06-10,10,5,56,31,93
294,2026-06-11,10,5,49,31,93
295,2026-06-12,10,5,41,31,93
296,2026-06-13,10,5,93,31,93
297,2026-06-14,10,5,82,31,93
298,2026-06-15,10,5,71,31,93
299,2026-06-16,10,5,64,31,93
300,2026-06-17,10,5,57,31,93
301,2026-06-18,10,5,47,31,93
302,2026-06-19,10,5,38,31,93
303,2026-06-20,10,5,93,31,93
304,2026-06-21,10,5,85,31,93
305,2026-06-22,10,5,76,31,93
306,2026-06-23,10,5,68,31,93
307,2026-06-24,10,5,62,31,93
308,2026-06-25,10,5,55,31,93
309,2026-06-26,10,5,47,31,93
310,2026-06-27,10,5,38,31,93
311,2026-06-28,10,5,93,31,93
312,2026-06-29,10,5,84,31,93
313,2026-06-30,10,5,79,31,93
314,2026-07-01,10,5,72,31,93
315,2026-07-02,10,5,67,31,93
316,2026-07-03,10,5,59,31,93
317,2026-07-04,10,5,49,31,93
318,2026-07-05,10,5,38,31,93
319,2026-07-06,10,5,93,31,93
320,2026-07-07,10,5,85,31,93
321,2026-07-08,10,5,75,31,93
322,2026-07-09,10,5,68,31,93
323,2026-07-10,10,5,59,31,93
324,2026-07-11,10,5,50,31,93
325,2026-07-12,10,5,42,31,93
326,2026-07-13,10,5,34,31,93
327,2026-07-14,10,5,93,31,93
328,2026-07-15,10,5,86,31,93
329,2026-07-16,10,5,76,31,93
330,2026-07-17,10,5,67,31,93
331,2026-07-18,10,5,58,31,93
332,2026-07-19,10,5,48,31,93
333,2026-07-20,10,5,40,31,93
334,2026-07-21,10,5,34,31,93
335,2026-07-22,10,5,93,31,93
336,2026-07-23,10,5,85,31,93
337,2026-07-24,10,5,76,31,93
338,2026-07-25,10,5,66,31,93
339,2026-07-26,10,5,56,31,93
340,2026-07-27,10,5,52,31,93
341,2026-07-28,10,5,45,31,93
342,2026-07-29,10,5,38,31,93
343,2026-07-30,10,5,93,31,93
344,2026-07-31,10,5,85,31,93
345,2026-08-01,10,5,74,31,93
346,2026-08-02,10,5,60,31,93
347,2026-08-03,10,5,54,31,93
348,2026-08-04,10,5,49,31,93
349,2026-08-05,10,5,43,31,93
350,2026-08-06,10,5,38,31,93
351,2026-05-29,10,6,146,52,156
352,2026-05-30,10,6,135,52,156
353,2026-05-31,10,6,116,52,156
354,2026-06-01,10,6,101,52,156
355,2026-06-02,10,6,88,52,156
356,2026-06-03,10,6,74,52,156
357,2026-06-04,10,6,58,52,156
358,2026-06-05,10,6,156,52,156
359,2026-06-06,10,6,135,52,156
360,2026-06-07,10,6,117,52,156
361,2026-06-08,10,6,98,52,156
362,2026-06-09,10,6,81,52,156
363,2026-06-10,10,6,58,52,156
364,2026-06-11,10,6,156,52,156
365,2026-06-12,10,6,139,52,156
366,2026-06-13,10,6,120,52,156
367,2026-06-14,10,6,101,52,156
368,2026-06-15,10,6,89,52,156
369,2026-06-16,10,6,77,52,156
370,2026-06-17,10,6,64,52,156
371,2026-06-18,10,6,53,52,156
372,2026-06-19,10,6,156,52,156
373,2026-06-20,10,6,140,52,156
374,2026-06-21,10,6,114,52,156
375,2026-06-22,10,6,103,52,156
376,2026-06-23,10,6,89,52,156
377,2026-06-24,10,6,79,52,156
378,2026-06-25,10,6,64,52,156
379,2026-06-26,10,6,54,52,156
380,2026-06-27,10,6,156,52,156
381,2026-06-28,10,6,138,52,156
382,2026-06-29,10,6,129,52,156
383,2026-06-30,10,6,122,52,156
384,2026-07-01,10,6,111,52,156
385,2026-07-02,10,6,93,52,156
386,2026-07-03,10,6,75,52,156
387,2026-07-04,10,6,55,52,156
388,2026-07-05,10,6,156,52,156
389,2026-07-06,10,6,137,52,156
390,2026-07-07,10,6,124,52,156
391,2026-07-08,10,6,109,52,156
392,2026-07-09,10,6,99,52,156
393,2026-07-10,10,6,87,52,156
394,2026-07-11,10,6,63,52,156
395,2026-07-12,10,6,156,52,156
396,2026-07-13,10,6,144,52,156
397,2026-07-14,10,6,127,52,156
398,2026-07-15,10,6,118,52,156
399,2026-07-16,10,6,110,52,156
400,2026-07-17,10,6,94,52,156
401,2026-07-18,10,6,77,52,156
402,2026-07-19,10,6,57,52,156
403,2026-07-20,10,6,156,52,156
404,2026-07-21,10,6,143,52,156
405,2026-07-22,10,6,133,52,156
406,2026-07-23,10,6,121,52,156
407,2026-07-24,10,6,106,52,156
408,2026-07-25,10,6,83,52,156
409,2026-07-26,10,6,65,52,156
410,2026-07-27,10,6,53,52,156
411,2026-07-28,10,6,156,52,156
412,2026-07-29,10,6,145,52,156
413,2026-07-30,10,6,129,52,156
414,2026-07-31,10,6,116,52,156
415,2026-08-01,10,6,104,52,156
416,2026-08-02,10,6,90,52,156
417,2026-08-03,10,6,80,52,156
418,2026-08-04,10,6,67,52,156
419,2026-08-05,10,6,55,52,156
420,2026-08-06,10,6,156,52,156
421,2026-05-29,10,7,117,42,126
422,2026-05-30,10,7,104,42,126
423,2026-05-31,10,7,91,42,126
424,2026-06-01,10,7,84,42,126
425,2026-06-02,10,7,74,42,126
426,2026-06-03,10,7,67,42,126
427,2026-06-04,10,7,54,42,126
428,2026-06-05,10,7,42,42,126
429,2026-06-06,10,7,126,42,126
430,2026-06-07,10,7,118,42,126
431,2026-06-08,10,7,106,42,126
432,2026-06-09,10,7,97,42,126
433,2026-06-10,10,7,83,42,126
434,2026-06-11,10,7,72,42,126
435,2026-06-12,10,7,60,42,126
436,2026-06-13,10,7,48,42,126
437,2026-06-14,10,7,126,42,126
438,2026-06-15,10,7,115,42,126
439,2026-06-16,10,7,104,42,126
440,2026-06-17,10,7,89,42,126
441,2026-06-18,10,7,79,42,126
442,2026-06-19,10,7,67,42,126
443,2026-06-20,10,7,54,42,126
444,2026-06-21,10,7,45,42,126
445,2026-06-22,10,7,126,42,126
446,2026-06-23,10,7,113,42,126
447,2026-06-24,10,7,103,42,126
448,2026-06-25,10,7,89,42,126
449,2026-06-26,10,7,80,42,126
450,2026-06-27,10,7,69,42,126
451,2026-06-28,10,7,57,42,126
452,2026-06-29,10,7,47,42,126
453,2026-06-30,10,7,126,42,126
454,2026-07-01,10,7,113,42,126
455,2026-07-02,10,7,100,42,126
456,2026-07-03,10,7,89,42,126
457,2026-07-04,10,7,79,42,126
458,2026-07-05,10,7,65,42,126
459,2026-07-06,10,7,56,42,126
460,2026-07-07,10,7,48,42,126
461,2026-07-08,10,7,126,42,126
462,2026-07-09,10,7,119,42,126
463,2026-07-10,10,7,110,42,126
464,2026-07-11,10,7,101,42,126
465,2026-07-12,10,7,91,42,126
466,2026-07-13,10,7,81,42,126
467,2026-07-14,10,7,70,42,126
468,2026-07-15,10,7,59,42,126
469,2026-07-16,10,7,53,42,126
470,2026-07-17,10,7,43,42,126
471,2026-07-18,10,7,126,42,126
472,2026-07-19,10,7,118,42,126
473,2026-07-20,10,7,108,42,126
474,2026-07-21,10,7,97,42,126
475,2026-07-22,10,7,83,42,126
476,2026-07-23,10,7,73,42,126
477,2026-07-24,10,7,59,42,126
478,2026-07-25,10,7,49,42,126
479,2026-07-26,10,7,126,42,126
480,2026-07-27,10,7,115,42,126
481,2026-07-28,10,7,106,42,126
482,2026-07-29,10,7,98,42,126
483,2026-07-30,10,7,86,42,126
484,2026-07-31,10,7,75,42,126
485,2026-08-01,10,7,69,42,126
486,2026-08-02,10,7,60,42,126
487,2026-08-03,10,7,48,42,126
488,2026-08-04,10,7,42,42,126
489,2026-08-05,10,7,126,42,126
490,2026-08-06,10,7,112,42,126
491,2026-05-29,10,8,69,26,78
492,2026-05-30,10,8,61,26,78
493,2026-05-31,10,8,56,26,78
494,2026-06-01,10,8,51,26,78
495,2026-06-02,10,8,45,26,78
496,2026-06-03,10,8,39,26,78
497,2026-06-04,10,8,34,26,78
498,2026-06-05,10,8,27,26,78
499,2026-06-06,10,8,78,26,78
500,2026-06-07,10,8,70,26,78
501,2026-06-08,10,8,62,26,78
502,2026-06-09,10,8,54,26,78
503,2026-06-10,10,8,48,26,78
504,2026-06-11,10,8,40,26,78
505,2026-06-12,10,8,33,26,78
506,2026-06-13,10,8,28,26,78
507,2026-06-14,10,8,78,26,78
508,2026-06-15,10,8,72,26,78
509,2026-06-16,10,8,64,26,78
510,2026-06-17,10,8,56,26,78
511,2026-06-18,10,8,49,26,78
512,2026-06-19,10,8,42,26,78
513,2026-06-20,10,8,34,26,78
514,2026-06-21,10,8,78,26,78
515,2026-06-22,10,8,71,26,78
516,2026-06-23,10,8,64,26,78
517,2026-06-24,10,8,58,26,78
518,2026-06-25,10,8,52,26,78
519,2026-06-26,10,8,45,26,78
520,2026-06-27,10,8,37,26,78
521,2026-06-28,10,8,31,26,78
522,2026-06-29,10,8,26,26,78
523,2026-06-30,10,8,78,26,78
524,2026-07-01,10,8,73,26,78
525,2026-07-02,10,8,66,26,78
526,2026-07-03,10,8,60,26,78
527,2026-07-04,10,8,55,26,78
528,2026-07-05,10,8,49,26,78
529,2026-07-06,10,8,44,26,78
530,2026-07-07,10,8,37,26,78
531,2026-07-08,10,8,30,26,78
532,2026-07-09,10,8,78,26,78
533,2026-07-10,10,8,71,26,78
534,2026-07-11,10,8,64,26,78
535,2026-07-12,10,8,59,26,78
536,2026-07-13,10,8,49,26,78
537,2026-07-14,10,8,43,26,78
538,2026-07-15,10,8,37,26,78
539,2026-07-16,10,8,32,26,78
540,2026-07-17,10,8,27,26,78
541,2026-07-18,10,8,78,26,78
542,2026-07-19,10,8,71,26,78
543,2026-07-20,10,8,65,26,78
544,2026-07-21,10,8,58,26,78
545,2026-07-22,10,8,52,26,78
546,2026-07-23,10,8,45,26,78
547,2026-07-24,10,8,38,26,78
548,2026-07-25,10,8,32,26,78
549,2026-07-26,10,8,78,26,78
550,2026-07-27,10,8,73,26,78
551,2026-07-28,10,8,67,26,78
552,2026-07-29,10,8,60,26,78
553,2026-07-30,10,8,53,26,78
554,2026-07-31,10,8,49,26,78
555,2026-08-01,10,8,43,26,78
556,2026-08-02,10,8,37,26,78
557,2026-08-03,10,8,31,26,78
558,2026-08-04,10,8,78,26,78
559,2026-08-05,10,8,73,26,78
560,2026-08-06,10,8,65,26,78
561,2026-05-29,10,9,43,16,48
562,2026-05-30,10,9,41,16,48
563,2026-05-31,10,9,37,16,48
564,2026-06-01,10,9,33,16,48
565,2026-06-02,10,9,29,16,48
566,2026-06-03,10,9,25,16,48
567,2026-06-04,10,9,21,16,48
568,2026-06-05,10,9,17,16,48
569,2026-06-06,10,9,48,16,48
570,2026-06-07,10,9,44,16,48
571,2026-06-08,10,9,40,16,48
572,2026-06-09,10,9,37,16,48
573,2026-06-10,10,9,34,16,48
574,2026-06-11,10,9,29,16,48
575,2026-06-12,10,9,25,16,48
576,2026-06-13,10,9,21,16,48
577,2026-06-14,10,9,17,16,48
578,2026-06-15,10,9,48,16,48
579,2026-06-16,10,9,45,16,48
580,2026-06-17,10,9,41,16,48
581,2026-06-18,10,9,38,16,48
582,2026-06-19,10,9,34,16,48
583,2026-06-20,10,9,30,16,48
584,2026-06-21,10,9,26,16,48
585,2026-06-22,10,9,21,16,48
586,2026-06-23,10,9,17,16,48
587,2026-06-24,10,9,48,16,48
588,2026-06-25,10,9,43,16,48
589,2026-06-26,10,9,39,16,48
590,2026-06-27,10,9,34,16,48
591,2026-06-28,10,9,29,16,48
592,2026-06-29,10,9,26,16,48
593,2026-06-30,10,9,22,16,48
594,2026-07-01,10,9,18,16,48
595,2026-07-02,10,9,48,16,48
596,2026-07-03,10,9,45,16,48
597,2026-07-04,10,9,41,16,48
598,2026-07-05,10,9,37,16,48
599,2026-07-06,10,9,34,16,48
600,2026-07-07,10,9,31,16,48
601,2026-07-08,10,9,27,16,48
602,2026-07-09,10,9,24,16,48
603,2026-07-10,10,9,21,16,48
604,2026-07-11,10,9,17,16,48
605,2026-07-12,10,9,48,16,48
606,2026-07-13,10,9,43,16,48
607,2026-07-14,10,9,38,16,48
608,2026-07-15,10,9,35,16,48
609,2026-07-16,10,9,31,16,48
610,2026-07-17,10,9,28,16,48
611,2026-07-18,10,9,25,16,48
612,2026-07-19,10,9,22,16,48
613,2026-07-20,10,9,18,16,48
614,2026-07-21,10,9,48,16,48
615,2026-07-22,10,9,46,16,48
616,2026-07-23,10,9,42,16,48
617,2026-07-24,10,9,39,16,48
618,2026-07-25,10,9,36,16,48
619,2026-07-26,10,9,31,16,48
620,2026-07-27,10,9,27,16,48
621,2026-07-28,10,9,22,16,48
622,2026-07-29,10,9,18,16,48
623,2026-07-30,10,9,48,16,48
624,2026-07-31,10,9,44,16,48
625,2026-08-01,10,9,39,16,48
626,2026-08-02,10,9,36,16,48
627,2026-08-03,10,9,33,16,48
628,2026-08-04,10,9,30,16,48
629,2026-08-05,10,9,26,16,48
630,2026-08-06,10,9,23,16,48
631,2026-05-29,10,10,58,21,63
632,2026-05-30,10,10,52,21,63
633,2026-05-31,10,10,48,21,63
634,2026-06-01,10,10,41,21,63
635,2026-06-02,10,10,36,21,63
636,2026-06-03,10,10,30,21,63
637,2026-06-04,10,10,24,21,63
638,2026-06-05,10,10,63,21,63
639,2026-06-06,10,10,59,21,63
640,2026-06-07,10,10,53,21,63
641,2026-06-08,10,10,47,21,63
642,2026-06-09,10,10,42,21,63
643,2026-06-10,10,10,37,21,63
644,2026-06-11,10,10,33,21,63
645,2026-06-12,10,10,28,21,63
646,2026-06-13,10,10,22,21,63
647,2026-06-14,10,10,63,21,63
648,2026-06-15,10,10,58,21,63
649,2026-06-16,10,10,52,21,63
650,2026-06-17,10,10,47,21,63
651,2026-06-18,10,10,41,21,63
652,2026-06-19,10,10,37,21,63
653,2026-06-20,10,10,32,21,63
654,2026-06-21,10,10,28,21,63
655,2026-06-22,10,10,23,21,63
656,2026-06-23,10,10,63,21,63
657,2026-06-24,10,10,57,21,63
658,2026-06-25,10,10,52,21,63
659,2026-06-26,10,10,45,21,63
660,2026-06-27,10,10,39,21,63
661,2026-06-28,10,10,33,21,63
662,2026-06-29,10,10,30,21,63
663,2026-06-30,10,10,25,21,63
664,2026-07-01,10,10,63,21,63
665,2026-07-02,10,10,57,21,63
666,2026-07-03,10,10,53,21,63
667,2026-07-04,10,10,49,21,63
668,2026-07-05,10,10,43,21,63
669,2026-07-06,10,10,39,21,63
670,2026-07-07,10,10,34,21,63
671,2026-07-08,10,10,30,21,63
672,2026-07-09,10,10,25,21,63
673,2026-07-10,10,10,63,21,63
674,2026-07-11,10,10,59,21,63
675,2026-07-12,10,10,55,21,63
676,2026-07-13,10,10,50,21,63
677,2026-07-14,10,10,43,21,63
678,2026-07-15,10,10,38,21,63
679,2026-07-16,10,10,33,21,63
680,2026-07-17,10,10,26,21,63
681,2026-07-18,10,10,63,21,63
682,2026-07-19,10,10,57,21,63
683,2026-07-20,10,10,52,21,63
684,2026-07-21,10,10,48,21,63
685,2026-07-22,10,10,45,21,63
686,2026-07-23,10,10,39,21,63
687,2026-07-24,10,10,34,21,63
688,2026-07-25,10,10,29,21,63
689,2026-07-26,10,10,24,21,63
690,2026-07-27,10,10,63,21,63
691,2026-07-28,10,10,56,21,63
692,2026-07-29,10,10,52,21,63
693,2026-07-30,10,10,46,21,63
694,2026-07-31,10,10,40,21,63
695,2026-08-01,10,10,34,21,63
696,2026-08-02,10,10,28,21,63
697,2026-08-03,10,10,22,21,63
698,2026-08-04,10,10,63,21,63
699,2026-08-05,10,10,58,21,63
700,2026-08-06,10,10,54,21,63
701,2026-05-29,10,11,85,31,93
702,2026-05-30,10,11,77,31,93
703,2026-05-31,10,11,70,31,93
704,2026-06-01,10,11,62,31,93
705,2026-06-02,10,11,52,31,93
706,2026-06-03,10,11,44,31,93
707,2026-06-04,10,11,38,31,93
708,2026-06-05,10,11,93,31,93
709,2026-06-06,10,11,86,31,93
710,2026-06-07,10,11,79,31,93
711,2026-06-08,10,11,73,31,93
712,2026-06-09,10,11,66,31,93
713,2026-06-10,10,11,60,31,93
714,2026-06-11,10,11,51,31,93
715,2026-06-12,10,11,43,31,93
716,2026-06-13,10,11,35,31,93
717,2026-06-14,10,11,93,31,93
718,2026-06-15,10,11,87,31,93
719,2026-06-16,10,11,79,31,93
720,2026-06-17,10,11,71,31,93
721,2026-06-18,10,11,62,31,93
722,2026-06-19,10,11,52,31,93
723,2026-06-20,10,11,46,31,93
724,2026-06-21,10,11,40,31,93
725,2026-06-22,10,11,33,31,93
726,2026-06-23,10,11,93,31,93
727,2026-06-24,10,11,82,31,93
728,2026-06-25,10,11,73,31,93
729,2026-06-26,10,11,66,31,93
730,2026-06-27,10,11,59,31,93
731,2026-06-28,10,11,53,31,93
732,2026-06-29,10,11,43,31,93
733,2026-06-30,10,11,34,31,93
734,2026-07-01,10,11,93,31,93
735,2026-07-02,10,11,84,31,93
736,2026-07-03,10,11,77,31,93
737,2026-07-04,10,11,73,31,93
738,2026-07-05,10,11,65,31,93
739,2026-07-06,10,11,57,31,93
740,2026-07-07,10,11,50,31,93
741,2026-07-08,10,11,44,31,93
742,2026-07-09,10,11,37,31,93
743,2026-07-10,10,11,93,31,93
744,2026-07-11,10,11,83,31,93
745,2026-07-12,10,11,75,31,93
746,2026-07-13,10,11,67,31,93
747,2026-07-14,10,11,58,31,93
748,2026-07-15,10,11,50,31,93
749,2026-07-16,10,11,40,31,93
750,2026-07-17,10,11,31,31,93
751,2026-07-18,10,11,93,31,93
752,2026-07-19,10,11,89,31,93
753,2026-07-20,10,11,81,31,93
754,2026-07-21,10,11,74,31,93
755,2026-07-22,10,11,67,31,93
756,2026-07-23,10,11,58,31,93
757,2026-07-24,10,11,52,31,93
758,2026-07-25,10,11,48,31,93
759,2026-07-26,10,11,42,31,93
760,2026-07-27,10,11,35,31,93
761,2026-07-28,10,11,93,31,93
762,2026-07-29,10,11,84,31,93
763,2026-07-30,10,11,78,31,93
764,2026-07-31,10,11,69,31,93
765,2026-08-01,10,11,66,31,93
766,2026-08-02,10,11,56,31,93
767,2026-08-03,10,11,49,31,93
768,2026-08-04,10,11,41,31,93
769,2026-08-05,10,11,32,31,93
770,2026-08-06,10,11,93,31,93
771,2026-05-29,10,12,71,26,78
772,2026-05-30,10,12,65,26,78
773,2026-05-31,10,12,61,26,78
774,2026-06-01,10,12,55,26,78
775,2026-06-02,10,12,47,26,78
776,2026-06-03,10,12,41,26,78
777,2026-06-04,10,12,34,26,78
778,2026-06-05,10,12,27,26,78
779,2026-06-06,10,12,78,26,78
780,2026-06-07,10,12,71,26,78
781,2026-06-08,10,12,66,26,78
782,2026-06-09,10,12,60,26,78
783,2026-06-10,10,12,51,26,78
784,2026-06-11,10,12,45,26,78
785,2026-06-12,10,12,38,26,78
786,2026-06-13,10,12,32,26,78
787,2026-06-14,10,12,27,26,78
788,2026-06-15,10,12,78,26,78
789,2026-06-16,10,12,71,26,78
790,2026-06-17,10,12,66,26,78
791,2026-06-18,10,12,62,26,78
792,2026-06-19,10,12,54,26,78
793,2026-06-20,10,12,47,26,78
794,2026-06-21,10,12,40,26,78
795,2026-06-22,10,12,35,26,78
796,2026-06-23,10,12,26,26,78
797,2026-06-24,10,12,78,26,78
798,2026-06-25,10,12,70,26,78
799,2026-06-26,10,12,64,26,78
800,2026-06-27,10,12,56,26,78
801,2026-06-28,10,12,49,26,78
802,2026-06-29,10,12,43,26,78
803,2026-06-30,10,12,38,26,78
804,2026-07-01,10,12,33,26,78
805,2026-07-02,10,12,26,26,78
806,2026-07-03,10,12,78,26,78
807,2026-07-04,10,12,73,26,78
808,2026-07-05,10,12,68,26,78
809,2026-07-06,10,12,63,26,78
810,2026-07-07,10,12,56,26,78
811,2026-07-08,10,12,52,26,78
812,2026-07-09,10,12,45,26,78
813,2026-07-10,10,12,38,26,78
814,2026-07-11,10,12,31,26,78
815,2026-07-12,10,12,78,26,78
816,2026-07-13,10,12,70,26,78
817,2026-07-14,10,12,64,26,78
818,2026-07-15,10,12,60,26,78
819,2026-07-16,10,12,55,26,78
820,2026-07-17,10,12,47,26,78
821,2026-07-18,10,12,41,26,78
822,2026-07-19,10,12,34,26,78
823,2026-07-20,10,12,29,26,78
824,2026-07-21,10,12,78,26,78
825,2026-07-22,10,12,71,26,78
826,2026-07-23,10,12,64,26,78
827,2026-07-24,10,12,57,26,78
828,2026-07-25,10,12,52,26,78
829,2026-07-26,10,12,46,26,78
830,2026-07-27,10,12,39,26,78
831,2026-07-28,10,12,32,26,78
832,2026-07-29,10,12,26,26,78
833,2026-07-30,10,12,78,26,78
834,2026-07-31,10,12,71,26,78
835,2026-08-01,10,12,67,26,78
836,2026-08-02,10,12,61,26,78
837,2026-08-03,10,12,55,26,78
838,2026-08-04,10,12,51,26,78
839,2026-08-05,10,12,45,26,78
840,2026-08-06,10,12,39,26,78
841,2026-05-29,10,13,45,16,48
842,2026-05-30,10,13,41,16,48
843,2026-05-31,10,13,37,16,48
844,2026-06-01,10,13,33,16,48
845,2026-06-02,10,13,29,16,48
846,2026-06-03,10,13,26,16,48
847,2026-06-04,10,13,22,16,48
848,2026-06-05,10,13,17,16,48
849,2026-06-06,10,13,48,16,48
850,2026-06-07,10,13,44,16,48
851,2026-06-08,10,13,41,16,48
852,2026-06-09,10,13,38,16,48
853,2026-06-10,10,13,33,16,48
854,2026-06-11,10,13,27,16,48
855,2026-06-12,10,13,24,16,48
856,2026-06-13,10,13,19,16,48
857,2026-06-14,10,13,16,16,48
858,2026-06-15,10,13,48,16,48
859,2026-06-16,10,13,43,16,48
860,2026-06-17,10,13,39,16,48
861,2026-06-18,10,13,35,16,48
862,2026-06-19,10,13,31,16,48
863,2026-06-20,10,13,27,16,48
864,2026-06-21,10,13,24,16,48
865,2026-06-22,10,13,21,16,48
866,2026-06-23,10,13,17,16,48
867,2026-06-24,10,13,48,16,48
868,2026-06-25,10,13,44,16,48
869,2026-06-26,10,13,40,16,48
870,2026-06-27,10,13,36,16,48
871,2026-06-28,10,13,31,16,48
872,2026-06-29,10,13,26,16,48
873,2026-06-30,10,13,21,16,48
874,2026-07-01,10,13,18,16,48
875,2026-07-02,10,13,48,16,48
876,2026-07-03,10,13,44,16,48
877,2026-07-04,10,13,41,16,48
878,2026-07-05,10,13,37,16,48
879,2026-07-06,10,13,33,16,48
880,2026-07-07,10,13,28,16,48
881,2026-07-08,10,13,25,16,48
882,2026-07-09,10,13,22,16,48
883,2026-07-10,10,13,18,16,48
884,2026-07-11,10,13,48,16,48
885,2026-07-12,10,13,44,16,48
886,2026-07-13,10,13,39,16,48
887,2026-07-14,10,13,35,16,48
888,2026-07-15,10,13,30,16,48
889,2026-07-16,10,13,26,16,48
890,2026-07-17,10,13,22,16,48
891,2026-07-18,10,13,17,16,48
892,2026-07-19,10,13,48,16,48
893,2026-07-20,10,13,44,16,48
894,2026-07-21,10,13,39,16,48
895,2026-07-22,10,13,36,16,48
896,2026-07-23,10,13,32,16,48
897,2026-07-24,10,13,30,16,48
898,2026-07-25,10,13,27,16,48
899,2026-07-26,10,13,24,16,48
900,2026-07-27,10,13,21,16,48
901,2026-07-28,10,13,18,16,48
902,2026-07-29,10,13,48,16,48
903,2026-07-30,10,13,44,16,48
904,2026-07-31,10,13,40,16,48
905,2026-08-01,10,13,38,16,48
906,2026-08-02,10,13,35,16,48
907,2026-08-03,10,13,30,16,48
908,2026-08-04,10,13,27,16,48
909,2026-08-05,10,13,24,16,48
910,2026-08-06,10,13,19,16,48
911,2026-05-29,10,14,132,47,141
912,2026-05-30,10,14,118,47,141
913,2026-05-31,10,14,101,47,141
914,2026-06-01,10,14,90,47,141
915,2026-06-02,10,14,71,47,141
916,2026-06-03,10,14,63,47,141
917,2026-06-04,10,14,141,47,141
918,2026-06-05,10,14,132,47,141
919,2026-06-06,10,14,112,47,141
920,2026-06-07,10,14,96,47,141
921,2026-06-08,10,14,86,47,141
922,2026-06-09,10,14,67,47,141
923,2026-06-10,10,14,51,47,141
924,2026-06-11,10,14,141,47,141
925,2026-06-12,10,14,128,47,141
926,2026-06-13,10,14,111,47,141
927,2026-06-14,10,14,93,47,141
928,2026-06-15,10,14,78,47,141
929,2026-06-16,10,14,66,47,141
930,2026-06-17,10,14,56,47,141
931,2026-06-18,10,14,141,47,141
932,2026-06-19,10,14,132,47,141
933,2026-06-20,10,14,116,47,141
934,2026-06-21,10,14,99,47,141
935,2026-06-22,10,14,87,47,141
936,2026-06-23,10,14,74,47,141
937,2026-06-24,10,14,64,47,141
938,2026-06-25,10,14,49,47,141
939,2026-06-26,10,14,141,47,141
940,2026-06-27,10,14,126,47,141
941,2026-06-28,10,14,113,47,141
942,2026-06-29,10,14,100,47,141
943,2026-06-30,10,14,89,47,141
944,2026-07-01,10,14,76,47,141
945,2026-07-02,10,14,66,47,141
946,2026-07-03,10,14,55,47,141
947,2026-07-04,10,14,141,47,141
948,2026-07-05,10,14,130,47,141
949,2026-07-06,10,14,121,47,141
950,2026-07-07,10,14,109,47,141
951,2026-07-08,10,14,97,47,141
952,2026-07-09,10,14,81,47,141
953,2026-07-10,10,14,73,47,141
954,2026-07-11,10,14,56,47,141
955,2026-07-12,10,14,141,47,141
956,2026-07-13,10,14,128,47,141
957,2026-07-14,10,14,115,47,141
958,2026-07-15,10,14,102,47,141
959,2026-07-16,10,14,89,47,141
960,2026-07-17,10,14,74,47,141
961,2026-07-18,10,14,57,47,141
962,2026-07-19,10,14,141,47,141
963,2026-07-20,10,14,127,47,141
964,2026-07-21,10,14,114,47,141
965,2026-07-22,10,14,106,47,141
966,2026-07-23,10,14,92,47,141
967,2026-07-24,10,14,78,47,141
968,2026-07-25,10,14,61,47,141
969,2026-07-26,10,14,141,47,141
970,2026-07-27,10,14,130,47,141
971,2026-07-28,10,14,122,47,141
972,2026-07-29,10,14,108,47,141
973,2026-07-30,10,14,98,47,141
974,2026-07-31,10,14,88,47,141
975,2026-08-01,10,14,68,47,141
976,2026-08-02,10,14,57,47,141
977,2026-08-03,10,14,47,47,141
978,2026-08-04,10,14,141,47,141
979,2026-08-05,10,14,128,47,141
980,2026-08-06,10,14,114,47,141
981,2026-05-29,10,15,116,42,126
982,2026-05-30,10,15,102,42,126
983,2026-05-31,10,15,90,42,126
984,2026-06-01,10,15,82,42,126
985,2026-06-02,10,15,72,42,126
986,2026-06-03,10,15,60,42,126
987,2026-06-04,10,15,50,42,126
988,2026-06-05,10,15,126,42,126
989,2026-06-06,10,15,111,42,126
990,2026-06-07,10,15,103,42,126
991,2026-06-08,10,15,92,42,126
992,2026-06-09,10,15,81,42,126
993,2026-06-10,10,15,67,42,126
994,2026-06-11,10,15,56,42,126
995,2026-06-12,10,15,45,42,126
996,2026-06-13,10,15,126,42,126
997,2026-06-14,10,15,113,42,126
998,2026-06-15,10,15,99,42,126
999,2026-06-16,10,15,91,42,126
1000,2026-06-17,10,15,82,42,126
1001,2026-06-18,10,15,70,42,126
1002,2026-06-19,10,15,57,42,126
1003,2026-06-20,10,15,126,42,126
1004,2026-06-21,10,15,109,42,126
1005,2026-06-22,10,15,100,42,126
1006,2026-06-23,10,15,91,42,126
1007,2026-06-24,10,15,78,42,126
1008,2026-06-25,10,15,69,42,126
1009,2026-06-26,10,15,60,42,126
1010,2026-06-27,10,15,45,42,126
1011,2026-06-28,10,15,126,42,126
1012,2026-06-29,10,15,115,42,126
1013,2026-06-30,10,15,103,42,126
1014,2026-07-01,10,15,97,42,126
1015,2026-07-02,10,15,88,42,126
1016,2026-07-03,10,15,78,42,126
1017,2026-07-04,10,15,68,42,126
1018,2026-07-05,10,15,59,42,126
1019,2026-07-06,10,15,49,42,126
1020,2026-07-07,10,15,126,42,126
1021,2026-07-08,10,15,119,42,126
1022,2026-07-09,10,15,111,42,126
1023,2026-07-10,10,15,101,42,126
1024,2026-07-11,10,15,91,42,126
1025,2026-07-12,10,15,80,42,126
1026,2026-07-13,10,15,65,42,126
1027,2026-07-14,10,15,54,42,126
1028,2026-07-15,10,15,44,42,126
1029,2026-07-16,10,15,126,42,126
1030,2026-07-17,10,15,113,42,126
1031,2026-07-18,10,15,104,42,126
1032,2026-07-19,10,15,92,42,126
1033,2026-07-20,10,15,83,42,126
1034,2026-07-21,10,15,71,42,126
1035,2026-07-22,10,15,56,42,126
1036,2026-07-23,10,15,42,42,126
1037,2026-07-24,10,15,126,42,126
1038,2026-07-25,10,15,113,42,126
1039,2026-07-26,10,15,99,42,126
1040,2026-07-27,10,15,87,42,126
1041,2026-07-28,10,15,79,42,126
1042,2026-07-29,10,15,70,42,126
1043,2026-07-30,10,15,62,42,126
1044,2026-07-31,10,15,49,42,126
1045,2026-08-01,10,15,126,42,126
1046,2026-08-02,10,15,114,42,126
1047,2026-08-03,10,15,105,42,126
1048,2026-08-04,10,15,96,42,126
1049,2026-08-05,10,15,84,42,126
1050,2026-08-06,10,15,71,42,126
1051,2026-05-29,10,16,101,36,108
1052,2026-05-30,10,16,90,36,108
1053,2026-05-31,10,16,74,36,108
1054,2026-06-01,10,16,69,36,108
1055,2026-06-02,10,16,63,36,108
1056,2026-06-03,10,16,52,36,108
1057,2026-06-04,10,16,41,36,108
1058,2026-06-05,10,16,108,36,108
1059,2026-06-06,10,16,97,36,108
1060,2026-06-07,10,16,88,36,108
1061,2026-06-08,10,16,77,36,108
1062,2026-06-09,10,16,68,36,108
1063,2026-06-10,10,16,60,36,108
1064,2026-06-11,10,16,46,36,108
1065,2026-06-12,10,16,38,36,108
1066,2026-06-13,10,16,108,36,108
1067,2026-06-14,10,16,95,36,108
1068,2026-06-15,10,16,85,36,108
1069,2026-06-16,10,16,75,36,108
1070,2026-06-17,10,16,67,36,108
1071,2026-06-18,10,16,60,36,108
1072,2026-06-19,10,16,50,36,108
1073,2026-06-20,10,16,40,36,108
1074,2026-06-21,10,16,108,36,108
1075,2026-06-22,10,16,99,36,108
1076,2026-06-23,10,16,91,36,108
1077,2026-06-24,10,16,82,36,108
1078,2026-06-25,10,16,73,36,108
1079,2026-06-26,10,16,67,36,108
1080,2026-06-27,10,16,53,36,108
1081,2026-06-28,10,16,38,36,108
1082,2026-06-29,10,16,108,36,108
1083,2026-06-30,10,16,96,36,108
1084,2026-07-01,10,16,90,36,108
1085,2026-07-02,10,16,77,36,108
1086,2026-07-03,10,16,66,36,108
1087,2026-07-04,10,16,48,36,108
1088,2026-07-05,10,16,108,36,108
1089,2026-07-06,10,16,101,36,108
1090,2026-07-07,10,16,93,36,108
1091,2026-07-08,10,16,83,36,108
1092,2026-07-09,10,16,73,36,108
1093,2026-07-10,10,16,67,36,108
1094,2026-07-11,10,16,51,36,108
1095,2026-07-12,10,16,108,36,108
1096,2026-07-13,10,16,95,36,108
1097,2026-07-14,10,16,85,36,108
1098,2026-07-15,10,16,76,36,108
1099,2026-07-16,10,16,69,36,108
1100,2026-07-17,10,16,57,36,108
1101,2026-07-18,10,16,45,36,108
1102,2026-07-19,10,16,108,36,108
1103,2026-07-20,10,16,101,36,108
1104,2026-07-21,10,16,92,36,108
1105,2026-07-22,10,16,84,36,108
1106,2026-07-23,10,16,77,36,108
1107,2026-07-24,10,16,67,36,108
1108,2026-07-25,10,16,58,36,108
1109,2026-07-26,10,16,47,36,108
1110,2026-07-27,10,16,40,36,108
1111,2026-07-28,10,16,108,36,108
1112,2026-07-29,10,16,99,36,108
1113,2026-07-30,10,16,90,36,108
1114,2026-07-31,10,16,80,36,108
1115,2026-08-01,10,16,70,36,108
1116,2026-08-02,10,16,59,36,108
1117,2026-08-03,10,16,48,36,108
1118,2026-08-04,10,16,38,36,108
1119,2026-08-05,10,16,108,36,108
1120,2026-08-06,10,16,97,36,108
1121,2026-05-29,20,1,189,30,93
1122,2026-05-30,20,1,184,30,93
1123,2026-05-31,20,1,177,30,93
1124,2026-06-01,20,1,169,30,93
1125,2026-06-02,20,1,160,30,93
1126,2026-06-03,20,1,152,30,93
1127,2026-06-04,20,1,143,30,93
1128,2026-06-05,20,1,135,30,93
1129,2026-06-06,20,1,128,30,93
1130,2026-06-07,20,1,121,30,93
1131,2026-06-08,20,1,112,30,93
1132,2026-06-09,20,1,105,30,93
1133,2026-06-10,20,1,98,30,93
1134,2026-06-11,20,1,89,30,93
1135,2026-06-12,20,1,80,30,93
1136,2026-06-13,20,1,72,30,93
1137,2026-06-14,20,1,64,30,93
1138,2026-06-15,20,1,55,30,93
1139,2026-06-16,20,1,48,30,93
1140,2026-06-17,20,1,38,30,93
1141,2026-06-18,20,1,30,30,93
1142,2026-06-19,20,1,93,30,93
1143,2026-06-20,20,1,84,30,93
1144,2026-06-21,20,1,75,30,93
1145,2026-06-22,20,1,68,30,93
1146,2026-06-23,20,1,62,30,93
1147,2026-06-24,20,1,55,30,93
1148,2026-06-25,20,1,49,30,93
1149,2026-06-26,20,1,40,30,93
1150,2026-06-27,20,1,35,30,93
1151,2026-06-28,20,1,93,30,93
1152,2026-06-29,20,1,86,30,93
1153,2026-06-30,20,1,78,30,93
1154,2026-07-01,20,1,71,30,93
1155,2026-07-02,20,1,65,30,93
1156,2026-07-03,20,1,56,30,93
1157,2026-07-04,20,1,51,30,93
1158,2026-07-05,20,1,44,30,93
1159,2026-07-06,20,1,38,30,93
1160,2026-07-07,20,1,31,30,93
1161,2026-07-08,20,1,93,30,93
1162,2026-07-09,20,1,87,30,93
1163,2026-07-10,20,1,77,30,93
1164,2026-07-11,20,1,70,30,93
1165,2026-07-12,20,1,61,30,93
1166,2026-07-13,20,1,54,30,93
1167,2026-07-14,20,1,48,30,93
1168,2026-07-15,20,1,40,30,93
1169,2026-07-16,20,1,34,30,93
1170,2026-07-17,20,1,93,30,93
1171,2026-07-18,20,1,87,30,93
1172,2026-07-19,20,1,79,30,93
1173,2026-07-20,20,1,75,30,93
1174,2026-07-21,20,1,65,30,93
1175,2026-07-22,20,1,56,30,93
1176,2026-07-23,20,1,47,30,93
1177,2026-07-24,20,1,41,30,93
1178,2026-07-25,20,1,33,30,93
1179,2026-07-26,20,1,93,30,93
1180,2026-07-27,20,1,84,30,93
1181,2026-07-28,20,1,75,30,93
1182,2026-07-29,20,1,69,30,93
1183,2026-07-30,20,1,60,30,93
1184,2026-07-31,20,1,52,30,93
1185,2026-08-01,20,1,48,30,93
1186,2026-08-02,20,1,42,30,93
1187,2026-08-03,20,1,33,30,93
1188,2026-08-04,20,1,93,30,93
1189,2026-08-05,20,1,86,30,93
1190,2026-08-06,20,1,79,30,93
1191,2026-05-29,20,2,50,18,54
1192,2026-05-30,20,2,46,18,54
1193,2026-05-31,20,2,41,18,54
1194,2026-06-01,20,2,36,18,54
1195,2026-06-02,20,2,32,18,54
1196,2026-06-03,20,2,27,18,54
1197,2026-06-04,20,2,24,18,54
1198,2026-06-05,20,2,20,18,54
1199,2026-06-06,20,2,54,18,54
1200,2026-06-07,20,2,50,18,54
1201,2026-06-08,20,2,45,18,54
1202,2026-06-09,20,2,42,18,54
1203,2026-06-10,20,2,37,18,54
1204,2026-06-11,20,2,32,18,54
1205,2026-06-12,20,2,27,18,54
1206,2026-06-13,20,2,21,18,54
1207,2026-06-14,20,2,54,18,54
1208,2026-06-15,20,2,49,18,54
1209,2026-06-16,20,2,45,18,54
1210,2026-06-17,20,2,42,18,54
1211,2026-06-18,20,2,38,18,54
1212,2026-06-19,20,2,34,18,54
1213,2026-06-20,20,2,29,18,54
1214,2026-06-21,20,2,24,18,54
1215,2026-06-22,20,2,19,18,54
1216,2026-06-23,20,2,54,18,54
1217,2026-06-24,20,2,50,18,54
1218,2026-06-25,20,2,46,18,54
1219,2026-06-26,20,2,41,18,54
1220,2026-06-27,20,2,36,18,54
1221,2026-06-28,20,2,32,18,54
1222,2026-06-29,20,2,27,18,54
1223,2026-06-30,20,2,23,18,54
1224,2026-07-01,20,2,20,18,54
1225,2026-07-02,20,2,54,18,54
1226,2026-07-03,20,2,49,18,54
1227,2026-07-04,20,2,44,18,54
1228,2026-07-05,20,2,40,18,54
1229,2026-07-06,20,2,35,18,54
1230,2026-07-07,20,2,31,18,54
1231,2026-07-08,20,2,28,18,54
1232,2026-07-09,20,2,20,18,54
1233,2026-07-10,20,2,54,18,54
1234,2026-07-11,20,2,50,18,54
1235,2026-07-12,20,2,45,18,54
1236,2026-07-13,20,2,39,18,54
1237,2026-07-14,20,2,35,18,54
1238,2026-07-15,20,2,32,18,54
1239,2026-07-16,20,2,27,18,54
1240,2026-07-17,20,2,22,18,54
1241,2026-07-18,20,2,18,18,54
1242,2026-07-19,20,2,54,18,54
1243,2026-07-20,20,2,50,18,54
1244,2026-07-21,20,2,45,18,54
1245,2026-07-22,20,2,41,18,54
1246,2026-07-23,20,2,37,18,54
1247,2026-07-24,20,2,30,18,54
1248,2026-07-25,20,2,27,18,54
1249,2026-07-26,20,2,22,18,54
1250,2026-07-27,20,2,18,18,54
1251,2026-07-28,20,2,54,18,54
1252,2026-07-29,20,2,51,18,54
1253,2026-07-30,20,2,47,18,54
1254,2026-07-31,20,2,42,18,54
1255,2026-08-01,20,2,37,18,54
1256,2026-08-02,20,2,33,18,54
1257,2026-08-03,20,2,28,18,54
1258,2026-08-04,20,2,24,18,54
1259,2026-08-05,20,2,18,18,54
1260,2026-08-06,20,2,54,18,54
1261,2026-05-29,20,3,62,22,66
1262,2026-05-30,20,3,56,22,66
1263,2026-05-31,20,3,51,22,66
1264,2026-06-01,20,3,46,22,66
1265,2026-06-02,20,3,41,22,66
1266,2026-06-03,20,3,33,22,66
1267,2026-06-04,20,3,29,22,66
1268,2026-06-05,20,3,24,22,66
1269,2026-06-06,20,3,66,22,66
1270,2026-06-07,20,3,60,22,66
1271,2026-06-08,20,3,53,22,66
1272,2026-06-09,20,3,46,22,66
1273,2026-06-10,20,3,40,22,66
1274,2026-06-11,20,3,35,22,66
1275,2026-06-12,20,3,30,22,66
1276,2026-06-13,20,3,25,22,66
1277,2026-06-14,20,3,66,22,66
1278,2026-06-15,20,3,61,22,66
1279,2026-06-16,20,3,55,22,66
1280,2026-06-17,20,3,49,22,66
1281,2026-06-18,20,3,43,22,66
1282,2026-06-19,20,3,36,22,66
1283,2026-06-20,20,3,31,22,66
1284,2026-06-21,20,3,25,22,66
1285,2026-06-22,20,3,66,22,66
1286,2026-06-23,20,3,60,22,66
1287,2026-06-24,20,3,55,22,66
1288,2026-06-25,20,3,49,22,66
1289,2026-06-26,20,3,44,22,66
1290,2026-06-27,20,3,39,22,66
1291,2026-06-28,20,3,32,22,66
1292,2026-06-29,20,3,25,22,66
1293,2026-06-30,20,3,66,22,66
1294,2026-07-01,20,3,61,22,66
1295,2026-07-02,20,3,56,22,66
1296,2026-07-03,20,3,51,22,66
1297,2026-07-04,20,3,45,22,66
1298,2026-07-05,20,3,39,22,66
1299,2026-07-06,20,3,33,22,66
1300,2026-07-07,20,3,27,22,66
1301,2026-07-08,20,3,24,22,66
1302,2026-07-09,20,3,66,22,66
1303,2026-07-10,20,3,61,22,66
1304,2026-07-11,20,3,55,22,66
1305,2026-07-12,20,3,51,22,66
1306,2026-07-13,20,3,47,22,66
1307,2026-07-14,20,3,42,22,66
1308,2026-07-15,20,3,37,22,66
1309,2026-07-16,20,3,32,22,66
1310,2026-07-17,20,3,27,22,66
1311,2026-07-18,20,3,66,22,66
1312,2026-07-19,20,3,61,22,66
1313,2026-07-20,20,3,57,22,66
1314,2026-07-21,20,3,52,22,66
1315,2026-07-22,20,3,46,22,66
1316,2026-07-23,20,3,41,22,66
1317,2026-07-24,20,3,37,22,66
1318,2026-07-25,20,3,30,22,66
1319,2026-07-26,20,3,24,22,66
1320,2026-07-27,20,3,66,22,66
1321,2026-07-28,20,3,60,22,66
1322,2026-07-29,20,3,54,22,66
1323,2026-07-30,20,3,49,22,66
1324,2026-07-31,20,3,44,22,66
1325,2026-08-01,20,3,37,22,66
1326,2026-08-02,20,3,31,22,66
1327,2026-08-03,20,3,26,22,66
1328,2026-08-04,20,3,66,22,66
1329,2026-08-05,20,3,62,22,66
1330,2026-08-06,20,3,57,22,66
1331,2026-05-29,20,4,182,66,198
1332,2026-05-30,20,4,161,66,198
1333,2026-05-31,20,4,138,66,198
1334,2026-06-01,20,4,122,66,198
1335,2026-06-02,20,4,110,66,198
1336,2026-06-03,20,4,92,66,198
1337,2026-06-04,20,4,76,66,198
1338,2026-06-05,20,4,198,66,198
1339,2026-06-06,20,4,170,66,198
1340,2026-06-07,20,4,138,66,198
1341,2026-06-08,20,4,122,66,198
1342,2026-06-09,20,4,107,66,198
1343,2026-06-10,20,4,91,66,198
1344,2026-06-11,20,4,68,66,198
1345,2026-06-12,20,4,198,66,198
1346,2026-06-13,20,4,179,66,198
1347,2026-06-14,20,4,158,66,198
1348,2026-06-15,20,4,142,66,198
1349,2026-06-16,20,4,130,66,198
1350,2026-06-17,20,4,113,66,198
1351,2026-06-18,20,4,93,66,198
1352,2026-06-19,20,4,74,66,198
1353,2026-06-20,20,4,198,66,198
1354,2026-06-21,20,4,176,66,198
1355,2026-06-22,20,4,163,66,198
1356,2026-06-23,20,4,146,66,198
1357,2026-06-24,20,4,127,66,198
1358,2026-06-25,20,4,114,66,198
1359,2026-06-26,20,4,100,66,198
1360,2026-06-27,20,4,76,66,198
1361,2026-06-28,20,4,198,66,198
1362,2026-06-29,20,4,180,66,198
1363,2026-06-30,20,4,162,66,198
1364,2026-07-01,20,4,147,66,198
1365,2026-07-02,20,4,129,66,198
1366,2026-07-03,20,4,113,66,198
1367,2026-07-04,20,4,88,66,198
1368,2026-07-05,20,4,69,66,198
1369,2026-07-06,20,4,198,66,198
1370,2026-07-07,20,4,177,66,198
1371,2026-07-08,20,4,165,66,198
1372,2026-07-09,20,4,148,66,198
1373,2026-07-10,20,4,129,66,198
1374,2026-07-11,20,4,98,66,198
1375,2026-07-12,20,4,71,66,198
1376,2026-07-13,20,4,198,66,198
1377,2026-07-14,20,4,178,66,198
1378,2026-07-15,20,4,167,66,198
1379,2026-07-16,20,4,154,66,198
1380,2026-07-17,20,4,143,66,198
1381,2026-07-18,20,4,124,66,198
1382,2026-07-19,20,4,102,66,198
1383,2026-07-20,20,4,80,66,198
1384,2026-07-21,20,4,198,66,198
1385,2026-07-22,20,4,178,66,198
1386,2026-07-23,20,4,164,66,198
1387,2026-07-24,20,4,146,66,198
1388,2026-07-25,20,4,124,66,198
1389,2026-07-26,20,4,101,66,198
1390,2026-07-27,20,4,86,66,198
1391,2026-07-28,20,4,67,66,198
1392,2026-07-29,20,4,198,66,198
1393,2026-07-30,20,4,180,66,198
1394,2026-07-31,20,4,168,66,198
1395,2026-08-01,20,4,146,66,198
1396,2026-08-02,20,4,122,66,198
1397,2026-08-03,20,4,107,66,198
1398,2026-08-04,20,4,91,66,198
1399,2026-08-05,20,4,78,66,198
1400,2026-08-06,20,4,198,66,198
1401,2026-05-29,20,5,72,26,78
1402,2026-05-30,20,5,62,26,78
1403,2026-05-31,20,5,54,26,78
1404,2026-06-01,20,5,50,26,78
1405,2026-06-02,20,5,43,26,78
1406,2026-06-03,20,5,37,26,78
1407,2026-06-04,20,5,31,26,78
1408,2026-06-05,20,5,78,26,78
1409,2026-06-06,20,5,69,26,78
1410,2026-06-07,20,5,60,26,78
1411,2026-06-08,20,5,53,26,78
1412,2026-06-09,20,5,47,26,78
1413,2026-06-10,20,5,40,26,78
1414,2026-06-11,20,5,33,26,78
1415,2026-06-12,20,5,78,26,78
1416,2026-06-13,20,5,67,26,78
1417,2026-06-14,20,5,60,26,78
1418,2026-06-15,20,5,55,26,78
1419,2026-06-16,20,5,48,26,78
1420,2026-06-17,20,5,41,26,78
1421,2026-06-18,20,5,32,26,78
1422,2026-06-19,20,5,78,26,78
1423,2026-06-20,20,5,67,26,78
1424,2026-06-21,20,5,58,26,78
1425,2026-06-22,20,5,51,26,78
1426,2026-06-23,20,5,46,26,78
1427,2026-06-24,20,5,39,26,78
1428,2026-06-25,20,5,32,26,78
1429,2026-06-26,20,5,78,26,78
1430,2026-06-27,20,5,69,26,78
1431,2026-06-28,20,5,61,26,78
1432,2026-06-29,20,5,53,26,78
1433,2026-06-30,20,5,47,26,78
1434,2026-07-01,20,5,40,26,78
1435,2026-07-02,20,5,35,26,78
1436,2026-07-03,20,5,29,26,78
1437,2026-07-04,20,5,78,26,78
1438,2026-07-05,20,5,69,26,78
1439,2026-07-06,20,5,65,26,78
1440,2026-07-07,20,5,58,26,78
1441,2026-07-08,20,5,51,26,78
1442,2026-07-09,20,5,43,26,78
1443,2026-07-10,20,5,36,26,78
1444,2026-07-11,20,5,28,26,78
1445,2026-07-12,20,5,78,26,78
1446,2026-07-13,20,5,77,26,78
1447,2026-07-14,20,5,71,26,78
1448,2026-07-15,20,5,65,26,78
1449,2026-07-16,20,5,54,26,78
1450,2026-07-17,20,5,46,26,78
1451,2026-07-18,20,5,37,26,78
1452,2026-07-19,20,5,30,26,78
1453,2026-07-20,20,5,78,26,78
1454,2026-07-21,20,5,70,26,78
1455,2026-07-22,20,5,63,26,78
1456,2026-07-23,20,5,57,26,78
1457,2026-07-24,20,5,52,26,78
1458,2026-07-25,20,5,44,26,78
1459,2026-07-26,20,5,34,26,78
1460,2026-07-27,20,5,28,26,78
1461,2026-07-28,20,5,78,26,78
1462,2026-07-29,20,5,71,26,78
1463,2026-07-30,20,5,61,26,78
1464,2026-07-31,20,5,54,26,78
1465,2026-08-01,20,5,46,26,78
1466,2026-08-02,20,5,41,26,78
1467,2026-08-03,20,5,33,26,78
1468,2026-08-04,20,5,26,26,78
1469,2026-08-05,20,5,78,26,78
1470,2026-08-06,20,5,74,26,78
1471,2026-05-29,20,6,119,44,132
1472,2026-05-30,20,6,105,44,132
1473,2026-05-31,20,6,89,44,132
1474,2026-06-01,20,6,77,44,132
1475,2026-06-02,20,6,63,44,132
1476,2026-06-03,20,6,53,44,132
1477,2026-06-04,20,6,44,44,132
1478,2026-06-05,20,6,132,44,132
1479,2026-06-06,20,6,119,44,132
1480,2026-06-07,20,6,105,44,132
1481,2026-06-08,20,6,92,44,132
1482,2026-06-09,20,6,78,44,132
1483,2026-06-10,20,6,72,44,132
1484,2026-06-11,20,6,57,44,132
1485,2026-06-12,20,6,50,44,132
1486,2026-06-13,20,6,132,44,132
1487,2026-06-14,20,6,124,44,132
1488,2026-06-15,20,6,115,44,132
1489,2026-06-16,20,6,104,44,132
1490,2026-06-17,20,6,87,44,132
1491,2026-06-18,20,6,73,44,132
1492,2026-06-19,20,6,60,44,132
1493,2026-06-20,20,6,47,44,132
1494,2026-06-21,20,6,132,44,132
1495,2026-06-22,20,6,121,44,132
1496,2026-06-23,20,6,109,44,132
1497,2026-06-24,20,6,99,44,132
1498,2026-06-25,20,6,94,44,132
1499,2026-06-26,20,6,85,44,132
1500,2026-06-27,20,6,68,44,132
1501,2026-06-28,20,6,50,44,132
1502,2026-06-29,20,6,132,44,132
1503,2026-06-30,20,6,117,44,132
1504,2026-07-01,20,6,104,44,132
1505,2026-07-02,20,6,92,44,132
1506,2026-07-03,20,6,81,44,132
1507,2026-07-04,20,6,67,44,132
1508,2026-07-05,20,6,56,44,132
1509,2026-07-06,20,6,48,44,132
1510,2026-07-07,20,6,132,44,132
1511,2026-07-08,20,6,120,44,132
1512,2026-07-09,20,6,109,44,132
1513,2026-07-10,20,6,97,44,132
1514,2026-07-11,20,6,81,44,132
1515,2026-07-12,20,6,67,44,132
1516,2026-07-13,20,6,60,44,132
1517,2026-07-14,20,6,49,44,132
1518,2026-07-15,20,6,132,44,132
1519,2026-07-16,20,6,120,44,132
1520,2026-07-17,20,6,107,44,132
1521,2026-07-18,20,6,94,44,132
1522,2026-07-19,20,6,83,44,132
1523,2026-07-20,20,6,71,44,132
1524,2026-07-21,20,6,58,44,132
1525,2026-07-22,20,6,48,44,132
1526,2026-07-23,20,6,132,44,132
1527,2026-07-24,20,6,119,44,132
1528,2026-07-25,20,6,102,44,132
1529,2026-07-26,20,6,89,44,132
1530,2026-07-27,20,6,76,44,132
1531,2026-07-28,20,6,65,44,132
1532,2026-07-29,20,6,52,44,132
1533,2026-07-30,20,6,132,44,132
1534,2026-07-31,20,6,122,44,132
1535,2026-08-01,20,6,103,44,132
1536,2026-08-02,20,6,89,44,132
1537,2026-08-03,20,6,77,44,132
1538,2026-08-04,20,6,68,44,132
1539,2026-08-05,20,6,61,44,132
1540,2026-08-06,20,6,49,44,132
1541,2026-05-29,20,7,94,35,105
1542,2026-05-30,20,7,87,35,105
1543,2026-05-31,20,7,77,35,105
1544,2026-06-01,20,7,71,35,105
1545,2026-06-02,20,7,62,35,105
1546,2026-06-03,20,7,54,35,105
1547,2026-06-04,20,7,45,35,105
1548,2026-06-05,20,7,37,35,105
1549,2026-06-06,20,7,105,35,105
1550,2026-06-07,20,7,94,35,105
1551,2026-06-08,20,7,85,35,105
1552,2026-06-09,20,7,72,35,105
1553,2026-06-10,20,7,65,35,105
1554,2026-06-11,20,7,55,35,105
1555,2026-06-12,20,7,50,35,105
1556,2026-06-13,20,7,40,35,105
1557,2026-06-14,20,7,105,35,105
1558,2026-06-15,20,7,96,35,105
1559,2026-06-16,20,7,90,35,105
1560,2026-06-17,20,7,83,35,105
1561,2026-06-18,20,7,75,35,105
1562,2026-06-19,20,7,67,35,105
1563,2026-06-20,20,7,59,35,105
1564,2026-06-21,20,7,49,35,105
1565,2026-06-22,20,7,41,35,105
1566,2026-06-23,20,7,105,35,105
1567,2026-06-24,20,7,98,35,105
1568,2026-06-25,20,7,91,35,105
1569,2026-06-26,20,7,83,35,105
1570,2026-06-27,20,7,73,35,105
1571,2026-06-28,20,7,64,35,105
1572,2026-06-29,20,7,55,35,105
1573,2026-06-30,20,7,47,35,105
1574,2026-07-01,20,7,36,35,105
1575,2026-07-02,20,7,105,35,105
1576,2026-07-03,20,7,97,35,105
1577,2026-07-04,20,7,88,35,105
1578,2026-07-05,20,7,80,35,105
1579,2026-07-06,20,7,71,35,105
1580,2026-07-07,20,7,61,35,105
1581,2026-07-08,20,7,52,35,105
1582,2026-07-09,20,7,47,35,105
1583,2026-07-10,20,7,37,35,105
1584,2026-07-11,20,7,105,35,105
1585,2026-07-12,20,7,94,35,105
1586,2026-07-13,20,7,88,35,105
1587,2026-07-14,20,7,78,35,105
1588,2026-07-15,20,7,72,35,105
1589,2026-07-16,20,7,61,35,105
1590,2026-07-17,20,7,54,35,105
1591,2026-07-18,20,7,48,35,105
1592,2026-07-19,20,7,39,35,105
1593,2026-07-20,20,7,105,35,105
1594,2026-07-21,20,7,95,35,105
1595,2026-07-22,20,7,88,35,105
1596,2026-07-23,20,7,80,35,105
1597,2026-07-24,20,7,71,35,105
1598,2026-07-25,20,7,65,35,105
1599,2026-07-26,20,7,55,35,105
1600,2026-07-27,20,7,44,35,105
1601,2026-07-28,20,7,37,35,105
1602,2026-07-29,20,7,105,35,105
1603,2026-07-30,20,7,93,35,105
1604,2026-07-31,20,7,84,35,105
1605,2026-08-01,20,7,73,35,105
1606,2026-08-02,20,7,66,35,105
1607,2026-08-03,20,7,57,35,105
1608,2026-08-04,20,7,45,35,105
1609,2026-08-05,20,7,37,35,105
1610,2026-08-06,20,7,105,35,105
1611,2026-05-29,20,8,61,22,66
1612,2026-05-30,20,8,54,22,66
1613,2026-05-31,20,8,49,22,66
1614,2026-06-01,20,8,43,22,66
1615,2026-06-02,20,8,37,22,66
1616,2026-06-03,20,8,32,22,66
1617,2026-06-04,20,8,27,22,66
1618,2026-06-05,20,8,66,22,66
1619,2026-06-06,20,8,62,22,66
1620,2026-06-07,20,8,58,22,66
1621,2026-06-08,20,8,52,22,66
1622,2026-06-09,20,8,47,22,66
1623,2026-06-10,20,8,40,22,66
1624,2026-06-11,20,8,36,22,66
1625,2026-06-12,20,8,31,22,66
1626,2026-06-13,20,8,27,22,66
1627,2026-06-14,20,8,66,22,66
1628,2026-06-15,20,8,61,22,66
1629,2026-06-16,20,8,54,22,66
1630,2026-06-17,20,8,48,22,66
1631,2026-06-18,20,8,43,22,66
1632,2026-06-19,20,8,38,22,66
1633,2026-06-20,20,8,31,22,66
1634,2026-06-21,20,8,26,22,66
1635,2026-06-22,20,8,66,22,66
1636,2026-06-23,20,8,62,22,66
1637,2026-06-24,20,8,56,22,66
1638,2026-06-25,20,8,50,22,66
1639,2026-06-26,20,8,44,22,66
1640,2026-06-27,20,8,37,22,66
1641,2026-06-28,20,8,33,22,66
1642,2026-06-29,20,8,26,22,66
1643,2026-06-30,20,8,66,22,66
1644,2026-07-01,20,8,60,22,66
1645,2026-07-02,20,8,57,22,66
1646,2026-07-03,20,8,51,22,66
1647,2026-07-04,20,8,43,22,66
1648,2026-07-05,20,8,37,22,66
1649,2026-07-06,20,8,32,22,66
1650,2026-07-07,20,8,26,22,66
1651,2026-07-08,20,8,66,22,66
1652,2026-07-09,20,8,60,22,66
1653,2026-07-10,20,8,53,22,66
1654,2026-07-11,20,8,48,22,66
1655,2026-07-12,20,8,42,22,66
1656,2026-07-13,20,8,38,22,66
1657,2026-07-14,20,8,33,22,66
1658,2026-07-15,20,8,28,22,66
1659,2026-07-16,20,8,22,22,66
1660,2026-07-17,20,8,66,22,66
1661,2026-07-18,20,8,59,22,66
1662,2026-07-19,20,8,53,22,66
1663,2026-07-20,20,8,46,22,66
1664,2026-07-21,20,8,41,22,66
1665,2026-07-22,20,8,36,22,66
1666,2026-07-23,20,8,30,22,66
1667,2026-07-24,20,8,24,22,66
1668,2026-07-25,20,8,66,22,66
1669,2026-07-26,20,8,61,22,66
1670,2026-07-27,20,8,56,22,66
1671,2026-07-28,20,8,51,22,66
1672,2026-07-29,20,8,46,22,66
1673,2026-07-30,20,8,41,22,66
1674,2026-07-31,20,8,34,22,66
1675,2026-08-01,20,8,26,22,66
1676,2026-08-02,20,8,23,22,66
1677,2026-08-03,20,8,66,22,66
1678,2026-08-04,20,8,60,22,66
1679,2026-08-05,20,8,55,22,66
1680,2026-08-06,20,8,49,22,66
1681,2026-05-29,20,9,36,13,39
1682,2026-05-30,20,9,34,13,39
1683,2026-05-31,20,9,31,13,39
1684,2026-06-01,20,9,28,13,39
1685,2026-06-02,20,9,25,13,39
1686,2026-06-03,20,9,22,13,39
1687,2026-06-04,20,9,19,13,39
1688,2026-06-05,20,9,16,13,39
1689,2026-06-06,20,9,13,13,39
1690,2026-06-07,20,9,39,13,39
1691,2026-06-08,20,9,36,13,39
1692,2026-06-09,20,9,34,13,39
1693,2026-06-10,20,9,31,13,39
1694,2026-06-11,20,9,28,13,39
1695,2026-06-12,20,9,25,13,39
1696,2026-06-13,20,9,22,13,39
1697,2026-06-14,20,9,18,13,39
1698,2026-06-15,20,9,14,13,39
1699,2026-06-16,20,9,39,13,39
1700,2026-06-17,20,9,35,13,39
1701,2026-06-18,20,9,32,13,39
1702,2026-06-19,20,9,29,13,39
1703,2026-06-20,20,9,25,13,39
1704,2026-06-21,20,9,22,13,39
1705,2026-06-22,20,9,18,13,39
1706,2026-06-23,20,9,15,13,39
1707,2026-06-24,20,9,39,13,39
1708,2026-06-25,20,9,35,13,39
1709,2026-06-26,20,9,32,13,39
1710,2026-06-27,20,9,28,13,39
1711,2026-06-28,20,9,25,13,39
1712,2026-06-29,20,9,22,13,39
1713,2026-06-30,20,9,19,13,39
1714,2026-07-01,20,9,15,13,39
1715,2026-07-02,20,9,39,13,39
1716,2026-07-03,20,9,35,13,39
1717,2026-07-04,20,9,32,13,39
1718,2026-07-05,20,9,29,13,39
1719,2026-07-06,20,9,27,13,39
1720,2026-07-07,20,9,25,13,39
1721,2026-07-08,20,9,21,13,39
1722,2026-07-09,20,9,17,13,39
1723,2026-07-10,20,9,15,13,39
1724,2026-07-11,20,9,39,13,39
1725,2026-07-12,20,9,36,13,39
1726,2026-07-13,20,9,33,13,39
1727,2026-07-14,20,9,29,13,39
1728,2026-07-15,20,9,26,13,39
1729,2026-07-16,20,9,22,13,39
1730,2026-07-17,20,9,20,13,39
1731,2026-07-18,20,9,17,13,39
1732,2026-07-19,20,9,14,13,39
1733,2026-07-20,20,9,39,13,39
1734,2026-07-21,20,9,36,13,39
1735,2026-07-22,20,9,33,13,39
1736,2026-07-23,20,9,30,13,39
1737,2026-07-24,20,9,27,13,39
1738,2026-07-25,20,9,25,13,39
1739,2026-07-26,20,9,23,13,39
1740,2026-07-27,20,9,20,13,39
1741,2026-07-28,20,9,18,13,39
1742,2026-07-29,20,9,15,13,39
1743,2026-07-30,20,9,39,13,39
1744,2026-07-31,20,9,35,13,39
1745,2026-08-01,20,9,31,13,39
1746,2026-08-02,20,9,28,13,39
1747,2026-08-03,20,9,25,13,39
1748,2026-08-04,20,9,22,13,39
1749,2026-08-05,20,9,19,13,39
1750,2026-08-06,20,9,16,13,39
1751,2026-05-29,20,10,49,18,54
1752,2026-05-30,20,10,45,18,54
1753,2026-05-31,20,10,41,18,54
1754,2026-06-01,20,10,36,18,54
1755,2026-06-02,20,10,33,18,54
1756,2026-06-03,20,10,28,18,54
1757,2026-06-04,20,10,25,18,54
1758,2026-06-05,20,10,21,18,54
1759,2026-06-06,20,10,54,18,54
1760,2026-06-07,20,10,50,18,54
1761,2026-06-08,20,10,46,18,54
1762,2026-06-09,20,10,42,18,54
1763,2026-06-10,20,10,39,18,54
1764,2026-06-11,20,10,36,18,54
1765,2026-06-12,20,10,31,18,54
1766,2026-06-13,20,10,26,18,54
1767,2026-06-14,20,10,23,18,54
1768,2026-06-15,20,10,18,18,54
1769,2026-06-16,20,10,54,18,54
1770,2026-06-17,20,10,50,18,54
1771,2026-06-18,20,10,45,18,54
1772,2026-06-19,20,10,41,18,54
1773,2026-06-20,20,10,36,18,54
1774,2026-06-21,20,10,31,18,54
1775,2026-06-22,20,10,27,18,54
1776,2026-06-23,20,10,23,18,54
1777,2026-06-24,20,10,18,18,54
1778,2026-06-25,20,10,54,18,54
1779,2026-06-26,20,10,50,18,54
1780,2026-06-27,20,10,46,18,54
1781,2026-06-28,20,10,41,18,54
1782,2026-06-29,20,10,38,18,54
1783,2026-06-30,20,10,35,18,54
1784,2026-07-01,20,10,32,18,54
1785,2026-07-02,20,10,28,18,54
1786,2026-07-03,20,10,24,18,54
1787,2026-07-04,20,10,21,18,54
1788,2026-07-05,20,10,54,18,54
1789,2026-07-06,20,10,51,18,54
1790,2026-07-07,20,10,47,18,54
1791,2026-07-08,20,10,44,18,54
1792,2026-07-09,20,10,41,18,54
1793,2026-07-10,20,10,35,18,54
1794,2026-07-11,20,10,31,18,54
1795,2026-07-12,20,10,24,18,54
1796,2026-07-13,20,10,20,18,54
1797,2026-07-14,20,10,54,18,54
1798,2026-07-15,20,10,49,18,54
1799,2026-07-16,20,10,45,18,54
1800,2026-07-17,20,10,42,18,54
1801,2026-07-18,20,10,38,18,54
1802,2026-07-19,20,10,34,18,54
1803,2026-07-20,20,10,30,18,54
1804,2026-07-21,20,10,25,18,54
1805,2026-07-22,20,10,20,18,54
1806,2026-07-23,20,10,54,18,54
1807,2026-07-24,20,10,49,18,54
1808,2026-07-25,20,10,44,18,54
1809,2026-07-26,20,10,40,18,54
1810,2026-07-27,20,10,36,18,54
1811,2026-07-28,20,10,32,18,54
1812,2026-07-29,20,10,26,18,54
1813,2026-07-30,20,10,21,18,54
1814,2026-07-31,20,10,54,18,54
1815,2026-08-01,20,10,50,18,54
1816,2026-08-02,20,10,46,18,54
1817,2026-08-03,20,10,41,18,54
1818,2026-08-04,20,10,38,18,54
1819,2026-08-05,20,10,32,18,54
1820,2026-08-06,20,10,27,18,54
1821,2026-05-29,20,11,72,26,78
1822,2026-05-30,20,11,68,26,78
1823,2026-05-31,20,11,61,26,78
1824,2026-06-01,20,11,52,26,78
1825,2026-06-02,20,11,47,26,78
1826,2026-06-03,20,11,43,26,78
1827,2026-06-04,20,11,35,26,78
1828,2026-06-05,20,11,29,26,78
1829,2026-06-06,20,11,78,26,78
1830,2026-06-07,20,11,70,26,78
1831,2026-06-08,20,11,62,26,78
1832,2026-06-09,20,11,58,26,78
1833,2026-06-10,20,11,51,26,78
1834,2026-06-11,20,11,46,26,78
1835,2026-06-12,20,11,38,26,78
1836,2026-06-13,20,11,32,26,78
1837,2026-06-14,20,11,78,26,78
1838,2026-06-15,20,11,71,26,78
1839,2026-06-16,20,11,66,26,78
1840,2026-06-17,20,11,59,26,78
1841,2026-06-18,20,11,52,26,78
1842,2026-06-19,20,11,44,26,78
1843,2026-06-20,20,11,37,26,78
1844,2026-06-21,20,11,29,26,78
1845,2026-06-22,20,11,78,26,78
1846,2026-06-23,20,11,73,26,78
1847,2026-06-24,20,11,68,26,78
1848,2026-06-25,20,11,60,26,78
1849,2026-06-26,20,11,53,26,78
1850,2026-06-27,20,11,46,26,78
1851,2026-06-28,20,11,40,26,78
1852,2026-06-29,20,11,34,26,78
1853,2026-06-30,20,11,28,26,78
1854,2026-07-01,20,11,78,26,78
1855,2026-07-02,20,11,76,26,78
1856,2026-07-03,20,11,70,26,78
1857,2026-07-04,20,11,61,26,78
1858,2026-07-05,20,11,54,26,78
1859,2026-07-06,20,11,49,26,78
1860,2026-07-07,20,11,44,26,78
1861,2026-07-08,20,11,39,26,78
1862,2026-07-09,20,11,30,26,78
1863,2026-07-10,20,11,78,26,78
1864,2026-07-11,20,11,72,26,78
1865,2026-07-12,20,11,67,26,78
1866,2026-07-13,20,11,59,26,78
1867,2026-07-14,20,11,52,26,78
1868,2026-07-15,20,11,46,26,78
1869,2026-07-16,20,11,38,26,78
1870,2026-07-17,20,11,29,26,78
1871,2026-07-18,20,11,78,26,78
1872,2026-07-19,20,11,71,26,78
1873,2026-07-20,20,11,65,26,78
1874,2026-07-21,20,11,58,26,78
1875,2026-07-22,20,11,49,26,78
1876,2026-07-23,20,11,43,26,78
1877,2026-07-24,20,11,36,26,78
1878,2026-07-25,20,11,30,26,78
1879,2026-07-26,20,11,78,26,78
1880,2026-07-27,20,11,71,26,78
1881,2026-07-28,20,11,65,26,78
1882,2026-07-29,20,11,59,26,78
1883,2026-07-30,20,11,53,26,78
1884,2026-07-31,20,11,47,26,78
1885,2026-08-01,20,11,42,26,78
1886,2026-08-02,20,11,36,26,78
1887,2026-08-03,20,11,31,26,78
1888,2026-08-04,20,11,78,26,78
1889,2026-08-05,20,11,70,26,78
1890,2026-08-06,20,11,62,26,78
1891,2026-05-29,20,12,60,22,66
1892,2026-05-30,20,12,56,22,66
1893,2026-05-31,20,12,52,22,66
1894,2026-06-01,20,12,46,22,66
1895,2026-06-02,20,12,40,22,66
1896,2026-06-03,20,12,36,22,66
1897,2026-06-04,20,12,32,22,66
1898,2026-06-05,20,12,29,22,66
1899,2026-06-06,20,12,25,22,66
1900,2026-06-07,20,12,66,22,66
1901,2026-06-08,20,12,60,22,66
1902,2026-06-09,20,12,54,22,66
1903,2026-06-10,20,12,48,22,66
1904,2026-06-11,20,12,43,22,66
1905,2026-06-12,20,12,38,22,66
1906,2026-06-13,20,12,32,22,66
1907,2026-06-14,20,12,26,22,66
1908,2026-06-15,20,12,66,22,66
1909,2026-06-16,20,12,60,22,66
1910,2026-06-17,20,12,53,22,66
1911,2026-06-18,20,12,44,22,66
1912,2026-06-19,20,12,40,22,66
1913,2026-06-20,20,12,35,22,66
1914,2026-06-21,20,12,29,22,66
1915,2026-06-22,20,12,24,22,66
1916,2026-06-23,20,12,66,22,66
1917,2026-06-24,20,12,59,22,66
1918,2026-06-25,20,12,53,22,66
1919,2026-06-26,20,12,49,22,66
1920,2026-06-27,20,12,43,22,66
1921,2026-06-28,20,12,38,22,66
1922,2026-06-29,20,12,33,22,66
1923,2026-06-30,20,12,27,22,66
1924,2026-07-01,20,12,66,22,66
1925,2026-07-02,20,12,62,22,66
1926,2026-07-03,20,12,56,22,66
1927,2026-07-04,20,12,50,22,66
1928,2026-07-05,20,12,45,22,66
1929,2026-07-06,20,12,40,22,66
1930,2026-07-07,20,12,35,22,66
1931,2026-07-08,20,12,29,22,66
1932,2026-07-09,20,12,24,22,66
1933,2026-07-10,20,12,66,22,66
1934,2026-07-11,20,12,61,22,66
1935,2026-07-12,20,12,56,22,66
1936,2026-07-13,20,12,51,22,66
1937,2026-07-14,20,12,48,22,66
1938,2026-07-15,20,12,44,22,66
1939,2026-07-16,20,12,37,22,66
1940,2026-07-17,20,12,32,22,66
1941,2026-07-18,20,12,26,22,66
1942,2026-07-19,20,12,66,22,66
1943,2026-07-20,20,12,62,22,66
1944,2026-07-21,20,12,56,22,66
1945,2026-07-22,20,12,52,22,66
1946,2026-07-23,20,12,48,22,66
1947,2026-07-24,20,12,42,22,66
1948,2026-07-25,20,12,35,22,66
1949,2026-07-26,20,12,28,22,66
1950,2026-07-27,20,12,23,22,66
1951,2026-07-28,20,12,66,22,66
1952,2026-07-29,20,12,60,22,66
1953,2026-07-30,20,12,54,22,66
1954,2026-07-31,20,12,48,22,66
1955,2026-08-01,20,12,42,22,66
1956,2026-08-02,20,12,37,22,66
1957,2026-08-03,20,12,29,22,66
1958,2026-08-04,20,12,23,22,66
1959,2026-08-05,20,12,66,22,66
1960,2026-08-06,20,12,61,22,66
1961,2026-05-29,20,13,36,13,39
1962,2026-05-30,20,13,33,13,39
1963,2026-05-31,20,13,30,13,39
1964,2026-06-01,20,13,28,13,39
1965,2026-06-02,20,13,24,13,39
1966,2026-06-03,20,13,21,13,39
1967,2026-06-04,20,13,18,13,39
1968,2026-06-05,20,13,15,13,39
1969,2026-06-06,20,13,39,13,39
1970,2026-06-07,20,13,35,13,39
1971,2026-06-08,20,13,32,13,39
1972,2026-06-09,20,13,28,13,39
1973,2026-06-10,20,13,24,13,39
1974,2026-06-11,20,13,20,13,39
1975,2026-06-12,20,13,17,13,39
1976,2026-06-13,20,13,14,13,39
1977,2026-06-14,20,13,39,13,39
1978,2026-06-15,20,13,36,13,39
1979,2026-06-16,20,13,32,13,39
1980,2026-06-17,20,13,28,13,39
1981,2026-06-18,20,13,24,13,39
1982,2026-06-19,20,13,21,13,39
1983,2026-06-20,20,13,18,13,39
1984,2026-06-21,20,13,15,13,39
1985,2026-06-22,20,13,39,13,39
1986,2026-06-23,20,13,36,13,39
1987,2026-06-24,20,13,31,13,39
1988,2026-06-25,20,13,28,13,39
1989,2026-06-26,20,13,26,13,39
1990,2026-06-27,20,13,23,13,39
1991,2026-06-28,20,13,20,13,39
1992,2026-06-29,20,13,17,13,39
1993,2026-06-30,20,13,15,13,39
1994,2026-07-01,20,13,39,13,39
1995,2026-07-02,20,13,35,13,39
1996,2026-07-03,20,13,31,13,39
1997,2026-07-04,20,13,28,13,39
1998,2026-07-05,20,13,25,13,39
1999,2026-07-06,20,13,22,13,39
2000,2026-07-07,20,13,19,13,39
2001,2026-07-08,20,13,15,13,39
2002,2026-07-09,20,13,39,13,39
2003,2026-07-10,20,13,35,13,39
2004,2026-07-11,20,13,33,13,39
2005,2026-07-12,20,13,30,13,39
2006,2026-07-13,20,13,27,13,39
2007,2026-07-14,20,13,24,13,39
2008,2026-07-15,20,13,20,13,39
2009,2026-07-16,20,13,18,13,39
2010,2026-07-17,20,13,15,13,39
2011,2026-07-18,20,13,39,13,39
2012,2026-07-19,20,13,35,13,39
2013,2026-07-20,20,13,31,13,39
2014,2026-07-21,20,13,28,13,39
2015,2026-07-22,20,13,24,13,39
2016,2026-07-23,20,13,20,13,39
2017,2026-07-24,20,13,17,13,39
2018,2026-07-25,20,13,14,13,39
2019,2026-07-26,20,13,39,13,39
2020,2026-07-27,20,13,35,13,39
2021,2026-07-28,20,13,32,13,39
2022,2026-07-29,20,13,27,13,39
2023,2026-07-30,20,13,24,13,39
2024,2026-07-31,20,13,20,13,39
2025,2026-08-01,20,13,17,13,39
2026,2026-08-02,20,13,14,13,39
2027,2026-08-03,20,13,39,13,39
2028,2026-08-04,20,13,35,13,39
2029,2026-08-05,20,13,32,13,39
2030,2026-08-06,20,13,30,13,39
2031,2026-05-29,20,14,113,40,120
2032,2026-05-30,20,14,98,40,120
2033,2026-05-31,20,14,87,40,120
2034,2026-06-01,20,14,76,40,120
2035,2026-06-02,20,14,66,40,120
2036,2026-06-03,20,14,57,40,120
2037,2026-06-04,20,14,46,40,120
2038,2026-06-05,20,14,120,40,120
2039,2026-06-06,20,14,105,40,120
2040,2026-06-07,20,14,91,40,120
2041,2026-06-08,20,14,85,40,120
2042,2026-06-09,20,14,71,40,120
2043,2026-06-10,20,14,62,40,120
2044,2026-06-11,20,14,55,40,120
2045,2026-06-12,20,14,46,40,120
2046,2026-06-13,20,14,120,40,120
2047,2026-06-14,20,14,106,40,120
2048,2026-06-15,20,14,98,40,120
2049,2026-06-16,20,14,90,40,120
2050,2026-06-17,20,14,80,40,120
2051,2026-06-18,20,14,70,40,120
2052,2026-06-19,20,14,60,40,120
2053,2026-06-20,20,14,46,40,120
2054,2026-06-21,20,14,120,40,120
2055,2026-06-22,20,14,113,40,120
2056,2026-06-23,20,14,103,40,120
2057,2026-06-24,20,14,94,40,120
2058,2026-06-25,20,14,80,40,120
2059,2026-06-26,20,14,69,40,120
2060,2026-06-27,20,14,56,40,120
2061,2026-06-28,20,14,120,40,120
2062,2026-06-29,20,14,111,40,120
2063,2026-06-30,20,14,100,40,120
2064,2026-07-01,20,14,90,40,120
2065,2026-07-02,20,14,78,40,120
2066,2026-07-03,20,14,73,40,120
2067,2026-07-04,20,14,63,40,120
2068,2026-07-05,20,14,52,40,120
2069,2026-07-06,20,14,42,40,120
2070,2026-07-07,20,14,120,40,120
2071,2026-07-08,20,14,113,40,120
2072,2026-07-09,20,14,102,40,120
2073,2026-07-10,20,14,90,40,120
2074,2026-07-11,20,14,75,40,120
2075,2026-07-12,20,14,61,40,120
2076,2026-07-13,20,14,49,40,120
2077,2026-07-14,20,14,120,40,120
2078,2026-07-15,20,14,110,40,120
2079,2026-07-16,20,14,102,40,120
2080,2026-07-17,20,14,95,40,120
2081,2026-07-18,20,14,84,40,120
2082,2026-07-19,20,14,70,40,120
2083,2026-07-20,20,14,57,40,120
2084,2026-07-21,20,14,48,40,120
2085,2026-07-22,20,14,120,40,120
2086,2026-07-23,20,14,107,40,120
2087,2026-07-24,20,14,97,40,120
2088,2026-07-25,20,14,82,40,120
2089,2026-07-26,20,14,64,40,120
2090,2026-07-27,20,14,51,40,120
2091,2026-07-28,20,14,44,40,120
2092,2026-07-29,20,14,120,40,120
2093,2026-07-30,20,14,113,40,120
2094,2026-07-31,20,14,103,40,120
2095,2026-08-01,20,14,85,40,120
2096,2026-08-02,20,14,75,40,120
2097,2026-08-03,20,14,64,40,120
2098,2026-08-04,20,14,55,40,120
2099,2026-08-05,20,14,42,40,120
2100,2026-08-06,20,14,120,40,120
2101,2026-05-29,20,15,98,35,105
2102,2026-05-30,20,15,86,35,105
2103,2026-05-31,20,15,70,35,105
2104,2026-06-01,20,15,62,35,105
2105,2026-06-02,20,15,52,35,105
2106,2026-06-03,20,15,43,35,105
2107,2026-06-04,20,15,35,35,105
2108,2026-06-05,20,15,105,35,105
2109,2026-06-06,20,15,96,35,105
2110,2026-06-07,20,15,84,35,105
2111,2026-06-08,20,15,75,35,105
2112,2026-06-09,20,15,64,35,105
2113,2026-06-10,20,15,55,35,105
2114,2026-06-11,20,15,45,35,105
2115,2026-06-12,20,15,36,35,105
2116,2026-06-13,20,15,105,35,105
2117,2026-06-14,20,15,95,35,105
2118,2026-06-15,20,15,85,35,105
2119,2026-06-16,20,15,74,35,105
2120,2026-06-17,20,15,63,35,105
2121,2026-06-18,20,15,51,35,105
2122,2026-06-19,20,15,42,35,105
2123,2026-06-20,20,15,105,35,105
2124,2026-06-21,20,15,95,35,105
2125,2026-06-22,20,15,88,35,105
2126,2026-06-23,20,15,78,35,105
2127,2026-06-24,20,15,72,35,105
2128,2026-06-25,20,15,63,35,105
2129,2026-06-26,20,15,56,35,105
2130,2026-06-27,20,15,42,35,105
2131,2026-06-28,20,15,105,35,105
2132,2026-06-29,20,15,96,35,105
2133,2026-06-30,20,15,86,35,105
2134,2026-07-01,20,15,75,35,105
2135,2026-07-02,20,15,66,35,105
2136,2026-07-03,20,15,59,35,105
2137,2026-07-04,20,15,48,35,105
2138,2026-07-05,20,15,41,35,105
2139,2026-07-06,20,15,105,35,105
2140,2026-07-07,20,15,97,35,105
2141,2026-07-08,20,15,89,35,105
2142,2026-07-09,20,15,78,35,105
2143,2026-07-10,20,15,68,35,105
2144,2026-07-11,20,15,56,35,105
2145,2026-07-12,20,15,45,35,105
2146,2026-07-13,20,15,35,35,105
2147,2026-07-14,20,15,105,35,105
2148,2026-07-15,20,15,95,35,105
2149,2026-07-16,20,15,84,35,105
2150,2026-07-17,20,15,76,35,105
2151,2026-07-18,20,15,65,35,105
2152,2026-07-19,20,15,57,35,105
2153,2026-07-20,20,15,47,35,105
2154,2026-07-21,20,15,38,35,105
2155,2026-07-22,20,15,105,35,105
2156,2026-07-23,20,15,98,35,105
2157,2026-07-24,20,15,89,35,105
2158,2026-07-25,20,15,78,35,105
2159,2026-07-26,20,15,69,35,105
2160,2026-07-27,20,15,63,35,105
2161,2026-07-28,20,15,55,35,105
2162,2026-07-29,20,15,44,35,105
2163,2026-07-30,20,15,105,35,105
2164,2026-07-31,20,15,96,35,105
2165,2026-08-01,20,15,91,35,105
2166,2026-08-02,20,15,78,35,105
2167,2026-08-03,20,15,74,35,105
2168,2026-08-04,20,15,64,35,105
2169,2026-08-05,20,15,57,35,105
2170,2026-08-06,20,15,50,35,105
2171,2026-05-29,20,16,87,31,93
2172,2026-05-30,20,16,77,31,93
2173,2026-05-31,20,16,70,31,93
2174,2026-06-01,20,16,63,31,93
2175,2026-06-02,20,16,55,31,93
2176,2026-06-03,20,16,46,31,93
2177,2026-06-04,20,16,37,31,93
2178,2026-06-05,20,16,93,31,93
2179,2026-06-06,20,16,78,31,93
2180,2026-06-07,20,16,70,31,93
2181,2026-06-08,20,16,63,31,93
2182,2026-06-09,20,16,55,31,93
2183,2026-06-10,20,16,48,31,93
2184,2026-06-11,20,16,39,31,93
2185,2026-06-12,20,16,93,31,93
2186,2026-06-13,20,16,80,31,93
2187,2026-06-14,20,16,70,31,93
2188,2026-06-15,20,16,61,31,93
2189,2026-06-16,20,16,51,31,93
2190,2026-06-17,20,16,45,31,93
2191,2026-06-18,20,16,37,31,93
2192,2026-06-19,20,16,32,31,93
2193,2026-06-20,20,16,93,31,93
2194,2026-06-21,20,16,81,31,93
2195,2026-06-22,20,16,74,31,93
2196,2026-06-23,20,16,64,31,93
2197,2026-06-24,20,16,54,31,93
2198,2026-06-25,20,16,46,31,93
2199,2026-06-26,20,16,39,31,93
2200,2026-06-27,20,16,93,31,93
2201,2026-06-28,20,16,81,31,93
2202,2026-06-29,20,16,72,31,93
2203,2026-06-30,20,16,63,31,93
2204,2026-07-01,20,16,60,31,93
2205,2026-07-02,20,16,54,31,93
2206,2026-07-03,20,16,44,31,93
2207,2026-07-04,20,16,33,31,93
2208,2026-07-05,20,16,93,31,93
2209,2026-07-06,20,16,84,31,93
2210,2026-07-07,20,16,79,31,93
2211,2026-07-08,20,16,71,31,93
2212,2026-07-09,20,16,64,31,93
2213,2026-07-10,20,16,56,31,93
2214,2026-07-11,20,16,46,31,93
2215,2026-07-12,20,16,41,31,93
2216,2026-07-13,20,16,34,31,93
2217,2026-07-14,20,16,93,31,93
2218,2026-07-15,20,16,84,31,93
2219,2026-07-16,20,16,75,31,93
2220,2026-07-17,20,16,68,31,93
2221,2026-07-18,20,16,56,31,93
2222,2026-07-19,20,16,41,31,93
2223,2026-07-20,20,16,32,31,93
2224,2026-07-21,20,16,93,31,93
2225,2026-07-22,20,16,85,31,93
2226,2026-07-23,20,16,77,31,93
2227,2026-07-24,20,16,67,31,93
2228,2026-07-25,20,16,56,31,93
2229,2026-07-26,20,16,46,31,93
2230,2026-07-27,20,16,38,31,93
2231,2026-07-28,20,16,33,31,93
2232,2026-07-29,20,16,93,31,93
2233,2026-07-30,20,16,83,31,93
2234,2026-07-31,20,16,74,31,93
2235,2026-08-01,20,16,63,31,93
2236,2026-08-02,20,16,52,31,93
2237,2026-08-03,20,16,44,31,93
2238,2026-08-04,20,16,39,31,93
2239,2026-08-05,20,16,32,31,93
2240,2026-08-06,20,16,93,31,93
2241,2026-05-29,30,1,78,28,84
2242,2026-05-30,30,1,71,28,84
2243,2026-05-31,30,1,64,28,84
2244,2026-06-01,30,1,56,28,84
2245,2026-06-02,30,1,49,28,84
2246,2026-06-03,30,1,39,28,84
2247,2026-06-04,30,1,31,28,84
2248,2026-06-05,30,1,84,28,84
2249,2026-06-06,30,1,77,28,84
2250,2026-06-07,30,1,70,28,84
2251,2026-06-08,30,1,63,28,84
2252,2026-06-09,30,1,56,28,84
2253,2026-06-10,30,1,49,28,84
2254,2026-06-11,30,1,40,28,84
2255,2026-06-12,30,1,34,28,84
2256,2026-06-13,30,1,84,28,84
2257,2026-06-14,30,1,78,28,84
2258,2026-06-15,30,1,72,28,84
2259,2026-06-16,30,1,66,28,84
2260,2026-06-17,30,1,59,28,84
2261,2026-06-18,30,1,51,28,84
2262,2026-06-19,30,1,45,28,84
2263,2026-06-20,30,1,40,28,84
2264,2026-06-21,30,1,34,28,84
2265,2026-06-22,30,1,84,28,84
2266,2026-06-23,30,1,78,28,84
2267,2026-06-24,30,1,68,28,84
2268,2026-06-25,30,1,60,28,84
2269,2026-06-26,30,1,53,28,84
2270,2026-06-27,30,1,46,28,84
2271,2026-06-28,30,1,42,28,84
2272,2026-06-29,30,1,36,28,84
2273,2026-06-30,30,1,30,28,84
2274,2026-07-01,30,1,84,28,84
2275,2026-07-02,30,1,76,28,84
2276,2026-07-03,30,1,68,28,84
2277,2026-07-04,30,1,59,28,84
2278,2026-07-05,30,1,51,28,84
2279,2026-07-06,30,1,45,28,84
2280,2026-07-07,30,1,38,28,84
2281,2026-07-08,30,1,31,28,84
2282,2026-07-09,30,1,84,28,84
2283,2026-07-10,30,1,78,28,84
2284,2026-07-11,30,1,70,28,84
2285,2026-07-12,30,1,63,28,84
2286,2026-07-13,30,1,55,28,84
2287,2026-07-14,30,1,45,28,84
2288,2026-07-15,30,1,34,28,84
2289,2026-07-16,30,1,29,28,84
2290,2026-07-17,30,1,84,28,84
2291,2026-07-18,30,1,77,28,84
2292,2026-07-19,30,1,71,28,84
2293,2026-07-20,30,1,65,28,84
2294,2026-07-21,30,1,58,28,84
2295,2026-07-22,30,1,51,28,84
2296,2026-07-23,30,1,40,28,84
2297,2026-07-24,30,1,34,28,84
2298,2026-07-25,30,1,31,28,84
2299,2026-07-26,30,1,84,28,84
2300,2026-07-27,30,1,77,28,84
2301,2026-07-28,30,1,70,28,84
2302,2026-07-29,30,1,63,28,84
2303,2026-07-30,30,1,56,28,84
2304,2026-07-31,30,1,47,28,84
2305,2026-08-01,30,1,40,28,84
2306,2026-08-02,30,1,33,28,84
2307,2026-08-03,30,1,84,28,84
2308,2026-08-04,30,1,76,28,84
2309,2026-08-05,30,1,68,28,84
2310,2026-08-06,30,1,60,28,84
2311,2026-05-29,30,2,44,16,48
2312,2026-05-30,30,2,41,16,48
2313,2026-05-31,30,2,37,16,48
2314,2026-06-01,30,2,34,16,48
2315,2026-06-02,30,2,30,16,48
2316,2026-06-03,30,2,25,16,48
2317,2026-06-04,30,2,20,16,48
2318,2026-06-05,30,2,16,16,48
2319,2026-06-06,30,2,48,16,48
2320,2026-06-07,30,2,43,16,48
2321,2026-06-08,30,2,40,16,48
2322,2026-06-09,30,2,37,16,48
2323,2026-06-10,30,2,34,16,48
2324,2026-06-11,30,2,30,16,48
2325,2026-06-12,30,2,25,16,48
2326,2026-06-13,30,2,20,16,48
2327,2026-06-14,30,2,16,16,48
2328,2026-06-15,30,2,48,16,48
2329,2026-06-16,30,2,45,16,48
2330,2026-06-17,30,2,41,16,48
2331,2026-06-18,30,2,37,16,48
2332,2026-06-19,30,2,33,16,48
2333,2026-06-20,30,2,29,16,48
2334,2026-06-21,30,2,25,16,48
2335,2026-06-22,30,2,21,16,48
2336,2026-06-23,30,2,17,16,48
2337,2026-06-24,30,2,48,16,48
2338,2026-06-25,30,2,44,16,48
2339,2026-06-26,30,2,40,16,48
2340,2026-06-27,30,2,36,16,48
2341,2026-06-28,30,2,32,16,48
2342,2026-06-29,30,2,28,16,48
2343,2026-06-30,30,2,24,16,48
2344,2026-07-01,30,2,19,16,48
2345,2026-07-02,30,2,16,16,48
2346,2026-07-03,30,2,48,16,48
2347,2026-07-04,30,2,44,16,48
2348,2026-07-05,30,2,40,16,48
2349,2026-07-06,30,2,36,16,48
2350,2026-07-07,30,2,31,16,48
2351,2026-07-08,30,2,27,16,48
2352,2026-07-09,30,2,23,16,48
2353,2026-07-10,30,2,18,16,48
2354,2026-07-11,30,2,48,16,48
2355,2026-07-12,30,2,43,16,48
2356,2026-07-13,30,2,38,16,48
2357,2026-07-14,30,2,35,16,48
2358,2026-07-15,30,2,31,16,48
2359,2026-07-16,30,2,28,16,48
2360,2026-07-17,30,2,24,16,48
2361,2026-07-18,30,2,19,16,48
2362,2026-07-19,30,2,48,16,48
2363,2026-07-20,30,2,44,16,48
2364,2026-07-21,30,2,39,16,48
2365,2026-07-22,30,2,34,16,48
2366,2026-07-23,30,2,30,16,48
2367,2026-07-24,30,2,26,16,48
2368,2026-07-25,30,2,20,16,48
2369,2026-07-26,30,2,48,16,48
2370,2026-07-27,30,2,44,16,48
2371,2026-07-28,30,2,42,16,48
2372,2026-07-29,30,2,37,16,48
2373,2026-07-30,30,2,32,16,48
2374,2026-07-31,30,2,29,16,48
2375,2026-08-01,30,2,27,16,48
2376,2026-08-02,30,2,23,16,48
2377,2026-08-03,30,2,20,16,48
2378,2026-08-04,30,2,16,16,48
2379,2026-08-05,30,2,48,16,48
2380,2026-08-06,30,2,43,16,48
2381,2026-05-29,30,3,54,20,60
2382,2026-05-30,30,3,49,20,60
2383,2026-05-31,30,3,42,20,60
2384,2026-06-01,30,3,38,20,60
2385,2026-06-02,30,3,34,20,60
2386,2026-06-03,30,3,29,20,60
2387,2026-06-04,30,3,24,20,60
2388,2026-06-05,30,3,60,20,60
2389,2026-06-06,30,3,56,20,60
2390,2026-06-07,30,3,52,20,60
2391,2026-06-08,30,3,45,20,60
2392,2026-06-09,30,3,38,20,60
2393,2026-06-10,30,3,34,20,60
2394,2026-06-11,30,3,29,20,60
2395,2026-06-12,30,3,23,20,60
2396,2026-06-13,30,3,20,20,60
2397,2026-06-14,30,3,60,20,60
2398,2026-06-15,30,3,55,20,60
2399,2026-06-16,30,3,49,20,60
2400,2026-06-17,30,3,42,20,60
2401,2026-06-18,30,3,39,20,60
2402,2026-06-19,30,3,35,20,60
2403,2026-06-20,30,3,29,20,60
2404,2026-06-21,30,3,25,20,60
2405,2026-06-22,30,3,21,20,60
2406,2026-06-23,30,3,60,20,60
2407,2026-06-24,30,3,53,20,60
2408,2026-06-25,30,3,49,20,60
2409,2026-06-26,30,3,43,20,60
2410,2026-06-27,30,3,38,20,60
2411,2026-06-28,30,3,33,20,60
2412,2026-06-29,30,3,27,20,60
2413,2026-06-30,30,3,22,20,60
2414,2026-07-01,30,3,60,20,60
2415,2026-07-02,30,3,56,20,60
2416,2026-07-03,30,3,51,20,60
2417,2026-07-04,30,3,45,20,60
2418,2026-07-05,30,3,41,20,60
2419,2026-07-06,30,3,34,20,60
2420,2026-07-07,30,3,29,20,60
2421,2026-07-08,30,3,25,20,60
2422,2026-07-09,30,3,60,20,60
2423,2026-07-10,30,3,53,20,60
2424,2026-07-11,30,3,47,20,60
2425,2026-07-12,30,3,43,20,60
2426,2026-07-13,30,3,38,20,60
2427,2026-07-14,30,3,33,20,60
2428,2026-07-15,30,3,28,20,60
2429,2026-07-16,30,3,24,20,60
2430,2026-07-17,30,3,60,20,60
2431,2026-07-18,30,3,57,20,60
2432,2026-07-19,30,3,52,20,60
2433,2026-07-20,30,3,49,20,60
2434,2026-07-21,30,3,43,20,60
2435,2026-07-22,30,3,39,20,60
2436,2026-07-23,30,3,34,20,60
2437,2026-07-24,30,3,30,20,60
2438,2026-07-25,30,3,25,20,60
2439,2026-07-26,30,3,21,20,60
2440,2026-07-27,30,3,60,20,60
2441,2026-07-28,30,3,56,20,60
2442,2026-07-29,30,3,50,20,60
2443,2026-07-30,30,3,44,20,60
2444,2026-07-31,30,3,38,20,60
2445,2026-08-01,30,3,32,20,60
2446,2026-08-02,30,3,26,20,60
2447,2026-08-03,30,3,20,20,60
2448,2026-08-04,30,3,60,20,60
2449,2026-08-05,30,3,56,20,60
2450,2026-08-06,30,3,52,20,60
2451,2026-05-29,30,4,165,60,180
2452,2026-05-30,30,4,139,60,180
2453,2026-05-31,30,4,119,60,180
2454,2026-06-01,30,4,106,60,180
2455,2026-06-02,30,4,93,60,180
2456,2026-06-03,30,4,75,60,180
2457,2026-06-04,30,4,67,60,180
2458,2026-06-05,30,4,180,60,180
2459,2026-06-06,30,4,159,60,180
2460,2026-06-07,30,4,148,60,180
2461,2026-06-08,30,4,129,60,180
2462,2026-06-09,30,4,109,60,180
2463,2026-06-10,30,4,96,60,180
2464,2026-06-11,30,4,80,60,180
2465,2026-06-12,30,4,66,60,180
2466,2026-06-13,30,4,180,60,180
2467,2026-06-14,30,4,162,60,180
2468,2026-06-15,30,4,149,60,180
2469,2026-06-16,30,4,134,60,180
2470,2026-06-17,30,4,119,60,180
2471,2026-06-18,30,4,107,60,180
2472,2026-06-19,30,4,94,60,180
2473,2026-06-20,30,4,76,60,180
2474,2026-06-21,30,4,180,60,180
2475,2026-06-22,30,4,170,60,180
2476,2026-06-23,30,4,157,60,180
2477,2026-06-24,30,4,142,60,180
2478,2026-06-25,30,4,128,60,180
2479,2026-06-26,30,4,112,60,180
2480,2026-06-27,30,4,95,60,180
2481,2026-06-28,30,4,77,60,180
2482,2026-06-29,30,4,61,60,180
2483,2026-06-30,30,4,180,60,180
2484,2026-07-01,30,4,169,60,180
2485,2026-07-02,30,4,158,60,180
2486,2026-07-03,30,4,142,60,180
2487,2026-07-04,30,4,123,60,180
2488,2026-07-05,30,4,99,60,180
2489,2026-07-06,30,4,87,60,180
2490,2026-07-07,30,4,70,60,180
2491,2026-07-08,30,4,180,60,180
2492,2026-07-09,30,4,167,60,180
2493,2026-07-10,30,4,153,60,180
2494,2026-07-11,30,4,138,60,180
2495,2026-07-12,30,4,126,60,180
2496,2026-07-13,30,4,117,60,180
2497,2026-07-14,30,4,94,60,180
2498,2026-07-15,30,4,83,60,180
2499,2026-07-16,30,4,69,60,180
2500,2026-07-17,30,4,180,60,180
2501,2026-07-18,30,4,156,60,180
2502,2026-07-19,30,4,132,60,180
2503,2026-07-20,30,4,119,60,180
2504,2026-07-21,30,4,104,60,180
2505,2026-07-22,30,4,89,60,180
2506,2026-07-23,30,4,74,60,180
2507,2026-07-24,30,4,180,60,180
2508,2026-07-25,30,4,154,60,180
2509,2026-07-26,30,4,137,60,180
2510,2026-07-27,30,4,121,60,180
2511,2026-07-28,30,4,104,60,180
2512,2026-07-29,30,4,89,60,180
2513,2026-07-30,30,4,75,60,180
2514,2026-07-31,30,4,180,60,180
2515,2026-08-01,30,4,161,60,180
2516,2026-08-02,30,4,144,60,180
2517,2026-08-03,30,4,127,60,180
2518,2026-08-04,30,4,112,60,180
2519,2026-08-05,30,4,100,60,180
2520,2026-08-06,30,4,91,60,180
2521,2026-05-29,30,5,68,24,72
2522,2026-05-30,30,5,60,24,72
2523,2026-05-31,30,5,53,24,72
2524,2026-06-01,30,5,45,24,72
2525,2026-06-02,30,5,38,24,72
2526,2026-06-03,30,5,33,24,72
2527,2026-06-04,30,5,28,24,72
2528,2026-06-05,30,5,72,24,72
2529,2026-06-06,30,5,63,24,72
2530,2026-06-07,30,5,56,24,72
2531,2026-06-08,30,5,47,24,72
2532,2026-06-09,30,5,40,24,72
2533,2026-06-10,30,5,35,24,72
2534,2026-06-11,30,5,30,24,72
2535,2026-06-12,30,5,24,24,72
2536,2026-06-13,30,5,72,24,72
2537,2026-06-14,30,5,66,24,72
2538,2026-06-15,30,5,59,24,72
2539,2026-06-16,30,5,52,24,72
2540,2026-06-17,30,5,46,24,72
2541,2026-06-18,30,5,40,24,72
2542,2026-06-19,30,5,36,24,72
2543,2026-06-20,30,5,26,24,72
2544,2026-06-21,30,5,72,24,72
2545,2026-06-22,30,5,64,24,72
2546,2026-06-23,30,5,59,24,72
2547,2026-06-24,30,5,51,24,72
2548,2026-06-25,30,5,43,24,72
2549,2026-06-26,30,5,37,24,72
2550,2026-06-27,30,5,30,24,72
2551,2026-06-28,30,5,72,24,72
2552,2026-06-29,30,5,67,24,72
2553,2026-06-30,30,5,62,24,72
2554,2026-07-01,30,5,57,24,72
2555,2026-07-02,30,5,50,24,72
2556,2026-07-03,30,5,44,24,72
2557,2026-07-04,30,5,37,24,72
2558,2026-07-05,30,5,30,24,72
2559,2026-07-06,30,5,24,24,72
2560,2026-07-07,30,5,72,24,72
2561,2026-07-08,30,5,65,24,72
2562,2026-07-09,30,5,59,24,72
2563,2026-07-10,30,5,54,24,72
2564,2026-07-11,30,5,47,24,72
2565,2026-07-12,30,5,39,24,72
2566,2026-07-13,30,5,32,24,72
2567,2026-07-14,30,5,26,24,72
2568,2026-07-15,30,5,72,24,72
2569,2026-07-16,30,5,67,24,72
2570,2026-07-17,30,5,61,24,72
2571,2026-07-18,30,5,52,24,72
2572,2026-07-19,30,5,44,24,72
2573,2026-07-20,30,5,39,24,72
2574,2026-07-21,30,5,34,24,72
2575,2026-07-22,30,5,29,24,72
2576,2026-07-23,30,5,24,24,72
2577,2026-07-24,30,5,72,24,72
2578,2026-07-25,30,5,66,24,72
2579,2026-07-26,30,5,59,24,72
2580,2026-07-27,30,5,53,24,72
2581,2026-07-28,30,5,48,24,72
2582,2026-07-29,30,5,42,24,72
2583,2026-07-30,30,5,37,24,72
2584,2026-07-31,30,5,31,24,72
2585,2026-08-01,30,5,26,24,72
2586,2026-08-02,30,5,72,24,72
2587,2026-08-03,30,5,67,24,72
2588,2026-08-04,30,5,63,24,72
2589,2026-08-05,30,5,56,24,72
2590,2026-08-06,30,5,50,24,72
2591,2026-05-29,30,6,108,40,120
2592,2026-05-30,30,6,90,40,120
2593,2026-05-31,30,6,73,40,120
2594,2026-06-01,30,6,61,40,120
2595,2026-06-02,30,6,53,40,120
2596,2026-06-03,30,6,46,40,120
2597,2026-06-04,30,6,120,40,120
2598,2026-06-05,30,6,109,40,120
2599,2026-06-06,30,6,97,40,120
2600,2026-06-07,30,6,82,40,120
2601,2026-06-08,30,6,72,40,120
2602,2026-06-09,30,6,64,40,120
2603,2026-06-10,30,6,54,40,120
2604,2026-06-11,30,6,41,40,120
2605,2026-06-12,30,6,120,40,120
2606,2026-06-13,30,6,108,40,120
2607,2026-06-14,30,6,99,40,120
2608,2026-06-15,30,6,90,40,120
2609,2026-06-16,30,6,79,40,120
2610,2026-06-17,30,6,69,40,120
2611,2026-06-18,30,6,61,40,120
2612,2026-06-19,30,6,49,40,120
2613,2026-06-20,30,6,120,40,120
2614,2026-06-21,30,6,112,40,120
2615,2026-06-22,30,6,101,40,120
2616,2026-06-23,30,6,91,40,120
2617,2026-06-24,30,6,83,40,120
2618,2026-06-25,30,6,71,40,120
2619,2026-06-26,30,6,62,40,120
2620,2026-06-27,30,6,45,40,120
2621,2026-06-28,30,6,120,40,120
2622,2026-06-29,30,6,111,40,120
2623,2026-06-30,30,6,101,40,120
2624,2026-07-01,30,6,91,40,120
2625,2026-07-02,30,6,80,40,120
2626,2026-07-03,30,6,69,40,120
2627,2026-07-04,30,6,52,40,120
2628,2026-07-05,30,6,120,40,120
2629,2026-07-06,30,6,107,40,120
2630,2026-07-07,30,6,100,40,120
2631,2026-07-08,30,6,91,40,120
2632,2026-07-09,30,6,80,40,120
2633,2026-07-10,30,6,73,40,120
2634,2026-07-11,30,6,61,40,120
2635,2026-07-12,30,6,52,40,120
2636,2026-07-13,30,6,120,40,120
2637,2026-07-14,30,6,107,40,120
2638,2026-07-15,30,6,97,40,120
2639,2026-07-16,30,6,84,40,120
2640,2026-07-17,30,6,74,40,120
2641,2026-07-18,30,6,59,40,120
2642,2026-07-19,30,6,46,40,120
2643,2026-07-20,30,6,120,40,120
2644,2026-07-21,30,6,109,40,120
2645,2026-07-22,30,6,98,40,120
2646,2026-07-23,30,6,86,40,120
2647,2026-07-24,30,6,77,40,120
2648,2026-07-25,30,6,62,40,120
2649,2026-07-26,30,6,47,40,120
2650,2026-07-27,30,6,120,40,120
2651,2026-07-28,30,6,112,40,120
2652,2026-07-29,30,6,103,40,120
2653,2026-07-30,30,6,93,40,120
2654,2026-07-31,30,6,84,40,120
2655,2026-08-01,30,6,68,40,120
2656,2026-08-02,30,6,51,40,120
2657,2026-08-03,30,6,41,40,120
2658,2026-08-04,30,6,120,40,120
2659,2026-08-05,30,6,108,40,120
2660,2026-08-06,30,6,97,40,120
2661,2026-05-29,30,7,86,32,96
2662,2026-05-30,30,7,77,32,96
2663,2026-05-31,30,7,68,32,96
2664,2026-06-01,30,7,60,32,96
2665,2026-06-02,30,7,54,32,96
2666,2026-06-03,30,7,46,32,96
2667,2026-06-04,30,7,35,32,96
2668,2026-06-05,30,7,96,32,96
2669,2026-06-06,30,7,86,32,96
2670,2026-06-07,30,7,79,32,96
2671,2026-06-08,30,7,69,32,96
2672,2026-06-09,30,7,60,32,96
2673,2026-06-10,30,7,49,32,96
2674,2026-06-11,30,7,41,32,96
2675,2026-06-12,30,7,96,32,96
2676,2026-06-13,30,7,87,32,96
2677,2026-06-14,30,7,78,32,96
2678,2026-06-15,30,7,69,32,96
2679,2026-06-16,30,7,60,32,96
2680,2026-06-17,30,7,51,32,96
2681,2026-06-18,30,7,46,32,96
2682,2026-06-19,30,7,37,32,96
2683,2026-06-20,30,7,32,32,96
2684,2026-06-21,30,7,96,32,96
2685,2026-06-22,30,7,87,32,96
2686,2026-06-23,30,7,79,32,96
2687,2026-06-24,30,7,76,32,96
2688,2026-06-25,30,7,68,32,96
2689,2026-06-26,30,7,62,32,96
2690,2026-06-27,30,7,53,32,96
2691,2026-06-28,30,7,46,32,96
2692,2026-06-29,30,7,36,32,96
2693,2026-06-30,30,7,96,32,96
2694,2026-07-01,30,7,87,32,96
2695,2026-07-02,30,7,79,32,96
2696,2026-07-03,30,7,73,32,96
2697,2026-07-04,30,7,66,32,96
2698,2026-07-05,30,7,58,32,96
2699,2026-07-06,30,7,48,32,96
2700,2026-07-07,30,7,41,32,96
2701,2026-07-08,30,7,33,32,96
2702,2026-07-09,30,7,96,32,96
2703,2026-07-10,30,7,86,32,96
2704,2026-07-11,30,7,78,32,96
2705,2026-07-12,30,7,71,32,96
2706,2026-07-13,30,7,62,32,96
2707,2026-07-14,30,7,56,32,96
2708,2026-07-15,30,7,46,32,96
2709,2026-07-16,30,7,39,32,96
2710,2026-07-17,30,7,32,32,96
2711,2026-07-18,30,7,96,32,96
2712,2026-07-19,30,7,86,32,96
2713,2026-07-20,30,7,77,32,96
2714,2026-07-21,30,7,69,32,96
2715,2026-07-22,30,7,61,32,96
2716,2026-07-23,30,7,52,32,96
2717,2026-07-24,30,7,41,32,96
2718,2026-07-25,30,7,96,32,96
2719,2026-07-26,30,7,86,32,96
2720,2026-07-27,30,7,79,32,96
2721,2026-07-28,30,7,70,32,96
2722,2026-07-29,30,7,63,32,96
2723,2026-07-30,30,7,59,32,96
2724,2026-07-31,30,7,53,32,96
2725,2026-08-01,30,7,45,32,96
2726,2026-08-02,30,7,35,32,96
2727,2026-08-03,30,7,96,32,96
2728,2026-08-04,30,7,89,32,96
2729,2026-08-05,30,7,81,32,96
2730,2026-08-06,30,7,74,32,96
2731,2026-05-29,30,8,55,20,60
2732,2026-05-30,30,8,51,20,60
2733,2026-05-31,30,8,45,20,60
2734,2026-06-01,30,8,40,20,60
2735,2026-06-02,30,8,34,20,60
2736,2026-06-03,30,8,30,20,60
2737,2026-06-04,30,8,24,20,60
2738,2026-06-05,30,8,60,20,60
2739,2026-06-06,30,8,54,20,60
2740,2026-06-07,30,8,50,20,60
2741,2026-06-08,30,8,46,20,60
2742,2026-06-09,30,8,41,20,60
2743,2026-06-10,30,8,35,20,60
2744,2026-06-11,30,8,29,20,60
2745,2026-06-12,30,8,24,20,60
2746,2026-06-13,30,8,60,20,60
2747,2026-06-14,30,8,57,20,60
2748,2026-06-15,30,8,52,20,60
2749,2026-06-16,30,8,46,20,60
2750,2026-06-17,30,8,42,20,60
2751,2026-06-18,30,8,35,20,60
2752,2026-06-19,30,8,30,20,60
2753,2026-06-20,30,8,27,20,60
2754,2026-06-21,30,8,23,20,60
2755,2026-06-22,30,8,60,20,60
2756,2026-06-23,30,8,54,20,60
2757,2026-06-24,30,8,51,20,60
2758,2026-06-25,30,8,47,20,60
2759,2026-06-26,30,8,42,20,60
2760,2026-06-27,30,8,38,20,60
2761,2026-06-28,30,8,33,20,60
2762,2026-06-29,30,8,28,20,60
2763,2026-06-30,30,8,24,20,60
2764,2026-07-01,30,8,20,20,60
2765,2026-07-02,30,8,60,20,60
2766,2026-07-03,30,8,56,20,60
2767,2026-07-04,30,8,52,20,60
2768,2026-07-05,30,8,48,20,60
2769,2026-07-06,30,8,43,20,60
2770,2026-07-07,30,8,37,20,60
2771,2026-07-08,30,8,32,20,60
2772,2026-07-09,30,8,27,20,60
2773,2026-07-10,30,8,22,20,60
2774,2026-07-11,30,8,60,20,60
2775,2026-07-12,30,8,56,20,60
2776,2026-07-13,30,8,51,20,60
2777,2026-07-14,30,8,48,20,60
2778,2026-07-15,30,8,44,20,60
2779,2026-07-16,30,8,40,20,60
2780,2026-07-17,30,8,36,20,60
2781,2026-07-18,30,8,31,20,60
2782,2026-07-19,30,8,27,20,60
2783,2026-07-20,30,8,23,20,60
2784,2026-07-21,30,8,60,20,60
2785,2026-07-22,30,8,57,20,60
2786,2026-07-23,30,8,53,20,60
2787,2026-07-24,30,8,48,20,60
2788,2026-07-25,30,8,44,20,60
2789,2026-07-26,30,8,38,20,60
2790,2026-07-27,30,8,36,20,60
2791,2026-07-28,30,8,30,20,60
2792,2026-07-29,30,8,25,20,60
2793,2026-07-30,30,8,20,20,60
2794,2026-07-31,30,8,60,20,60
2795,2026-08-01,30,8,55,20,60
2796,2026-08-02,30,8,50,20,60
2797,2026-08-03,30,8,46,20,60
2798,2026-08-04,30,8,41,20,60
2799,2026-08-05,30,8,34,20,60
2800,2026-08-06,30,8,28,20,60
2801,2026-05-29,30,9,32,12,36
2802,2026-05-30,30,9,29,12,36
2803,2026-05-31,30,9,25,12,36
2804,2026-06-01,30,9,22,12,36
2805,2026-06-02,30,9,19,12,36
2806,2026-06-03,30,9,17,12,36
2807,2026-06-04,30,9,14,12,36
2808,2026-06-05,30,9,12,12,36
2809,2026-06-06,30,9,36,12,36
2810,2026-06-07,30,9,33,12,36
2811,2026-06-08,30,9,29,12,36
2812,2026-06-09,30,9,26,12,36
2813,2026-06-10,30,9,23,12,36
2814,2026-06-11,30,9,20,12,36
2815,2026-06-12,30,9,17,12,36
2816,2026-06-13,30,9,14,12,36
2817,2026-06-14,30,9,36,12,36
2818,2026-06-15,30,9,32,12,36
2819,2026-06-16,30,9,29,12,36
2820,2026-06-17,30,9,25,12,36
2821,2026-06-18,30,9,22,12,36
2822,2026-06-19,30,9,19,12,36
2823,2026-06-20,30,9,16,12,36
2824,2026-06-21,30,9,13,12,36
2825,2026-06-22,30,9,36,12,36
2826,2026-06-23,30,9,34,12,36
2827,2026-06-24,30,9,31,12,36
2828,2026-06-25,30,9,28,12,36
2829,2026-06-26,30,9,24,12,36
2830,2026-06-27,30,9,20,12,36
2831,2026-06-28,30,9,17,12,36
2832,2026-06-29,30,9,14,12,36
2833,2026-06-30,30,9,36,12,36
2834,2026-07-01,30,9,34,12,36
2835,2026-07-02,30,9,31,12,36
2836,2026-07-03,30,9,28,12,36
2837,2026-07-04,30,9,26,12,36
2838,2026-07-05,30,9,23,12,36
2839,2026-07-06,30,9,21,12,36
2840,2026-07-07,30,9,18,12,36
2841,2026-07-08,30,9,16,12,36
2842,2026-07-09,30,9,14,12,36
2843,2026-07-10,30,9,36,12,36
2844,2026-07-11,30,9,33,12,36
2845,2026-07-12,30,9,30,12,36
2846,2026-07-13,30,9,27,12,36
2847,2026-07-14,30,9,25,12,36
2848,2026-07-15,30,9,23,12,36
2849,2026-07-16,30,9,19,12,36
2850,2026-07-17,30,9,15,12,36
2851,2026-07-18,30,9,12,12,36
2852,2026-07-19,30,9,36,12,36
2853,2026-07-20,30,9,33,12,36
2854,2026-07-21,30,9,30,12,36
2855,2026-07-22,30,9,27,12,36
2856,2026-07-23,30,9,23,12,36
2857,2026-07-24,30,9,20,12,36
2858,2026-07-25,30,9,17,12,36
2859,2026-07-26,30,9,14,12,36
2860,2026-07-27,30,9,36,12,36
2861,2026-07-28,30,9,32,12,36
2862,2026-07-29,30,9,29,12,36
2863,2026-07-30,30,9,26,12,36
2864,2026-07-31,30,9,24,12,36
2865,2026-08-01,30,9,20,12,36
2866,2026-08-02,30,9,17,12,36
2867,2026-08-03,30,9,14,12,36
2868,2026-08-04,30,9,36,12,36
2869,2026-08-05,30,9,33,12,36
2870,2026-08-06,30,9,29,12,36
2871,2026-05-29,30,10,43,16,48
2872,2026-05-30,30,10,39,16,48
2873,2026-05-31,30,10,36,16,48
2874,2026-06-01,30,10,31,16,48
2875,2026-06-02,30,10,28,16,48
2876,2026-06-03,30,10,25,16,48
2877,2026-06-04,30,10,21,16,48
2878,2026-06-05,30,10,17,16,48
2879,2026-06-06,30,10,48,16,48
2880,2026-06-07,30,10,44,16,48
2881,2026-06-08,30,10,39,16,48
2882,2026-06-09,30,10,34,16,48
2883,2026-06-10,30,10,29,16,48
2884,2026-06-11,30,10,25,16,48
2885,2026-06-12,30,10,22,16,48
2886,2026-06-13,30,10,17,16,48
2887,2026-06-14,30,10,48,16,48
2888,2026-06-15,30,10,44,16,48
2889,2026-06-16,30,10,39,16,48
2890,2026-06-17,30,10,35,16,48
2891,2026-06-18,30,10,30,16,48
2892,2026-06-19,30,10,26,16,48
2893,2026-06-20,30,10,22,16,48
2894,2026-06-21,30,10,19,16,48
2895,2026-06-22,30,10,48,16,48
2896,2026-06-23,30,10,45,16,48
2897,2026-06-24,30,10,42,16,48
2898,2026-06-25,30,10,38,16,48
2899,2026-06-26,30,10,34,16,48
2900,2026-06-27,30,10,31,16,48
2901,2026-06-28,30,10,26,16,48
2902,2026-06-29,30,10,24,16,48
2903,2026-06-30,30,10,18,16,48
2904,2026-07-01,30,10,48,16,48
2905,2026-07-02,30,10,43,16,48
2906,2026-07-03,30,10,39,16,48
2907,2026-07-04,30,10,35,16,48
2908,2026-07-05,30,10,30,16,48
2909,2026-07-06,30,10,27,16,48
2910,2026-07-07,30,10,23,16,48
2911,2026-07-08,30,10,19,16,48
2912,2026-07-09,30,10,48,16,48
2913,2026-07-10,30,10,44,16,48
2914,2026-07-11,30,10,41,16,48
2915,2026-07-12,30,10,37,16,48
2916,2026-07-13,30,10,31,16,48
2917,2026-07-14,30,10,28,16,48
2918,2026-07-15,30,10,23,16,48
2919,2026-07-16,30,10,20,16,48
2920,2026-07-17,30,10,17,16,48
2921,2026-07-18,30,10,48,16,48
2922,2026-07-19,30,10,43,16,48
2923,2026-07-20,30,10,41,16,48
2924,2026-07-21,30,10,37,16,48
2925,2026-07-22,30,10,34,16,48
2926,2026-07-23,30,10,29,16,48
2927,2026-07-24,30,10,25,16,48
2928,2026-07-25,30,10,22,16,48
2929,2026-07-26,30,10,18,16,48
2930,2026-07-27,30,10,48,16,48
2931,2026-07-28,30,10,43,16,48
2932,2026-07-29,30,10,39,16,48
2933,2026-07-30,30,10,35,16,48
2934,2026-07-31,30,10,30,16,48
2935,2026-08-01,30,10,26,16,48
2936,2026-08-02,30,10,21,16,48
2937,2026-08-03,30,10,18,16,48
2938,2026-08-04,30,10,48,16,48
2939,2026-08-05,30,10,43,16,48
2940,2026-08-06,30,10,38,16,48
2941,2026-05-29,30,11,66,24,72
2942,2026-05-30,30,11,63,24,72
2943,2026-05-31,30,11,58,24,72
2944,2026-06-01,30,11,52,24,72
2945,2026-06-02,30,11,47,24,72
2946,2026-06-03,30,11,41,24,72
2947,2026-06-04,30,11,37,24,72
2948,2026-06-05,30,11,30,24,72
2949,2026-06-06,30,11,72,24,72
2950,2026-06-07,30,11,65,24,72
2951,2026-06-08,30,11,58,24,72
2952,2026-06-09,30,11,53,24,72
2953,2026-06-10,30,11,48,24,72
2954,2026-06-11,30,11,43,24,72
2955,2026-06-12,30,11,37,24,72
2956,2026-06-13,30,11,31,24,72
2957,2026-06-14,30,11,25,24,72
2958,2026-06-15,30,11,72,24,72
2959,2026-06-16,30,11,67,24,72
2960,2026-06-17,30,11,60,24,72
2961,2026-06-18,30,11,54,24,72
2962,2026-06-19,30,11,47,24,72
2963,2026-06-20,30,11,42,24,72
2964,2026-06-21,30,11,35,24,72
2965,2026-06-22,30,11,29,24,72
2966,2026-06-23,30,11,72,24,72
2967,2026-06-24,30,11,64,24,72
2968,2026-06-25,30,11,58,24,72
2969,2026-06-26,30,11,51,24,72
2970,2026-06-27,30,11,45,24,72
2971,2026-06-28,30,11,39,24,72
2972,2026-06-29,30,11,33,24,72
2973,2026-06-30,30,11,25,24,72
2974,2026-07-01,30,11,72,24,72
2975,2026-07-02,30,11,66,24,72
2976,2026-07-03,30,11,61,24,72
2977,2026-07-04,30,11,56,24,72
2978,2026-07-05,30,11,49,24,72
2979,2026-07-06,30,11,42,24,72
2980,2026-07-07,30,11,35,24,72
2981,2026-07-08,30,11,27,24,72
2982,2026-07-09,30,11,72,24,72
2983,2026-07-10,30,11,67,24,72
2984,2026-07-11,30,11,61,24,72
2985,2026-07-12,30,11,55,24,72
2986,2026-07-13,30,11,46,24,72
2987,2026-07-14,30,11,41,24,72
2988,2026-07-15,30,11,37,24,72
2989,2026-07-16,30,11,31,24,72
2990,2026-07-17,30,11,26,24,72
2991,2026-07-18,30,11,72,24,72
2992,2026-07-19,30,11,66,24,72
2993,2026-07-20,30,11,62,24,72
2994,2026-07-21,30,11,57,24,72
2995,2026-07-22,30,11,51,24,72
2996,2026-07-23,30,11,46,24,72
2997,2026-07-24,30,11,40,24,72
2998,2026-07-25,30,11,35,24,72
2999,2026-07-26,30,11,29,24,72
3000,2026-07-27,30,11,72,24,72
3001,2026-07-28,30,11,68,24,72
3002,2026-07-29,30,11,61,24,72
3003,2026-07-30,30,11,58,24,72
3004,2026-07-31,30,11,53,24,72
3005,2026-08-01,30,11,47,24,72
3006,2026-08-02,30,11,41,24,72
3007,2026-08-03,30,11,33,24,72
3008,2026-08-04,30,11,29,24,72
3009,2026-08-05,30,11,24,24,72
3010,2026-08-06,30,11,72,24,72
3011,2026-05-29,30,12,55,20,60
3012,2026-05-30,30,12,50,20,60
3013,2026-05-31,30,12,46,20,60
3014,2026-06-01,30,12,41,20,60
3015,2026-06-02,30,12,36,20,60
3016,2026-06-03,30,12,30,20,60
3017,2026-06-04,30,12,26,20,60
3018,2026-06-05,30,12,22,20,60
3019,2026-06-06,30,12,60,20,60
3020,2026-06-07,30,12,56,20,60
3021,2026-06-08,30,12,49,20,60
3022,2026-06-09,30,12,43,20,60
3023,2026-06-10,30,12,38,20,60
3024,2026-06-11,30,12,32,20,60
3025,2026-06-12,30,12,28,20,60
3026,2026-06-13,30,12,24,20,60
3027,2026-06-14,30,12,60,20,60
3028,2026-06-15,30,12,55,20,60
3029,2026-06-16,30,12,50,20,60
3030,2026-06-17,30,12,44,20,60
3031,2026-06-18,30,12,38,20,60
3032,2026-06-19,30,12,32,20,60
3033,2026-06-20,30,12,27,20,60
3034,2026-06-21,30,12,24,20,60
3035,2026-06-22,30,12,60,20,60
3036,2026-06-23,30,12,56,20,60
3037,2026-06-24,30,12,51,20,60
3038,2026-06-25,30,12,46,20,60
3039,2026-06-26,30,12,41,20,60
3040,2026-06-27,30,12,38,20,60
3041,2026-06-28,30,12,33,20,60
3042,2026-06-29,30,12,27,20,60
3043,2026-06-30,30,12,20,20,60
3044,2026-07-01,30,12,60,20,60
3045,2026-07-02,30,12,57,20,60
3046,2026-07-03,30,12,52,20,60
3047,2026-07-04,30,12,46,20,60
3048,2026-07-05,30,12,40,20,60
3049,2026-07-06,30,12,35,20,60
3050,2026-07-07,30,12,29,20,60
3051,2026-07-08,30,12,24,20,60
3052,2026-07-09,30,12,60,20,60
3053,2026-07-10,30,12,55,20,60
3054,2026-07-11,30,12,51,20,60
3055,2026-07-12,30,12,45,20,60
3056,2026-07-13,30,12,40,20,60
3057,2026-07-14,30,12,35,20,60
3058,2026-07-15,30,12,29,20,60
3059,2026-07-16,30,12,24,20,60
3060,2026-07-17,30,12,60,20,60
3061,2026-07-18,30,12,55,20,60
3062,2026-07-19,30,12,51,20,60
3063,2026-07-20,30,12,45,20,60
3064,2026-07-21,30,12,39,20,60
3065,2026-07-22,30,12,33,20,60
3066,2026-07-23,30,12,28,20,60
3067,2026-07-24,30,12,23,20,60
3068,2026-07-25,30,12,60,20,60
3069,2026-07-26,30,12,56,20,60
3070,2026-07-27,30,12,51,20,60
3071,2026-07-28,30,12,46,20,60
3072,2026-07-29,30,12,41,20,60
3073,2026-07-30,30,12,36,20,60
3074,2026-07-31,30,12,31,20,60
3075,2026-08-01,30,12,24,20,60
3076,2026-08-02,30,12,60,20,60
3077,2026-08-03,30,12,54,20,60
3078,2026-08-04,30,12,49,20,60
3079,2026-08-05,30,12,43,20,60
3080,2026-08-06,30,12,37,20,60
3081,2026-05-29,30,13,33,12,36
3082,2026-05-30,30,13,31,12,36
3083,2026-05-31,30,13,28,12,36
3084,2026-06-01,30,13,25,12,36
3085,2026-06-02,30,13,23,12,36
3086,2026-06-03,30,13,20,12,36
3087,2026-06-04,30,13,17,12,36
3088,2026-06-05,30,13,14,12,36
3089,2026-06-06,30,13,36,12,36
3090,2026-06-07,30,13,33,12,36
3091,2026-06-08,30,13,31,12,36
3092,2026-06-09,30,13,29,12,36
3093,2026-06-10,30,13,26,12,36
3094,2026-06-11,30,13,22,12,36
3095,2026-06-12,30,13,19,12,36
3096,2026-06-13,30,13,17,12,36
3097,2026-06-14,30,13,14,12,36
3098,2026-06-15,30,13,12,12,36
3099,2026-06-16,30,13,36,12,36
3100,2026-06-17,30,13,34,12,36
3101,2026-06-18,30,13,32,12,36
3102,2026-06-19,30,13,28,12,36
3103,2026-06-20,30,13,25,12,36
3104,2026-06-21,30,13,22,12,36
3105,2026-06-22,30,13,19,12,36
3106,2026-06-23,30,13,16,12,36
3107,2026-06-24,30,13,12,12,36
3108,2026-06-25,30,13,36,12,36
3109,2026-06-26,30,13,33,12,36
3110,2026-06-27,30,13,31,12,36
3111,2026-06-28,30,13,29,12,36
3112,2026-06-29,30,13,26,12,36
3113,2026-06-30,30,13,25,12,36
3114,2026-07-01,30,13,22,12,36
3115,2026-07-02,30,13,18,12,36
3116,2026-07-03,30,13,15,12,36
3117,2026-07-04,30,13,12,12,36
3118,2026-07-05,30,13,36,12,36
3119,2026-07-06,30,13,33,12,36
3120,2026-07-07,30,13,30,12,36
3121,2026-07-08,30,13,27,12,36
3122,2026-07-09,30,13,24,12,36
3123,2026-07-10,30,13,21,12,36
3124,2026-07-11,30,13,19,12,36
3125,2026-07-12,30,13,16,12,36
3126,2026-07-13,30,13,12,12,36
3127,2026-07-14,30,13,36,12,36
3128,2026-07-15,30,13,33,12,36
3129,2026-07-16,30,13,30,12,36
3130,2026-07-17,30,13,26,12,36
3131,2026-07-18,30,13,23,12,36
3132,2026-07-19,30,13,20,12,36
3133,2026-07-20,30,13,16,12,36
3134,2026-07-21,30,13,12,12,36
3135,2026-07-22,30,13,36,12,36
3136,2026-07-23,30,13,34,12,36
3137,2026-07-24,30,13,32,12,36
3138,2026-07-25,30,13,29,12,36
3139,2026-07-26,30,13,26,12,36
3140,2026-07-27,30,13,24,12,36
3141,2026-07-28,30,13,20,12,36
3142,2026-07-29,30,13,17,12,36
3143,2026-07-30,30,13,13,12,36
3144,2026-07-31,30,13,36,12,36
3145,2026-08-01,30,13,32,12,36
3146,2026-08-02,30,13,29,12,36
3147,2026-08-03,30,13,26,12,36
3148,2026-08-04,30,13,24,12,36
3149,2026-08-05,30,13,22,12,36
3150,2026-08-06,30,13,19,12,36
3151,2026-05-29,30,14,100,36,108
3152,2026-05-30,30,14,90,36,108
3153,2026-05-31,30,14,74,36,108
3154,2026-06-01,30,14,65,36,108
3155,2026-06-02,30,14,55,36,108
3156,2026-06-03,30,14,42,36,108
3157,2026-06-04,30,14,108,36,108
3158,2026-06-05,30,14,100,36,108
3159,2026-06-06,30,14,91,36,108
3160,2026-06-07,30,14,78,36,108
3161,2026-06-08,30,14,70,36,108
3162,2026-06-09,30,14,60,36,108
3163,2026-06-10,30,14,52,36,108
3164,2026-06-11,30,14,41,36,108
3165,2026-06-12,30,14,108,36,108
3166,2026-06-13,30,14,95,36,108
3167,2026-06-14,30,14,84,36,108
3168,2026-06-15,30,14,76,36,108
3169,2026-06-16,30,14,66,36,108
3170,2026-06-17,30,14,56,36,108
3171,2026-06-18,30,14,49,36,108
3172,2026-06-19,30,14,39,36,108
3173,2026-06-20,30,14,108,36,108
3174,2026-06-21,30,14,96,36,108
3175,2026-06-22,30,14,86,36,108
3176,2026-06-23,30,14,79,36,108
3177,2026-06-24,30,14,68,36,108
3178,2026-06-25,30,14,59,36,108
3179,2026-06-26,30,14,48,36,108
3180,2026-06-27,30,14,108,36,108
3181,2026-06-28,30,14,98,36,108
3182,2026-06-29,30,14,88,36,108
3183,2026-06-30,30,14,76,36,108
3184,2026-07-01,30,14,68,36,108
3185,2026-07-02,30,14,59,36,108
3186,2026-07-03,30,14,54,36,108
3187,2026-07-04,30,14,37,36,108
3188,2026-07-05,30,14,108,36,108
3189,2026-07-06,30,14,99,36,108
3190,2026-07-07,30,14,89,36,108
3191,2026-07-08,30,14,82,36,108
3192,2026-07-09,30,14,74,36,108
3193,2026-07-10,30,14,66,36,108
3194,2026-07-11,30,14,53,36,108
3195,2026-07-12,30,14,43,36,108
3196,2026-07-13,30,14,108,36,108
3197,2026-07-14,30,14,102,36,108
3198,2026-07-15,30,14,90,36,108
3199,2026-07-16,30,14,83,36,108
3200,2026-07-17,30,14,78,36,108
3201,2026-07-18,30,14,68,36,108
3202,2026-07-19,30,14,53,36,108
3203,2026-07-20,30,14,42,36,108
3204,2026-07-21,30,14,108,36,108
3205,2026-07-22,30,14,96,36,108
3206,2026-07-23,30,14,88,36,108
3207,2026-07-24,30,14,80,36,108
3208,2026-07-25,30,14,69,36,108
3209,2026-07-26,30,14,56,36,108
3210,2026-07-27,30,14,48,36,108
3211,2026-07-28,30,14,42,36,108
3212,2026-07-29,30,14,108,36,108
3213,2026-07-30,30,14,99,36,108
3214,2026-07-31,30,14,89,36,108
3215,2026-08-01,30,14,76,36,108
3216,2026-08-02,30,14,59,36,108
3217,2026-08-03,30,14,48,36,108
3218,2026-08-04,30,14,41,36,108
3219,2026-08-05,30,14,108,36,108
3220,2026-08-06,30,14,101,36,108
3221,2026-05-29,30,15,91,32,96
3222,2026-05-30,30,15,78,32,96
3223,2026-05-31,30,15,65,32,96
3224,2026-06-01,30,15,60,32,96
3225,2026-06-02,30,15,53,32,96
3226,2026-06-03,30,15,43,32,96
3227,2026-06-04,30,15,35,32,96
3228,2026-06-05,30,15,96,32,96
3229,2026-06-06,30,15,88,32,96
3230,2026-06-07,30,15,80,32,96
3231,2026-06-08,30,15,73,32,96
3232,2026-06-09,30,15,66,32,96
3233,2026-06-10,30,15,62,32,96
3234,2026-06-11,30,15,54,32,96
3235,2026-06-12,30,15,45,32,96
3236,2026-06-13,30,15,37,32,96
3237,2026-06-14,30,15,96,32,96
3238,2026-06-15,30,15,88,32,96
3239,2026-06-16,30,15,79,32,96
3240,2026-06-17,30,15,74,32,96
3241,2026-06-18,30,15,65,32,96
3242,2026-06-19,30,15,54,32,96
3243,2026-06-20,30,15,42,32,96
3244,2026-06-21,30,15,96,32,96
3245,2026-06-22,30,15,90,32,96
3246,2026-06-23,30,15,84,32,96
3247,2026-06-24,30,15,76,32,96
3248,2026-06-25,30,15,69,32,96
3249,2026-06-26,30,15,61,32,96
3250,2026-06-27,30,15,49,32,96
3251,2026-06-28,30,15,36,32,96
3252,2026-06-29,30,15,96,32,96
3253,2026-06-30,30,15,90,32,96
3254,2026-07-01,30,15,81,32,96
3255,2026-07-02,30,15,72,32,96
3256,2026-07-03,30,15,61,32,96
3257,2026-07-04,30,15,51,32,96
3258,2026-07-05,30,15,40,32,96
3259,2026-07-06,30,15,96,32,96
3260,2026-07-07,30,15,88,32,96
3261,2026-07-08,30,15,81,32,96
3262,2026-07-09,30,15,73,32,96
3263,2026-07-10,30,15,68,32,96
3264,2026-07-11,30,15,60,32,96
3265,2026-07-12,30,15,50,32,96
3266,2026-07-13,30,15,42,32,96
3267,2026-07-14,30,15,35,32,96
3268,2026-07-15,30,15,96,32,96
3269,2026-07-16,30,15,88,32,96
3270,2026-07-17,30,15,81,32,96
3271,2026-07-18,30,15,71,32,96
3272,2026-07-19,30,15,59,32,96
3273,2026-07-20,30,15,47,32,96
3274,2026-07-21,30,15,41,32,96
3275,2026-07-22,30,15,32,32,96
3276,2026-07-23,30,15,96,32,96
3277,2026-07-24,30,15,89,32,96
3278,2026-07-25,30,15,77,32,96
3279,2026-07-26,30,15,68,32,96
3280,2026-07-27,30,15,61,32,96
3281,2026-07-28,30,15,52,32,96
3282,2026-07-29,30,15,45,32,96
3283,2026-07-30,30,15,36,32,96
3284,2026-07-31,30,15,96,32,96
3285,2026-08-01,30,15,82,32,96
3286,2026-08-02,30,15,74,32,96
3287,2026-08-03,30,15,67,32,96
3288,2026-08-04,30,15,56,32,96
3289,2026-08-05,30,15,48,32,96
3290,2026-08-06,30,15,39,32,96
3291,2026-05-29,30,16,75,28,84
3292,2026-05-30,30,16,66,28,84
3293,2026-05-31,30,16,58,28,84
3294,2026-06-01,30,16,53,28,84
3295,2026-06-02,30,16,46,28,84
3296,2026-06-03,30,16,39,28,84
3297,2026-06-04,30,16,36,28,84
3298,2026-06-05,30,16,84,28,84
3299,2026-06-06,30,16,76,28,84
3300,2026-06-07,30,16,64,28,84
3301,2026-06-08,30,16,55,28,84
3302,2026-06-09,30,16,50,28,84
3303,2026-06-10,30,16,42,28,84
3304,2026-06-11,30,16,36,28,84
3305,2026-06-12,30,16,29,28,84
3306,2026-06-13,30,16,84,28,84
3307,2026-06-14,30,16,72,28,84
3308,2026-06-15,30,16,65,28,84
3309,2026-06-16,30,16,56,28,84
3310,2026-06-17,30,16,48,28,84
3311,2026-06-18,30,16,39,28,84
3312,2026-06-19,30,16,32,28,84
3313,2026-06-20,30,16,84,28,84
3314,2026-06-21,30,16,77,28,84
3315,2026-06-22,30,16,68,28,84
3316,2026-06-23,30,16,60,28,84
3317,2026-06-24,30,16,51,28,84
3318,2026-06-25,30,16,45,28,84
3319,2026-06-26,30,16,40,28,84
3320,2026-06-27,30,16,34,28,84
3321,2026-06-28,30,16,84,28,84
3322,2026-06-29,30,16,81,28,84
3323,2026-06-30,30,16,72,28,84
3324,2026-07-01,30,16,64,28,84
3325,2026-07-02,30,16,54,28,84
3326,2026-07-03,30,16,46,28,84
3327,2026-07-04,30,16,34,28,84
3328,2026-07-05,30,16,84,28,84
3329,2026-07-06,30,16,76,28,84
3330,2026-07-07,30,16,70,28,84
3331,2026-07-08,30,16,63,28,84
3332,2026-07-09,30,16,58,28,84
3333,2026-07-10,30,16,53,28,84
3334,2026-07-11,30,16,42,28,84
3335,2026-07-12,30,16,31,28,84
3336,2026-07-13,30,16,84,28,84
3337,2026-07-14,30,16,80,28,84
3338,2026-07-15,30,16,73,28,84
3339,2026-07-16,30,16,68,28,84
3340,2026-07-17,30,16,60,28,84
3341,2026-07-18,30,16,52,28,84
3342,2026-07-19,30,16,42,28,84
3343,2026-07-20,30,16,36,28,84
3344,2026-07-21,30,16,29,28,84
3345,2026-07-22,30,16,84,28,84
3346,2026-07-23,30,16,77,28,84
3347,2026-07-24,30,16,73,28,84
3348,2026-07-25,30,16,62,28,84
3349,2026-07-26,30,16,50,28,84
3350,2026-07-27,30,16,41,28,84
3351,2026-07-28,30,16,34,28,84
3352,2026-07-29,30,16,84,28,84
3353,2026-07-30,30,16,76,28,84
3354,2026-07-31,30,16,68,28,84
3355,2026-08-01,30,16,60,28,84
3356,2026-08-02,30,16,51,28,84
3357,2026-08-03,30,16,45,28,84
3358,2026-08-04,30,16,38,28,84
3359,2026-08-05,30,16,30,28,84
3360,2026-08-06,30,16,84,28,84
3361,2026-05-29,40,1,61,22,66
3362,2026-05-30,40,1,54,22,66
3363,2026-05-31,40,1,49,22,66
3364,2026-06-01,40,1,44,22,66
3365,2026-06-02,40,1,38,22,66
3366,2026-06-03,40,1,32,22,66
3367,2026-06-04,40,1,26,22,66
3368,2026-06-05,40,1,66,22,66
3369,2026-06-06,40,1,60,22,66
3370,2026-06-07,40,1,54,22,66
3371,2026-06-08,40,1,46,22,66
3372,2026-06-09,40,1,43,22,66
3373,2026-06-10,40,1,40,22,66
3374,2026-06-11,40,1,36,22,66
3375,2026-06-12,40,1,31,22,66
3376,2026-06-13,40,1,26,22,66
3377,2026-06-14,40,1,66,22,66
3378,2026-06-15,40,1,60,22,66
3379,2026-06-16,40,1,54,22,66
3380,2026-06-17,40,1,49,22,66
3381,2026-06-18,40,1,45,22,66
3382,2026-06-19,40,1,39,22,66
3383,2026-06-20,40,1,34,22,66
3384,2026-06-21,40,1,27,22,66
3385,2026-06-22,40,1,66,22,66
3386,2026-06-23,40,1,60,22,66
3387,2026-06-24,40,1,57,22,66
3388,2026-06-25,40,1,51,22,66
3389,2026-06-26,40,1,47,22,66
3390,2026-06-27,40,1,42,22,66
3391,2026-06-28,40,1,38,22,66
3392,2026-06-29,40,1,34,22,66
3393,2026-06-30,40,1,29,22,66
3394,2026-07-01,40,1,25,22,66
3395,2026-07-02,40,1,66,22,66
3396,2026-07-03,40,1,60,22,66
3397,2026-07-04,40,1,55,22,66
3398,2026-07-05,40,1,51,22,66
3399,2026-07-06,40,1,47,22,66
3400,2026-07-07,40,1,42,22,66
3401,2026-07-08,40,1,35,22,66
3402,2026-07-09,40,1,30,22,66
3403,2026-07-10,40,1,23,22,66
3404,2026-07-11,40,1,66,22,66
3405,2026-07-12,40,1,61,22,66
3406,2026-07-13,40,1,55,22,66
3407,2026-07-14,40,1,49,22,66
3408,2026-07-15,40,1,41,22,66
3409,2026-07-16,40,1,35,22,66
3410,2026-07-17,40,1,31,22,66
3411,2026-07-18,40,1,26,22,66
3412,2026-07-19,40,1,23,22,66
3413,2026-07-20,40,1,66,22,66
3414,2026-07-21,40,1,62,22,66
3415,2026-07-22,40,1,57,22,66
3416,2026-07-23,40,1,52,22,66
3417,2026-07-24,40,1,46,22,66
3418,2026-07-25,40,1,40,22,66
3419,2026-07-26,40,1,37,22,66
3420,2026-07-27,40,1,30,22,66
3421,2026-07-28,40,1,24,22,66
3422,2026-07-29,40,1,66,22,66
3423,2026-07-30,40,1,59,22,66
3424,2026-07-31,40,1,52,22,66
3425,2026-08-01,40,1,45,22,66
3426,2026-08-02,40,1,39,22,66
3427,2026-08-03,40,1,33,22,66
3428,2026-08-04,40,1,27,22,66
3429,2026-08-05,40,1,66,22,66
3430,2026-08-06,40,1,60,22,66
3431,2026-05-29,40,2,36,13,39
3432,2026-05-30,40,2,34,13,39
3433,2026-05-31,40,2,30,13,39
3434,2026-06-01,40,2,27,13,39
3435,2026-06-02,40,2,24,13,39
3436,2026-06-03,40,2,21,13,39
3437,2026-06-04,40,2,17,13,39
3438,2026-06-05,40,2,14,13,39
3439,2026-06-06,40,2,39,13,39
3440,2026-06-07,40,2,37,13,39
3441,2026-06-08,40,2,34,13,39
3442,2026-06-09,40,2,30,13,39
3443,2026-06-10,40,2,26,13,39
3444,2026-06-11,40,2,22,13,39
3445,2026-06-12,40,2,18,13,39
3446,2026-06-13,40,2,15,13,39
3447,2026-06-14,40,2,39,13,39
3448,2026-06-15,40,2,35,13,39
3449,2026-06-16,40,2,31,13,39
3450,2026-06-17,40,2,27,13,39
3451,2026-06-18,40,2,24,13,39
3452,2026-06-19,40,2,21,13,39
3453,2026-06-20,40,2,18,13,39
3454,2026-06-21,40,2,14,13,39
3455,2026-06-22,40,2,39,13,39
3456,2026-06-23,40,2,35,13,39
3457,2026-06-24,40,2,31,13,39
3458,2026-06-25,40,2,28,13,39
3459,2026-06-26,40,2,25,13,39
3460,2026-06-27,40,2,22,13,39
3461,2026-06-28,40,2,19,13,39
3462,2026-06-29,40,2,16,13,39
3463,2026-06-30,40,2,14,13,39
3464,2026-07-01,40,2,39,13,39
3465,2026-07-02,40,2,36,13,39
3466,2026-07-03,40,2,34,13,39
3467,2026-07-04,40,2,32,13,39
3468,2026-07-05,40,2,28,13,39
3469,2026-07-06,40,2,25,13,39
3470,2026-07-07,40,2,23,13,39
3471,2026-07-08,40,2,21,13,39
3472,2026-07-09,40,2,18,13,39
3473,2026-07-10,40,2,15,13,39
3474,2026-07-11,40,2,39,13,39
3475,2026-07-12,40,2,36,13,39
3476,2026-07-13,40,2,34,13,39
3477,2026-07-14,40,2,31,13,39
3478,2026-07-15,40,2,27,13,39
3479,2026-07-16,40,2,24,13,39
3480,2026-07-17,40,2,22,13,39
3481,2026-07-18,40,2,19,13,39
3482,2026-07-19,40,2,16,13,39
3483,2026-07-20,40,2,13,13,39
3484,2026-07-21,40,2,39,13,39
3485,2026-07-22,40,2,36,13,39
3486,2026-07-23,40,2,33,13,39
3487,2026-07-24,40,2,29,13,39
3488,2026-07-25,40,2,26,13,39
3489,2026-07-26,40,2,23,13,39
3490,2026-07-27,40,2,20,13,39
3491,2026-07-28,40,2,16,13,39
3492,2026-07-29,40,2,39,13,39
3493,2026-07-30,40,2,35,13,39
3494,2026-07-31,40,2,32,13,39
3495,2026-08-01,40,2,28,13,39
3496,2026-08-02,40,2,25,13,39
3497,2026-08-03,40,2,22,13,39
3498,2026-08-04,40,2,18,13,39
3499,2026-08-05,40,2,15,13,39
3500,2026-08-06,40,2,13,13,39
3501,2026-05-29,40,3,44,16,48
3502,2026-05-30,40,3,39,16,48
3503,2026-05-31,40,3,34,16,48
3504,2026-06-01,40,3,29,16,48
3505,2026-06-02,40,3,23,16,48
3506,2026-06-03,40,3,18,16,48
3507,2026-06-04,40,3,48,16,48
3508,2026-06-05,40,3,43,16,48
3509,2026-06-06,40,3,39,16,48
3510,2026-06-07,40,3,35,16,48
3511,2026-06-08,40,3,33,16,48
3512,2026-06-09,40,3,28,16,48
3513,2026-06-10,40,3,24,16,48
3514,2026-06-11,40,3,20,16,48
3515,2026-06-12,40,3,48,16,48
3516,2026-06-13,40,3,43,16,48
3517,2026-06-14,40,3,39,16,48
3518,2026-06-15,40,3,34,16,48
3519,2026-06-16,40,3,31,16,48
3520,2026-06-17,40,3,26,16,48
3521,2026-06-18,40,3,21,16,48
3522,2026-06-19,40,3,16,16,48
3523,2026-06-20,40,3,48,16,48
3524,2026-06-21,40,3,42,16,48
3525,2026-06-22,40,3,38,16,48
3526,2026-06-23,40,3,34,16,48
3527,2026-06-24,40,3,29,16,48
3528,2026-06-25,40,3,26,16,48
3529,2026-06-26,40,3,22,16,48
3530,2026-06-27,40,3,18,16,48
3531,2026-06-28,40,3,48,16,48
3532,2026-06-29,40,3,43,16,48
3533,2026-06-30,40,3,39,16,48
3534,2026-07-01,40,3,36,16,48
3535,2026-07-02,40,3,32,16,48
3536,2026-07-03,40,3,29,16,48
3537,2026-07-04,40,3,27,16,48
3538,2026-07-05,40,3,22,16,48
3539,2026-07-06,40,3,18,16,48
3540,2026-07-07,40,3,48,16,48
3541,2026-07-08,40,3,46,16,48
3542,2026-07-09,40,3,43,16,48
3543,2026-07-10,40,3,40,16,48
3544,2026-07-11,40,3,37,16,48
3545,2026-07-12,40,3,33,16,48
3546,2026-07-13,40,3,30,16,48
3547,2026-07-14,40,3,26,16,48
3548,2026-07-15,40,3,22,16,48
3549,2026-07-16,40,3,17,16,48
3550,2026-07-17,40,3,48,16,48
3551,2026-07-18,40,3,44,16,48
3552,2026-07-19,40,3,40,16,48
3553,2026-07-20,40,3,35,16,48
3554,2026-07-21,40,3,31,16,48
3555,2026-07-22,40,3,26,16,48
3556,2026-07-23,40,3,23,16,48
3557,2026-07-24,40,3,19,16,48
3558,2026-07-25,40,3,48,16,48
3559,2026-07-26,40,3,45,16,48
3560,2026-07-27,40,3,41,16,48
3561,2026-07-28,40,3,37,16,48
3562,2026-07-29,40,3,33,16,48
3563,2026-07-30,40,3,29,16,48
3564,2026-07-31,40,3,25,16,48
3565,2026-08-01,40,3,21,16,48
3566,2026-08-02,40,3,17,16,48
3567,2026-08-03,40,3,48,16,48
3568,2026-08-04,40,3,44,16,48
3569,2026-08-05,40,3,41,16,48
3570,2026-08-06,40,3,37,16,48
3571,2026-05-29,40,4,131,48,144
3572,2026-05-30,40,4,113,48,144
3573,2026-05-31,40,4,102,48,144
3574,2026-06-01,40,4,90,48,144
3575,2026-06-02,40,4,76,48,144
3576,2026-06-03,40,4,63,48,144
3577,2026-06-04,40,4,52,48,144
3578,2026-06-05,40,4,144,48,144
3579,2026-06-06,40,4,123,48,144
3580,2026-06-07,40,4,108,48,144
3581,2026-06-08,40,4,96,48,144
3582,2026-06-09,40,4,86,48,144
3583,2026-06-10,40,4,75,48,144
3584,2026-06-11,40,4,64,48,144
3585,2026-06-12,40,4,48,48,144
3586,2026-06-13,40,4,144,48,144
3587,2026-06-14,40,4,125,48,144
3588,2026-06-15,40,4,114,48,144
3589,2026-06-16,40,4,101,48,144
3590,2026-06-17,40,4,91,48,144
3591,2026-06-18,40,4,76,48,144
3592,2026-06-19,40,4,65,48,144
3593,2026-06-20,40,4,51,48,144
3594,2026-06-21,40,4,144,48,144
3595,2026-06-22,40,4,133,48,144
3596,2026-06-23,40,4,121,48,144
3597,2026-06-24,40,4,110,48,144
3598,2026-06-25,40,4,96,48,144
3599,2026-06-26,40,4,86,48,144
3600,2026-06-27,40,4,71,48,144
3601,2026-06-28,40,4,52,48,144
3602,2026-06-29,40,4,144,48,144
3603,2026-06-30,40,4,132,48,144
3604,2026-07-01,40,4,116,48,144
3605,2026-07-02,40,4,102,48,144
3606,2026-07-03,40,4,90,48,144
3607,2026-07-04,40,4,69,48,144
3608,2026-07-05,40,4,52,48,144
3609,2026-07-06,40,4,144,48,144
3610,2026-07-07,40,4,131,48,144
3611,2026-07-08,40,4,116,48,144
3612,2026-07-09,40,4,106,48,144
3613,2026-07-10,40,4,93,48,144
3614,2026-07-11,40,4,81,48,144
3615,2026-07-12,40,4,62,48,144
3616,2026-07-13,40,4,53,48,144
3617,2026-07-14,40,4,144,48,144
3618,2026-07-15,40,4,136,48,144
3619,2026-07-16,40,4,124,48,144
3620,2026-07-17,40,4,116,48,144
3621,2026-07-18,40,4,97,48,144
3622,2026-07-19,40,4,82,48,144
3623,2026-07-20,40,4,71,48,144
3624,2026-07-21,40,4,54,48,144
3625,2026-07-22,40,4,144,48,144
3626,2026-07-23,40,4,133,48,144
3627,2026-07-24,40,4,123,48,144
3628,2026-07-25,40,4,107,48,144
3629,2026-07-26,40,4,91,48,144
3630,2026-07-27,40,4,81,48,144
3631,2026-07-28,40,4,73,48,144
3632,2026-07-29,40,4,58,48,144
3633,2026-07-30,40,4,49,48,144
3634,2026-07-31,40,4,144,48,144
3635,2026-08-01,40,4,129,48,144
3636,2026-08-02,40,4,113,48,144
3637,2026-08-03,40,4,101,48,144
3638,2026-08-04,40,4,86,48,144
3639,2026-08-05,40,4,74,48,144
3640,2026-08-06,40,4,64,48,144
3641,2026-05-29,40,5,53,19,57
3642,2026-05-30,40,5,48,19,57
3643,2026-05-31,40,5,44,19,57
3644,2026-06-01,40,5,39,19,57
3645,2026-06-02,40,5,32,19,57
3646,2026-06-03,40,5,26,19,57
3647,2026-06-04,40,5,21,19,57
3648,2026-06-05,40,5,57,19,57
3649,2026-06-06,40,5,50,19,57
3650,2026-06-07,40,5,46,19,57
3651,2026-06-08,40,5,42,19,57
3652,2026-06-09,40,5,37,19,57
3653,2026-06-10,40,5,31,19,57
3654,2026-06-11,40,5,26,19,57
3655,2026-06-12,40,5,20,19,57
3656,2026-06-13,40,5,57,19,57
3657,2026-06-14,40,5,50,19,57
3658,2026-06-15,40,5,44,19,57
3659,2026-06-16,40,5,41,19,57
3660,2026-06-17,40,5,36,19,57
3661,2026-06-18,40,5,32,19,57
3662,2026-06-19,40,5,27,19,57
3663,2026-06-20,40,5,21,19,57
3664,2026-06-21,40,5,57,19,57
3665,2026-06-22,40,5,51,19,57
3666,2026-06-23,40,5,47,19,57
3667,2026-06-24,40,5,43,19,57
3668,2026-06-25,40,5,39,19,57
3669,2026-06-26,40,5,33,19,57
3670,2026-06-27,40,5,26,19,57
3671,2026-06-28,40,5,57,19,57
3672,2026-06-29,40,5,51,19,57
3673,2026-06-30,40,5,46,19,57
3674,2026-07-01,40,5,41,19,57
3675,2026-07-02,40,5,36,19,57
3676,2026-07-03,40,5,30,19,57
3677,2026-07-04,40,5,23,19,57
3678,2026-07-05,40,5,57,19,57
3679,2026-07-06,40,5,53,19,57
3680,2026-07-07,40,5,47,19,57
3681,2026-07-08,40,5,43,19,57
3682,2026-07-09,40,5,36,19,57
3683,2026-07-10,40,5,31,19,57
3684,2026-07-11,40,5,24,19,57
3685,2026-07-12,40,5,57,19,57
3686,2026-07-13,40,5,52,19,57
3687,2026-07-14,40,5,48,19,57
3688,2026-07-15,40,5,44,19,57
3689,2026-07-16,40,5,40,19,57
3690,2026-07-17,40,5,35,19,57
3691,2026-07-18,40,5,29,19,57
3692,2026-07-19,40,5,21,19,57
3693,2026-07-20,40,5,57,19,57
3694,2026-07-21,40,5,50,19,57
3695,2026-07-22,40,5,46,19,57
3696,2026-07-23,40,5,40,19,57
3697,2026-07-24,40,5,36,19,57
3698,2026-07-25,40,5,31,19,57
3699,2026-07-26,40,5,23,19,57
3700,2026-07-27,40,5,20,19,57
3701,2026-07-28,40,5,57,19,57
3702,2026-07-29,40,5,50,19,57
3703,2026-07-30,40,5,46,19,57
3704,2026-07-31,40,5,42,19,57
3705,2026-08-01,40,5,36,19,57
3706,2026-08-02,40,5,28,19,57
3707,2026-08-03,40,5,24,19,57
3708,2026-08-04,40,5,19,19,57
3709,2026-08-05,40,5,57,19,57
3710,2026-08-06,40,5,52,19,57
3711,2026-05-29,40,6,88,32,96
3712,2026-05-30,40,6,74,32,96
3713,2026-05-31,40,6,61,32,96
3714,2026-06-01,40,6,53,32,96
3715,2026-06-02,40,6,43,32,96
3716,2026-06-03,40,6,96,32,96
3717,2026-06-04,40,6,87,32,96
3718,2026-06-05,40,6,79,32,96
3719,2026-06-06,40,6,71,32,96
3720,2026-06-07,40,6,62,32,96
3721,2026-06-08,40,6,54,32,96
3722,2026-06-09,40,6,45,32,96
3723,2026-06-10,40,6,38,32,96
3724,2026-06-11,40,6,96,32,96
3725,2026-06-12,40,6,86,32,96
3726,2026-06-13,40,6,79,32,96
3727,2026-06-14,40,6,71,32,96
3728,2026-06-15,40,6,61,32,96
3729,2026-06-16,40,6,53,32,96
3730,2026-06-17,40,6,44,32,96
3731,2026-06-18,40,6,32,32,96
3732,2026-06-19,40,6,96,32,96
3733,2026-06-20,40,6,85,32,96
3734,2026-06-21,40,6,75,32,96
3735,2026-06-22,40,6,67,32,96
3736,2026-06-23,40,6,60,32,96
3737,2026-06-24,40,6,56,32,96
3738,2026-06-25,40,6,51,32,96
3739,2026-06-26,40,6,44,32,96
3740,2026-06-27,40,6,34,32,96
3741,2026-06-28,40,6,96,32,96
3742,2026-06-29,40,6,88,32,96
3743,2026-06-30,40,6,77,32,96
3744,2026-07-01,40,6,72,32,96
3745,2026-07-02,40,6,62,32,96
3746,2026-07-03,40,6,53,32,96
3747,2026-07-04,40,6,46,32,96
3748,2026-07-05,40,6,35,32,96
3749,2026-07-06,40,6,96,32,96
3750,2026-07-07,40,6,88,32,96
3751,2026-07-08,40,6,81,32,96
3752,2026-07-09,40,6,75,32,96
3753,2026-07-10,40,6,70,32,96
3754,2026-07-11,40,6,56,32,96
3755,2026-07-12,40,6,45,32,96
3756,2026-07-13,40,6,36,32,96
3757,2026-07-14,40,6,96,32,96
3758,2026-07-15,40,6,85,32,96
3759,2026-07-16,40,6,78,32,96
3760,2026-07-17,40,6,69,32,96
3761,2026-07-18,40,6,60,32,96
3762,2026-07-19,40,6,49,32,96
3763,2026-07-20,40,6,42,32,96
3764,2026-07-21,40,6,35,32,96
3765,2026-07-22,40,6,96,32,96
3766,2026-07-23,40,6,89,32,96
3767,2026-07-24,40,6,81,32,96
3768,2026-07-25,40,6,67,32,96
3769,2026-07-26,40,6,55,32,96
3770,2026-07-27,40,6,49,32,96
3771,2026-07-28,40,6,40,32,96
3772,2026-07-29,40,6,32,32,96
3773,2026-07-30,40,6,96,32,96
3774,2026-07-31,40,6,87,32,96
3775,2026-08-01,40,6,75,32,96
3776,2026-08-02,40,6,67,32,96
3777,2026-08-03,40,6,53,32,96
3778,2026-08-04,40,6,45,32,96
3779,2026-08-05,40,6,37,32,96
3780,2026-08-06,40,6,96,32,96
3781,2026-05-29,40,7,71,26,78
3782,2026-05-30,40,7,66,26,78
3783,2026-05-31,40,7,60,26,78
3784,2026-06-01,40,7,55,26,78
3785,2026-06-02,40,7,48,26,78
3786,2026-06-03,40,7,41,26,78
3787,2026-06-04,40,7,36,26,78
3788,2026-06-05,40,7,30,26,78
3789,2026-06-06,40,7,78,26,78
3790,2026-06-07,40,7,73,26,78
3791,2026-06-08,40,7,66,26,78
3792,2026-06-09,40,7,58,26,78
3793,2026-06-10,40,7,54,26,78
3794,2026-06-11,40,7,48,26,78
3795,2026-06-12,40,7,41,26,78
3796,2026-06-13,40,7,34,26,78
3797,2026-06-14,40,7,28,26,78
3798,2026-06-15,40,7,78,26,78
3799,2026-06-16,40,7,74,26,78
3800,2026-06-17,40,7,68,26,78
3801,2026-06-18,40,7,61,26,78
3802,2026-06-19,40,7,56,26,78
3803,2026-06-20,40,7,51,26,78
3804,2026-06-21,40,7,47,26,78
3805,2026-06-22,40,7,44,26,78
3806,2026-06-23,40,7,41,26,78
3807,2026-06-24,40,7,37,26,78
3808,2026-06-25,40,7,32,26,78
3809,2026-06-26,40,7,29,26,78
3810,2026-06-27,40,7,78,26,78
3811,2026-06-28,40,7,73,26,78
3812,2026-06-29,40,7,68,26,78
3813,2026-06-30,40,7,64,26,78
3814,2026-07-01,40,7,60,26,78
3815,2026-07-02,40,7,56,26,78
3816,2026-07-03,40,7,52,26,78
3817,2026-07-04,40,7,48,26,78
3818,2026-07-05,40,7,44,26,78
3819,2026-07-06,40,7,41,26,78
3820,2026-07-07,40,7,37,26,78
3821,2026-07-08,40,7,34,26,78
3822,2026-07-09,40,7,30,26,78
3823,2026-07-10,40,7,27,26,78
3824,2026-07-11,40,7,78,26,78
3825,2026-07-12,40,7,76,26,78
3826,2026-07-13,40,7,73,26,78
3827,2026-07-14,40,7,71,26,78
3828,2026-07-15,40,7,68,26,78
3829,2026-07-16,40,7,65,26,78
3830,2026-07-17,40,7,62,26,78
3831,2026-07-18,40,7,61,26,78
3832,2026-07-19,40,7,59,26,78
3833,2026-07-20,40,7,57,26,78
3834,2026-07-21,40,7,55,26,78
3835,2026-07-22,40,7,53,26,78
3836,2026-07-23,40,7,50,26,78
3837,2026-07-24,40,7,48,26,78
3838,2026-07-25,40,7,46,26,78
3839,2026-07-26,40,7,43,26,78
3840,2026-07-27,40,7,41,26,78
3841,2026-07-28,40,7,39,26,78
3842,2026-07-29,40,7,36,26,78
3843,2026-07-30,40,7,34,26,78
3844,2026-07-31,40,7,31,26,78
3845,2026-08-01,40,7,29,26,78
3846,2026-08-02,40,7,26,26,78
3847,2026-08-03,40,7,78,26,78
3848,2026-08-04,40,7,75,26,78
3849,2026-08-05,40,7,73,26,78
3850,2026-08-06,40,7,71,26,78
3851,2026-05-29,40,8,44,16,48
3852,2026-05-30,40,8,39,16,48
3853,2026-05-31,40,8,35,16,48
3854,2026-06-01,40,8,31,16,48
3855,2026-06-02,40,8,28,16,48
3856,2026-06-03,40,8,23,16,48
3857,2026-06-04,40,8,19,16,48
3858,2026-06-05,40,8,48,16,48
3859,2026-06-06,40,8,44,16,48
3860,2026-06-07,40,8,41,16,48
3861,2026-06-08,40,8,37,16,48
3862,2026-06-09,40,8,31,16,48
3863,2026-06-10,40,8,27,16,48
3864,2026-06-11,40,8,23,16,48
3865,2026-06-12,40,8,19,16,48
3866,2026-06-13,40,8,48,16,48
3867,2026-06-14,40,8,44,16,48
3868,2026-06-15,40,8,41,16,48
3869,2026-06-16,40,8,37,16,48
3870,2026-06-17,40,8,33,16,48
3871,2026-06-18,40,8,30,16,48
3872,2026-06-19,40,8,27,16,48
3873,2026-06-20,40,8,23,16,48
3874,2026-06-21,40,8,21,16,48
3875,2026-06-22,40,8,17,16,48
3876,2026-06-23,40,8,48,16,48
3877,2026-06-24,40,8,43,16,48
3878,2026-06-25,40,8,39,16,48
3879,2026-06-26,40,8,37,16,48
3880,2026-06-27,40,8,32,16,48
3881,2026-06-28,40,8,28,16,48
3882,2026-06-29,40,8,24,16,48
3883,2026-06-30,40,8,20,16,48
3884,2026-07-01,40,8,16,16,48
3885,2026-07-02,40,8,48,16,48
3886,2026-07-03,40,8,44,16,48
3887,2026-07-04,40,8,40,16,48
3888,2026-07-05,40,8,35,16,48
3889,2026-07-06,40,8,31,16,48
3890,2026-07-07,40,8,26,16,48
3891,2026-07-08,40,8,22,16,48
3892,2026-07-09,40,8,17,16,48
3893,2026-07-10,40,8,48,16,48
3894,2026-07-11,40,8,45,16,48
3895,2026-07-12,40,8,41,16,48
3896,2026-07-13,40,8,36,16,48
3897,2026-07-14,40,8,31,16,48
3898,2026-07-15,40,8,26,16,48
3899,2026-07-16,40,8,21,16,48
3900,2026-07-17,40,8,48,16,48
3901,2026-07-18,40,8,44,16,48
3902,2026-07-19,40,8,41,16,48
3903,2026-07-20,40,8,38,16,48
3904,2026-07-21,40,8,33,16,48
3905,2026-07-22,40,8,28,16,48
3906,2026-07-23,40,8,25,16,48
3907,2026-07-24,40,8,22,16,48
3908,2026-07-25,40,8,18,16,48
3909,2026-07-26,40,8,16,16,48
3910,2026-07-27,40,8,48,16,48
3911,2026-07-28,40,8,43,16,48
3912,2026-07-29,40,8,39,16,48
3913,2026-07-30,40,8,35,16,48
3914,2026-07-31,40,8,31,16,48
3915,2026-08-01,40,8,27,16,48
3916,2026-08-02,40,8,23,16,48
3917,2026-08-03,40,8,21,16,48
3918,2026-08-04,40,8,18,16,48
3919,2026-08-05,40,8,48,16,48
3920,2026-08-06,40,8,43,16,48
3921,2026-05-29,40,9,27,10,30
3922,2026-05-30,40,9,25,10,30
3923,2026-05-31,40,9,22,10,30
3924,2026-06-01,40,9,20,10,30
3925,2026-06-02,40,9,17,10,30
3926,2026-06-03,40,9,15,10,30
3927,2026-06-04,40,9,13,10,30
3928,2026-06-05,40,9,11,10,30
3929,2026-06-06,40,9,30,10,30
3930,2026-06-07,40,9,28,10,30
3931,2026-06-08,40,9,25,10,30
3932,2026-06-09,40,9,22,10,30
3933,2026-06-10,40,9,19,10,30
3934,2026-06-11,40,9,16,10,30
3935,2026-06-12,40,9,14,10,30
3936,2026-06-13,40,9,11,10,30
3937,2026-06-14,40,9,30,10,30
3938,2026-06-15,40,9,28,10,30
3939,2026-06-16,40,9,26,10,30
3940,2026-06-17,40,9,23,10,30
3941,2026-06-18,40,9,21,10,30
3942,2026-06-19,40,9,19,10,30
3943,2026-06-20,40,9,16,10,30
3944,2026-06-21,40,9,13,10,30
3945,2026-06-22,40,9,11,10,30
3946,2026-06-23,40,9,30,10,30
3947,2026-06-24,40,9,28,10,30
3948,2026-06-25,40,9,25,10,30
3949,2026-06-26,40,9,23,10,30
3950,2026-06-27,40,9,21,10,30
3951,2026-06-28,40,9,19,10,30
3952,2026-06-29,40,9,16,10,30
3953,2026-06-30,40,9,13,10,30
3954,2026-07-01,40,9,10,10,30
3955,2026-07-02,40,9,30,10,30
3956,2026-07-03,40,9,28,10,30
3957,2026-07-04,40,9,27,10,30
3958,2026-07-05,40,9,25,10,30
3959,2026-07-06,40,9,23,10,30
3960,2026-07-07,40,9,20,10,30
3961,2026-07-08,40,9,18,10,30
3962,2026-07-09,40,9,16,10,30
3963,2026-07-10,40,9,14,10,30
3964,2026-07-11,40,9,12,10,30
3965,2026-07-12,40,9,30,10,30
3966,2026-07-13,40,9,28,10,30
3967,2026-07-14,40,9,26,10,30
3968,2026-07-15,40,9,24,10,30
3969,2026-07-16,40,9,22,10,30
3970,2026-07-17,40,9,20,10,30
3971,2026-07-18,40,9,18,10,30
3972,2026-07-19,40,9,16,10,30
3973,2026-07-20,40,9,14,10,30
3974,2026-07-21,40,9,11,10,30
3975,2026-07-22,40,9,10,10,30
3976,2026-07-23,40,9,30,10,30
3977,2026-07-24,40,9,28,10,30
3978,2026-07-25,40,9,26,10,30
3979,2026-07-26,40,9,24,10,30
3980,2026-07-27,40,9,22,10,30
3981,2026-07-28,40,9,20,10,30
3982,2026-07-29,40,9,17,10,30
3983,2026-07-30,40,9,14,10,30
3984,2026-07-31,40,9,12,10,30
3985,2026-08-01,40,9,10,10,30
3986,2026-08-02,40,9,30,10,30
3987,2026-08-03,40,9,28,10,30
3988,2026-08-04,40,9,26,10,30
3989,2026-08-05,40,9,24,10,30
3990,2026-08-06,40,9,23,10,30
3991,2026-05-29,40,10,35,13,39
3992,2026-05-30,40,10,32,13,39
3993,2026-05-31,40,10,29,13,39
3994,2026-06-01,40,10,27,13,39
3995,2026-06-02,40,10,24,13,39
3996,2026-06-03,40,10,20,13,39
3997,2026-06-04,40,10,16,13,39
3998,2026-06-05,40,10,39,13,39
3999,2026-06-06,40,10,36,13,39
4000,2026-06-07,40,10,33,13,39
4001,2026-06-08,40,10,30,13,39
4002,2026-06-09,40,10,25,13,39
4003,2026-06-10,40,10,23,13,39
4004,2026-06-11,40,10,21,13,39
4005,2026-06-12,40,10,18,13,39
4006,2026-06-13,40,10,14,13,39
4007,2026-06-14,40,10,39,13,39
4008,2026-06-15,40,10,36,13,39
4009,2026-06-16,40,10,33,13,39
4010,2026-06-17,40,10,30,13,39
4011,2026-06-18,40,10,26,13,39
4012,2026-06-19,40,10,22,13,39
4013,2026-06-20,40,10,18,13,39
4014,2026-06-21,40,10,15,13,39
4015,2026-06-22,40,10,39,13,39
4016,2026-06-23,40,10,35,13,39
4017,2026-06-24,40,10,31,13,39
4018,2026-06-25,40,10,28,13,39
4019,2026-06-26,40,10,25,13,39
4020,2026-06-27,40,10,22,13,39
4021,2026-06-28,40,10,18,13,39
4022,2026-06-29,40,10,14,13,39
4023,2026-06-30,40,10,39,13,39
4024,2026-07-01,40,10,36,13,39
4025,2026-07-02,40,10,33,13,39
4026,2026-07-03,40,10,29,13,39
4027,2026-07-04,40,10,26,13,39
4028,2026-07-05,40,10,23,13,39
4029,2026-07-06,40,10,19,13,39
4030,2026-07-07,40,10,14,13,39
4031,2026-07-08,40,10,39,13,39
4032,2026-07-09,40,10,36,13,39
4033,2026-07-10,40,10,33,13,39
4034,2026-07-11,40,10,29,13,39
4035,2026-07-12,40,10,26,13,39
4036,2026-07-13,40,10,23,13,39
4037,2026-07-14,40,10,18,13,39
4038,2026-07-15,40,10,16,13,39
4039,2026-07-16,40,10,13,13,39
4040,2026-07-17,40,10,39,13,39
4041,2026-07-18,40,10,37,13,39
4042,2026-07-19,40,10,34,13,39
4043,2026-07-20,40,10,30,13,39
4044,2026-07-21,40,10,26,13,39
4045,2026-07-22,40,10,24,13,39
4046,2026-07-23,40,10,21,13,39
4047,2026-07-24,40,10,17,13,39
4048,2026-07-25,40,10,13,13,39
4049,2026-07-26,40,10,39,13,39
4050,2026-07-27,40,10,37,13,39
4051,2026-07-28,40,10,34,13,39
4052,2026-07-29,40,10,31,13,39
4053,2026-07-30,40,10,28,13,39
4054,2026-07-31,40,10,25,13,39
4055,2026-08-01,40,10,22,13,39
4056,2026-08-02,40,10,19,13,39
4057,2026-08-03,40,10,16,13,39
4058,2026-08-04,40,10,13,13,39
4059,2026-08-05,40,10,39,13,39
4060,2026-08-06,40,10,36,13,39
4061,2026-05-29,40,11,53,19,57
4062,2026-05-30,40,11,47,19,57
4063,2026-05-31,40,11,43,19,57
4064,2026-06-01,40,11,39,19,57
4065,2026-06-02,40,11,34,19,57
4066,2026-06-03,40,11,29,19,57
4067,2026-06-04,40,11,24,19,57
4068,2026-06-05,40,11,21,19,57
4069,2026-06-06,40,11,57,19,57
4070,2026-06-07,40,11,51,19,57
4071,2026-06-08,40,11,46,19,57
4072,2026-06-09,40,11,41,19,57
4073,2026-06-10,40,11,35,19,57
4074,2026-06-11,40,11,30,19,57
4075,2026-06-12,40,11,25,19,57
4076,2026-06-13,40,11,21,19,57
4077,2026-06-14,40,11,57,19,57
4078,2026-06-15,40,11,51,19,57
4079,2026-06-16,40,11,44,19,57
4080,2026-06-17,40,11,40,19,57
4081,2026-06-18,40,11,36,19,57
4082,2026-06-19,40,11,32,19,57
4083,2026-06-20,40,11,28,19,57
4084,2026-06-21,40,11,24,19,57
4085,2026-06-22,40,11,57,19,57
4086,2026-06-23,40,11,50,19,57
4087,2026-06-24,40,11,45,19,57
4088,2026-06-25,40,11,41,19,57
4089,2026-06-26,40,11,35,19,57
4090,2026-06-27,40,11,30,19,57
4091,2026-06-28,40,11,25,19,57
4092,2026-06-29,40,11,22,19,57
4093,2026-06-30,40,11,57,19,57
4094,2026-07-01,40,11,53,19,57
4095,2026-07-02,40,11,47,19,57
4096,2026-07-03,40,11,42,19,57
4097,2026-07-04,40,11,38,19,57
4098,2026-07-05,40,11,33,19,57
4099,2026-07-06,40,11,28,19,57
4100,2026-07-07,40,11,24,19,57
4101,2026-07-08,40,11,19,19,57
4102,2026-07-09,40,11,57,19,57
4103,2026-07-10,40,11,51,19,57
4104,2026-07-11,40,11,45,19,57
4105,2026-07-12,40,11,39,19,57
4106,2026-07-13,40,11,35,19,57
4107,2026-07-14,40,11,29,19,57
4108,2026-07-15,40,11,23,19,57
4109,2026-07-16,40,11,57,19,57
4110,2026-07-17,40,11,51,19,57
4111,2026-07-18,40,11,46,19,57
4112,2026-07-19,40,11,42,19,57
4113,2026-07-20,40,11,36,19,57
4114,2026-07-21,40,11,29,19,57
4115,2026-07-22,40,11,24,19,57
4116,2026-07-23,40,11,19,19,57
4117,2026-07-24,40,11,57,19,57
4118,2026-07-25,40,11,51,19,57
4119,2026-07-26,40,11,45,19,57
4120,2026-07-27,40,11,40,19,57
4121,2026-07-28,40,11,35,19,57
4122,2026-07-29,40,11,29,19,57
4123,2026-07-30,40,11,25,19,57
4124,2026-07-31,40,11,21,19,57
4125,2026-08-01,40,11,57,19,57
4126,2026-08-02,40,11,54,19,57
4127,2026-08-03,40,11,49,19,57
4128,2026-08-04,40,11,43,19,57
4129,2026-08-05,40,11,37,19,57
4130,2026-08-06,40,11,32,19,57
4131,2026-05-29,40,12,43,16,48
4132,2026-05-30,40,12,39,16,48
4133,2026-05-31,40,12,35,16,48
4134,2026-06-01,40,12,32,16,48
4135,2026-06-02,40,12,29,16,48
4136,2026-06-03,40,12,26,16,48
4137,2026-06-04,40,12,20,16,48
4138,2026-06-05,40,12,48,16,48
4139,2026-06-06,40,12,44,16,48
4140,2026-06-07,40,12,40,16,48
4141,2026-06-08,40,12,36,16,48
4142,2026-06-09,40,12,33,16,48
4143,2026-06-10,40,12,29,16,48
4144,2026-06-11,40,12,26,16,48
4145,2026-06-12,40,12,20,16,48
4146,2026-06-13,40,12,16,16,48
4147,2026-06-14,40,12,48,16,48
4148,2026-06-15,40,12,43,16,48
4149,2026-06-16,40,12,39,16,48
4150,2026-06-17,40,12,35,16,48
4151,2026-06-18,40,12,31,16,48
4152,2026-06-19,40,12,27,16,48
4153,2026-06-20,40,12,24,16,48
4154,2026-06-21,40,12,19,16,48
4155,2026-06-22,40,12,48,16,48
4156,2026-06-23,40,12,44,16,48
4157,2026-06-24,40,12,40,16,48
4158,2026-06-25,40,12,37,16,48
4159,2026-06-26,40,12,33,16,48
4160,2026-06-27,40,12,30,16,48
4161,2026-06-28,40,12,27,16,48
4162,2026-06-29,40,12,23,16,48
4163,2026-06-30,40,12,19,16,48
4164,2026-07-01,40,12,48,16,48
4165,2026-07-02,40,12,43,16,48
4166,2026-07-03,40,12,39,16,48
4167,2026-07-04,40,12,34,16,48
4168,2026-07-05,40,12,29,16,48
4169,2026-07-06,40,12,26,16,48
4170,2026-07-07,40,12,21,16,48
4171,2026-07-08,40,12,17,16,48
4172,2026-07-09,40,12,48,16,48
4173,2026-07-10,40,12,43,16,48
4174,2026-07-11,40,12,38,16,48
4175,2026-07-12,40,12,34,16,48
4176,2026-07-13,40,12,29,16,48
4177,2026-07-14,40,12,26,16,48
4178,2026-07-15,40,12,23,16,48
4179,2026-07-16,40,12,19,16,48
4180,2026-07-17,40,12,48,16,48
4181,2026-07-18,40,12,44,16,48
4182,2026-07-19,40,12,40,16,48
4183,2026-07-20,40,12,36,16,48
4184,2026-07-21,40,12,33,16,48
4185,2026-07-22,40,12,29,16,48
4186,2026-07-23,40,12,25,16,48
4187,2026-07-24,40,12,20,16,48
4188,2026-07-25,40,12,16,16,48
4189,2026-07-26,40,12,48,16,48
4190,2026-07-27,40,12,43,16,48
4191,2026-07-28,40,12,40,16,48
4192,2026-07-29,40,12,36,16,48
4193,2026-07-30,40,12,33,16,48
4194,2026-07-31,40,12,29,16,48
4195,2026-08-01,40,12,24,16,48
4196,2026-08-02,40,12,20,16,48
4197,2026-08-03,40,12,48,16,48
4198,2026-08-04,40,12,44,16,48
4199,2026-08-05,40,12,40,16,48
4200,2026-08-06,40,12,36,16,48
4201,2026-05-29,40,13,27,10,30
4202,2026-05-30,40,13,24,10,30
4203,2026-05-31,40,13,21,10,30
4204,2026-06-01,40,13,18,10,30
4205,2026-06-02,40,13,16,10,30
4206,2026-06-03,40,13,13,10,30
4207,2026-06-04,40,13,10,10,30
4208,2026-06-05,40,13,30,10,30
4209,2026-06-06,40,13,29,10,30
4210,2026-06-07,40,13,26,10,30
4211,2026-06-08,40,13,24,10,30
4212,2026-06-09,40,13,21,10,30
4213,2026-06-10,40,13,19,10,30
4214,2026-06-11,40,13,16,10,30
4215,2026-06-12,40,13,13,10,30
4216,2026-06-13,40,13,11,10,30
4217,2026-06-14,40,13,30,10,30
4218,2026-06-15,40,13,28,10,30
4219,2026-06-16,40,13,26,10,30
4220,2026-06-17,40,13,23,10,30
4221,2026-06-18,40,13,22,10,30
4222,2026-06-19,40,13,20,10,30
4223,2026-06-20,40,13,18,10,30
4224,2026-06-21,40,13,15,10,30
4225,2026-06-22,40,13,13,10,30
4226,2026-06-23,40,13,11,10,30
4227,2026-06-24,40,13,30,10,30
4228,2026-06-25,40,13,29,10,30
4229,2026-06-26,40,13,27,10,30
4230,2026-06-27,40,13,25,10,30
4231,2026-06-28,40,13,23,10,30
4232,2026-06-29,40,13,21,10,30
4233,2026-06-30,40,13,18,10,30
4234,2026-07-01,40,13,15,10,30
4235,2026-07-02,40,13,13,10,30
4236,2026-07-03,40,13,10,10,30
4237,2026-07-04,40,13,30,10,30
4238,2026-07-05,40,13,28,10,30
4239,2026-07-06,40,13,25,10,30
4240,2026-07-07,40,13,22,10,30
4241,2026-07-08,40,13,20,10,30
4242,2026-07-09,40,13,18,10,30
4243,2026-07-10,40,13,15,10,30
4244,2026-07-11,40,13,13,10,30
4245,2026-07-12,40,13,11,10,30
4246,2026-07-13,40,13,30,10,30
4247,2026-07-14,40,13,28,10,30
4248,2026-07-15,40,13,26,10,30
4249,2026-07-16,40,13,23,10,30
4250,2026-07-17,40,13,21,10,30
4251,2026-07-18,40,13,19,10,30
4252,2026-07-19,40,13,17,10,30
4253,2026-07-20,40,13,14,10,30
4254,2026-07-21,40,13,11,10,30
4255,2026-07-22,40,13,30,10,30
4256,2026-07-23,40,13,27,10,30
4257,2026-07-24,40,13,24,10,30
4258,2026-07-25,40,13,21,10,30
4259,2026-07-26,40,13,18,10,30
4260,2026-07-27,40,13,16,10,30
4261,2026-07-28,40,13,14,10,30
4262,2026-07-29,40,13,11,10,30
4263,2026-07-30,40,13,30,10,30
4264,2026-07-31,40,13,27,10,30
4265,2026-08-01,40,13,24,10,30
4266,2026-08-02,40,13,21,10,30
4267,2026-08-03,40,13,19,10,30
4268,2026-08-04,40,13,16,10,30
4269,2026-08-05,40,13,14,10,30
4270,2026-08-06,40,13,12,10,30
4271,2026-05-29,40,14,83,29,87
4272,2026-05-30,40,14,73,29,87
4273,2026-05-31,40,14,63,29,87
4274,2026-06-01,40,14,55,29,87
4275,2026-06-02,40,14,50,29,87
4276,2026-06-03,40,14,43,29,87
4277,2026-06-04,40,14,38,29,87
4278,2026-06-05,40,14,87,29,87
4279,2026-06-06,40,14,78,29,87
4280,2026-06-07,40,14,66,29,87
4281,2026-06-08,40,14,58,29,87
4282,2026-06-09,40,14,49,29,87
4283,2026-06-10,40,14,39,29,87
4284,2026-06-11,40,14,35,29,87
4285,2026-06-12,40,14,87,29,87
4286,2026-06-13,40,14,74,29,87
4287,2026-06-14,40,14,66,29,87
4288,2026-06-15,40,14,59,29,87
4289,2026-06-16,40,14,52,29,87
4290,2026-06-17,40,14,46,29,87
4291,2026-06-18,40,14,35,29,87
4292,2026-06-19,40,14,87,29,87
4293,2026-06-20,40,14,77,29,87
4294,2026-06-21,40,14,67,29,87
4295,2026-06-22,40,14,60,29,87
4296,2026-06-23,40,14,54,29,87
4297,2026-06-24,40,14,49,29,87
4298,2026-06-25,40,14,42,29,87
4299,2026-06-26,40,14,35,29,87
4300,2026-06-27,40,14,87,29,87
4301,2026-06-28,40,14,77,29,87
4302,2026-06-29,40,14,70,29,87
4303,2026-06-30,40,14,62,29,87
4304,2026-07-01,40,14,53,29,87
4305,2026-07-02,40,14,44,29,87
4306,2026-07-03,40,14,34,29,87
4307,2026-07-04,40,14,87,29,87
4308,2026-07-05,40,14,77,29,87
4309,2026-07-06,40,14,71,29,87
4310,2026-07-07,40,14,62,29,87
4311,2026-07-08,40,14,56,29,87
4312,2026-07-09,40,14,49,29,87
4313,2026-07-10,40,14,44,29,87
4314,2026-07-11,40,14,32,29,87
4315,2026-07-12,40,14,87,29,87
4316,2026-07-13,40,14,78,29,87
4317,2026-07-14,40,14,70,29,87
4318,2026-07-15,40,14,61,29,87
4319,2026-07-16,40,14,55,29,87
4320,2026-07-17,40,14,48,29,87
4321,2026-07-18,40,14,37,29,87
4322,2026-07-19,40,14,87,29,87
4323,2026-07-20,40,14,81,29,87
4324,2026-07-21,40,14,74,29,87
4325,2026-07-22,40,14,64,29,87
4326,2026-07-23,40,14,59,29,87
4327,2026-07-24,40,14,52,29,87
4328,2026-07-25,40,14,46,29,87
4329,2026-07-26,40,14,34,29,87
4330,2026-07-27,40,14,87,29,87
4331,2026-07-28,40,14,80,29,87
4332,2026-07-29,40,14,74,29,87
4333,2026-07-30,40,14,66,29,87
4334,2026-07-31,40,14,61,29,87
4335,2026-08-01,40,14,53,29,87
4336,2026-08-02,40,14,47,29,87
4337,2026-08-03,40,14,40,29,87
4338,2026-08-04,40,14,34,29,87
4339,2026-08-05,40,14,87,29,87
4340,2026-08-06,40,14,79,29,87
4341,2026-05-29,40,15,72,26,78
4342,2026-05-30,40,15,67,26,78
4343,2026-05-31,40,15,59,26,78
4344,2026-06-01,40,15,54,26,78
4345,2026-06-02,40,15,48,26,78
4346,2026-06-03,40,15,43,26,78
4347,2026-06-04,40,15,37,26,78
4348,2026-06-05,40,15,30,26,78
4349,2026-06-06,40,15,78,26,78
4350,2026-06-07,40,15,70,26,78
4351,2026-06-08,40,15,64,26,78
4352,2026-06-09,40,15,55,26,78
4353,2026-06-10,40,15,50,26,78
4354,2026-06-11,40,15,42,26,78
4355,2026-06-12,40,15,36,26,78
4356,2026-06-13,40,15,29,26,78
4357,2026-06-14,40,15,78,26,78
4358,2026-06-15,40,15,72,26,78
4359,2026-06-16,40,15,65,26,78
4360,2026-06-17,40,15,59,26,78
4361,2026-06-18,40,15,51,26,78
4362,2026-06-19,40,15,45,26,78
4363,2026-06-20,40,15,36,26,78
4364,2026-06-21,40,15,28,26,78
4365,2026-06-22,40,15,78,26,78
4366,2026-06-23,40,15,74,26,78
4367,2026-06-24,40,15,67,26,78
4368,2026-06-25,40,15,61,26,78
4369,2026-06-26,40,15,54,26,78
4370,2026-06-27,40,15,48,26,78
4371,2026-06-28,40,15,40,26,78
4372,2026-06-29,40,15,35,26,78
4373,2026-06-30,40,15,28,26,78
4374,2026-07-01,40,15,78,26,78
4375,2026-07-02,40,15,74,26,78
4376,2026-07-03,40,15,67,26,78
4377,2026-07-04,40,15,58,26,78
4378,2026-07-05,40,15,48,26,78
4379,2026-07-06,40,15,41,26,78
4380,2026-07-07,40,15,34,26,78
4381,2026-07-08,40,15,27,26,78
4382,2026-07-09,40,15,78,26,78
4383,2026-07-10,40,15,71,26,78
4384,2026-07-11,40,15,65,26,78
4385,2026-07-12,40,15,55,26,78
4386,2026-07-13,40,15,51,26,78
4387,2026-07-14,40,15,45,26,78
4388,2026-07-15,40,15,38,26,78
4389,2026-07-16,40,15,28,26,78
4390,2026-07-17,40,15,78,26,78
4391,2026-07-18,40,15,69,26,78
4392,2026-07-19,40,15,62,26,78
4393,2026-07-20,40,15,57,26,78
4394,2026-07-21,40,15,50,26,78
4395,2026-07-22,40,15,44,26,78
4396,2026-07-23,40,15,37,26,78
4397,2026-07-24,40,15,31,26,78
4398,2026-07-25,40,15,78,26,78
4399,2026-07-26,40,15,70,26,78
4400,2026-07-27,40,15,62,26,78
4401,2026-07-28,40,15,55,26,78
4402,2026-07-29,40,15,49,26,78
4403,2026-07-30,40,15,43,26,78
4404,2026-07-31,40,15,37,26,78
4405,2026-08-01,40,15,26,26,78
4406,2026-08-02,40,15,78,26,78
4407,2026-08-03,40,15,71,26,78
4408,2026-08-04,40,15,64,26,78
4409,2026-08-05,40,15,58,26,78
4410,2026-08-06,40,15,52,26,78
4411,2026-05-29,40,16,59,22,66
4412,2026-05-30,40,16,53,22,66
4413,2026-05-31,40,16,47,22,66
4414,2026-06-01,40,16,42,22,66
4415,2026-06-02,40,16,37,22,66
4416,2026-06-03,40,16,29,22,66
4417,2026-06-04,40,16,22,22,66
4418,2026-06-05,40,16,66,22,66
4419,2026-06-06,40,16,59,22,66
4420,2026-06-07,40,16,52,22,66
4421,2026-06-08,40,16,45,22,66
4422,2026-06-09,40,16,38,22,66
4423,2026-06-10,40,16,33,22,66
4424,2026-06-11,40,16,29,22,66
4425,2026-06-12,40,16,26,22,66
4426,2026-06-13,40,16,66,22,66
4427,2026-06-14,40,16,57,22,66
4428,2026-06-15,40,16,51,22,66
4429,2026-06-16,40,16,47,22,66
4430,2026-06-17,40,16,41,22,66
4431,2026-06-18,40,16,36,22,66
4432,2026-06-19,40,16,29,22,66
4433,2026-06-20,40,16,23,22,66
4434,2026-06-21,40,16,66,22,66
4435,2026-06-22,40,16,60,22,66
4436,2026-06-23,40,16,55,22,66
4437,2026-06-24,40,16,51,22,66
4438,2026-06-25,40,16,46,22,66
4439,2026-06-26,40,16,40,22,66
4440,2026-06-27,40,16,32,22,66
4441,2026-06-28,40,16,28,22,66
4442,2026-06-29,40,16,23,22,66
4443,2026-06-30,40,16,66,22,66
4444,2026-07-01,40,16,59,22,66
4445,2026-07-02,40,16,54,22,66
4446,2026-07-03,40,16,48,22,66
4447,2026-07-04,40,16,39,22,66
4448,2026-07-05,40,16,32,22,66
4449,2026-07-06,40,16,25,22,66
4450,2026-07-07,40,16,66,22,66
4451,2026-07-08,40,16,58,22,66
4452,2026-07-09,40,16,52,22,66
4453,2026-07-10,40,16,47,22,66
4454,2026-07-11,40,16,40,22,66
4455,2026-07-12,40,16,31,22,66
4456,2026-07-13,40,16,25,22,66
4457,2026-07-14,40,16,66,22,66
4458,2026-07-15,40,16,61,22,66
4459,2026-07-16,40,16,55,22,66
4460,2026-07-17,40,16,51,22,66
4461,2026-07-18,40,16,45,22,66
4462,2026-07-19,40,16,37,22,66
4463,2026-07-20,40,16,32,22,66
4464,2026-07-21,40,16,26,22,66
4465,2026-07-22,40,16,66,22,66
4466,2026-07-23,40,16,62,22,66
4467,2026-07-24,40,16,57,22,66
4468,2026-07-25,40,16,52,22,66
4469,2026-07-26,40,16,43,22,66
4470,2026-07-27,40,16,38,22,66
4471,2026-07-28,40,16,31,22,66
4472,2026-07-29,40,16,23,22,66
4473,2026-07-30,40,16,66,22,66
4474,2026-07-31,40,16,60,22,66
4475,2026-08-01,40,16,51,22,66
4476,2026-08-02,40,16,41,22,66
4477,2026-08-03,40,16,35,22,66
4478,2026-08-04,40,16,31,22,66
4479,2026-08-05,40,16,25,22,66
4480,2026-08-06,40,16,66,22,66
4481,2026-05-29,50,1,47,17,51
4482,2026-05-30,50,1,42,17,51
4483,2026-05-31,50,1,38,17,51
4484,2026-06-01,50,1,34,17,51
4485,2026-06-02,50,1,29,17,51
4486,2026-06-03,50,1,24,17,51
4487,2026-06-04,50,1,21,17,51
4488,2026-06-05,50,1,17,17,51
4489,2026-06-06,50,1,51,17,51
4490,2026-06-07,50,1,47,17,51
4491,2026-06-08,50,1,42,17,51
4492,2026-06-09,50,1,38,17,51
4493,2026-06-10,50,1,34,17,51
4494,2026-06-11,50,1,29,17,51
4495,2026-06-12,50,1,25,17,51
4496,2026-06-13,50,1,22,17,51
4497,2026-06-14,50,1,17,17,51
4498,2026-06-15,50,1,51,17,51
4499,2026-06-16,50,1,47,17,51
4500,2026-06-17,50,1,43,17,51
4501,2026-06-18,50,1,40,17,51
4502,2026-06-19,50,1,37,17,51
4503,2026-06-20,50,1,35,17,51
4504,2026-06-21,50,1,30,17,51
4505,2026-06-22,50,1,25,17,51
4506,2026-06-23,50,1,22,17,51
4507,2026-06-24,50,1,17,17,51
4508,2026-06-25,50,1,51,17,51
4509,2026-06-26,50,1,48,17,51
4510,2026-06-27,50,1,45,17,51
4511,2026-06-28,50,1,41,17,51
4512,2026-06-29,50,1,36,17,51
4513,2026-06-30,50,1,31,17,51
4514,2026-07-01,50,1,28,17,51
4515,2026-07-02,50,1,24,17,51
4516,2026-07-03,50,1,20,17,51
4517,2026-07-04,50,1,17,17,51
4518,2026-07-05,50,1,51,17,51
4519,2026-07-06,50,1,49,17,51
4520,2026-07-07,50,1,45,17,51
4521,2026-07-08,50,1,40,17,51
4522,2026-07-09,50,1,35,17,51
4523,2026-07-10,50,1,31,17,51
4524,2026-07-11,50,1,26,17,51
4525,2026-07-12,50,1,22,17,51
4526,2026-07-13,50,1,18,17,51
4527,2026-07-14,50,1,51,17,51
4528,2026-07-15,50,1,48,17,51
4529,2026-07-16,50,1,44,17,51
4530,2026-07-17,50,1,40,17,51
4531,2026-07-18,50,1,35,17,51
4532,2026-07-19,50,1,32,17,51
4533,2026-07-20,50,1,27,17,51
4534,2026-07-21,50,1,25,17,51
4535,2026-07-22,50,1,21,17,51
4536,2026-07-23,50,1,17,17,51
4537,2026-07-24,50,1,51,17,51
4538,2026-07-25,50,1,48,17,51
4539,2026-07-26,50,1,44,17,51
4540,2026-07-27,50,1,40,17,51
4541,2026-07-28,50,1,35,17,51
4542,2026-07-29,50,1,30,17,51
4543,2026-07-30,50,1,26,17,51
4544,2026-07-31,50,1,22,17,51
4545,2026-08-01,50,1,17,17,51
4546,2026-08-02,50,1,51,17,51
4547,2026-08-03,50,1,45,17,51
4548,2026-08-04,50,1,42,17,51
4549,2026-08-05,50,1,38,17,51
4550,2026-08-06,50,1,33,17,51
4551,2026-05-29,50,2,28,10,30
4552,2026-05-30,50,2,26,10,30
4553,2026-05-31,50,2,23,10,30
4554,2026-06-01,50,2,20,10,30
4555,2026-06-02,50,2,17,10,30
4556,2026-06-03,50,2,14,10,30
4557,2026-06-04,50,2,12,10,30
4558,2026-06-05,50,2,30,10,30
4559,2026-06-06,50,2,27,10,30
4560,2026-06-07,50,2,25,10,30
4561,2026-06-08,50,2,23,10,30
4562,2026-06-09,50,2,21,10,30
4563,2026-06-10,50,2,19,10,30
4564,2026-06-11,50,2,16,10,30
4565,2026-06-12,50,2,14,10,30
4566,2026-06-13,50,2,12,10,30
4567,2026-06-14,50,2,30,10,30
4568,2026-06-15,50,2,28,10,30
4569,2026-06-16,50,2,26,10,30
4570,2026-06-17,50,2,23,10,30
4571,2026-06-18,50,2,20,10,30
4572,2026-06-19,50,2,17,10,30
4573,2026-06-20,50,2,15,10,30
4574,2026-06-21,50,2,13,10,30
4575,2026-06-22,50,2,10,10,30
4576,2026-06-23,50,2,30,10,30
4577,2026-06-24,50,2,26,10,30
4578,2026-06-25,50,2,24,10,30
4579,2026-06-26,50,2,22,10,30
4580,2026-06-27,50,2,19,10,30
4581,2026-06-28,50,2,16,10,30
4582,2026-06-29,50,2,14,10,30
4583,2026-06-30,50,2,12,10,30
4584,2026-07-01,50,2,10,10,30
4585,2026-07-02,50,2,30,10,30
4586,2026-07-03,50,2,27,10,30
4587,2026-07-04,50,2,24,10,30
4588,2026-07-05,50,2,20,10,30
4589,2026-07-06,50,2,17,10,30
4590,2026-07-07,50,2,14,10,30
4591,2026-07-08,50,2,11,10,30
4592,2026-07-09,50,2,30,10,30
4593,2026-07-10,50,2,27,10,30
4594,2026-07-11,50,2,24,10,30
4595,2026-07-12,50,2,22,10,30
4596,2026-07-13,50,2,20,10,30
4597,2026-07-14,50,2,18,10,30
4598,2026-07-15,50,2,15,10,30
4599,2026-07-16,50,2,12,10,30
4600,2026-07-17,50,2,30,10,30
4601,2026-07-18,50,2,28,10,30
4602,2026-07-19,50,2,26,10,30
4603,2026-07-20,50,2,24,10,30
4604,2026-07-21,50,2,22,10,30
4605,2026-07-22,50,2,19,10,30
4606,2026-07-23,50,2,17,10,30
4607,2026-07-24,50,2,14,10,30
4608,2026-07-25,50,2,11,10,30
4609,2026-07-26,50,2,30,10,30
4610,2026-07-27,50,2,28,10,30
4611,2026-07-28,50,2,26,10,30
4612,2026-07-29,50,2,23,10,30
4613,2026-07-30,50,2,21,10,30
4614,2026-07-31,50,2,18,10,30
4615,2026-08-01,50,2,15,10,30
4616,2026-08-02,50,2,12,10,30
4617,2026-08-03,50,2,30,10,30
4618,2026-08-04,50,2,28,10,30
4619,2026-08-05,50,2,26,10,30
4620,2026-08-06,50,2,24,10,30
4621,2026-05-29,50,3,33,12,36
4622,2026-05-30,50,3,29,12,36
4623,2026-05-31,50,3,26,12,36
4624,2026-06-01,50,3,24,12,36
4625,2026-06-02,50,3,21,12,36
4626,2026-06-03,50,3,18,12,36
4627,2026-06-04,50,3,15,12,36
4628,2026-06-05,50,3,13,12,36
4629,2026-06-06,50,3,36,12,36
4630,2026-06-07,50,3,33,12,36
4631,2026-06-08,50,3,30,12,36
4632,2026-06-09,50,3,26,12,36
4633,2026-06-10,50,3,23,12,36
4634,2026-06-11,50,3,20,12,36
4635,2026-06-12,50,3,16,12,36
4636,2026-06-13,50,3,12,12,36
4637,2026-06-14,50,3,36,12,36
4638,2026-06-15,50,3,32,12,36
4639,2026-06-16,50,3,29,12,36
4640,2026-06-17,50,3,27,12,36
4641,2026-06-18,50,3,25,12,36
4642,2026-06-19,50,3,22,12,36
4643,2026-06-20,50,3,20,12,36
4644,2026-06-21,50,3,17,12,36
4645,2026-06-22,50,3,14,12,36
4646,2026-06-23,50,3,12,12,36
4647,2026-06-24,50,3,36,12,36
4648,2026-06-25,50,3,33,12,36
4649,2026-06-26,50,3,30,12,36
4650,2026-06-27,50,3,27,12,36
4651,2026-06-28,50,3,24,12,36
4652,2026-06-29,50,3,21,12,36
4653,2026-06-30,50,3,18,12,36
4654,2026-07-01,50,3,16,12,36
4655,2026-07-02,50,3,14,12,36
4656,2026-07-03,50,3,12,12,36
4657,2026-07-04,50,3,36,12,36
4658,2026-07-05,50,3,33,12,36
4659,2026-07-06,50,3,30,12,36
4660,2026-07-07,50,3,27,12,36
4661,2026-07-08,50,3,24,12,36
4662,2026-07-09,50,3,22,12,36
4663,2026-07-10,50,3,18,12,36
4664,2026-07-11,50,3,14,12,36
4665,2026-07-12,50,3,36,12,36
4666,2026-07-13,50,3,33,12,36
4667,2026-07-14,50,3,30,12,36
4668,2026-07-15,50,3,27,12,36
4669,2026-07-16,50,3,24,12,36
4670,2026-07-17,50,3,21,12,36
4671,2026-07-18,50,3,19,12,36
4672,2026-07-19,50,3,16,12,36
4673,2026-07-20,50,3,13,12,36
4674,2026-07-21,50,3,36,12,36
4675,2026-07-22,50,3,32,12,36
4676,2026-07-23,50,3,29,12,36
4677,2026-07-24,50,3,26,12,36
4678,2026-07-25,50,3,23,12,36
4679,2026-07-26,50,3,20,12,36
4680,2026-07-27,50,3,18,12,36
4681,2026-07-28,50,3,14,12,36
4682,2026-07-29,50,3,36,12,36
4683,2026-07-30,50,3,33,12,36
4684,2026-07-31,50,3,31,12,36
4685,2026-08-01,50,3,28,12,36
4686,2026-08-02,50,3,25,12,36
4687,2026-08-03,50,3,22,12,36
4688,2026-08-04,50,3,18,12,36
4689,2026-08-05,50,3,15,12,36
4690,2026-08-06,50,3,36,12,36
4691,2026-05-29,50,4,98,36,108
4692,2026-05-30,50,4,88,36,108
4693,2026-05-31,50,4,78,36,108
4694,2026-06-01,50,4,71,36,108
4695,2026-06-02,50,4,64,36,108
4696,2026-06-03,50,4,53,36,108
4697,2026-06-04,50,4,42,36,108
4698,2026-06-05,50,4,108,36,108
4699,2026-06-06,50,4,94,36,108
4700,2026-06-07,50,4,85,36,108
4701,2026-06-08,50,4,75,36,108
4702,2026-06-09,50,4,66,36,108
4703,2026-06-10,50,4,57,36,108
4704,2026-06-11,50,4,47,36,108
4705,2026-06-12,50,4,38,36,108
4706,2026-06-13,50,4,108,36,108
4707,2026-06-14,50,4,97,36,108
4708,2026-06-15,50,4,86,36,108
4709,2026-06-16,50,4,79,36,108
4710,2026-06-17,50,4,71,36,108
4711,2026-06-18,50,4,61,36,108
4712,2026-06-19,50,4,51,36,108
4713,2026-06-20,50,4,38,36,108
4714,2026-06-21,50,4,108,36,108
4715,2026-06-22,50,4,99,36,108
4716,2026-06-23,50,4,92,36,108
4717,2026-06-24,50,4,82,36,108
4718,2026-06-25,50,4,75,36,108
4719,2026-06-26,50,4,65,36,108
4720,2026-06-27,50,4,52,36,108
4721,2026-06-28,50,4,42,36,108
4722,2026-06-29,50,4,108,36,108
4723,2026-06-30,50,4,95,36,108
4724,2026-07-01,50,4,86,36,108
4725,2026-07-02,50,4,80,36,108
4726,2026-07-03,50,4,69,36,108
4727,2026-07-04,50,4,57,36,108
4728,2026-07-05,50,4,46,36,108
4729,2026-07-06,50,4,37,36,108
4730,2026-07-07,50,4,108,36,108
4731,2026-07-08,50,4,100,36,108
4732,2026-07-09,50,4,92,36,108
4733,2026-07-10,50,4,84,36,108
4734,2026-07-11,50,4,74,36,108
4735,2026-07-12,50,4,60,36,108
4736,2026-07-13,50,4,50,36,108
4737,2026-07-14,50,4,41,36,108
4738,2026-07-15,50,4,108,36,108
4739,2026-07-16,50,4,100,36,108
4740,2026-07-17,50,4,93,36,108
4741,2026-07-18,50,4,79,36,108
4742,2026-07-19,50,4,68,36,108
4743,2026-07-20,50,4,56,36,108
4744,2026-07-21,50,4,48,36,108
4745,2026-07-22,50,4,36,36,108
4746,2026-07-23,50,4,108,36,108
4747,2026-07-24,50,4,102,36,108
4748,2026-07-25,50,4,93,36,108
4749,2026-07-26,50,4,79,36,108
4750,2026-07-27,50,4,68,36,108
4751,2026-07-28,50,4,59,36,108
4752,2026-07-29,50,4,54,36,108
4753,2026-07-30,50,4,46,36,108
4754,2026-07-31,50,4,37,36,108
4755,2026-08-01,50,4,108,36,108
4756,2026-08-02,50,4,101,36,108
4757,2026-08-03,50,4,92,36,108
4758,2026-08-04,50,4,82,36,108
4759,2026-08-05,50,4,76,36,108
4760,2026-08-06,50,4,68,36,108
4761,2026-05-29,50,5,38,14,42
4762,2026-05-30,50,5,33,14,42
4763,2026-05-31,50,5,27,14,42
4764,2026-06-01,50,5,23,14,42
4765,2026-06-02,50,5,19,14,42
4766,2026-06-03,50,5,15,14,42
4767,2026-06-04,50,5,42,14,42
4768,2026-06-05,50,5,39,14,42
4769,2026-06-06,50,5,33,14,42
4770,2026-06-07,50,5,27,14,42
4771,2026-06-08,50,5,25,14,42
4772,2026-06-09,50,5,20,14,42
4773,2026-06-10,50,5,16,14,42
4774,2026-06-11,50,5,42,14,42
4775,2026-06-12,50,5,39,14,42
4776,2026-06-13,50,5,32,14,42
4777,2026-06-14,50,5,26,14,42
4778,2026-06-15,50,5,23,14,42
4779,2026-06-16,50,5,19,14,42
4780,2026-06-17,50,5,15,14,42
4781,2026-06-18,50,5,42,14,42
4782,2026-06-19,50,5,37,14,42
4783,2026-06-20,50,5,31,14,42
4784,2026-06-21,50,5,25,14,42
4785,2026-06-22,50,5,21,14,42
4786,2026-06-23,50,5,17,14,42
4787,2026-06-24,50,5,14,14,42
4788,2026-06-25,50,5,42,14,42
4789,2026-06-26,50,5,39,14,42
4790,2026-06-27,50,5,34,14,42
4791,2026-06-28,50,5,31,14,42
4792,2026-06-29,50,5,29,14,42
4793,2026-06-30,50,5,25,14,42
4794,2026-07-01,50,5,21,14,42
4795,2026-07-02,50,5,17,14,42
4796,2026-07-03,50,5,42,14,42
4797,2026-07-04,50,5,36,14,42
4798,2026-07-05,50,5,30,14,42
4799,2026-07-06,50,5,26,14,42
4800,2026-07-07,50,5,21,14,42
4801,2026-07-08,50,5,18,14,42
4802,2026-07-09,50,5,15,14,42
4803,2026-07-10,50,5,42,14,42
4804,2026-07-11,50,5,38,14,42
4805,2026-07-12,50,5,33,14,42
4806,2026-07-13,50,5,29,14,42
4807,2026-07-14,50,5,25,14,42
4808,2026-07-15,50,5,22,14,42
4809,2026-07-16,50,5,19,14,42
4810,2026-07-17,50,5,15,14,42
4811,2026-07-18,50,5,42,14,42
4812,2026-07-19,50,5,39,14,42
4813,2026-07-20,50,5,36,14,42
4814,2026-07-21,50,5,33,14,42
4815,2026-07-22,50,5,29,14,42
4816,2026-07-23,50,5,26,14,42
4817,2026-07-24,50,5,23,14,42
4818,2026-07-25,50,5,18,14,42
4819,2026-07-26,50,5,14,14,42
4820,2026-07-27,50,5,42,14,42
4821,2026-07-28,50,5,38,14,42
4822,2026-07-29,50,5,34,14,42
4823,2026-07-30,50,5,30,14,42
4824,2026-07-31,50,5,26,14,42
4825,2026-08-01,50,5,21,14,42
4826,2026-08-02,50,5,18,14,42
4827,2026-08-03,50,5,14,14,42
4828,2026-08-04,50,5,42,14,42
4829,2026-08-05,50,5,37,14,42
4830,2026-08-06,50,5,34,14,42
4831,2026-05-29,50,6,67,24,72
4832,2026-05-30,50,6,59,24,72
4833,2026-05-31,50,6,53,24,72
4834,2026-06-01,50,6,45,24,72
4835,2026-06-02,50,6,41,24,72
4836,2026-06-03,50,6,37,24,72
4837,2026-06-04,50,6,30,24,72
4838,2026-06-05,50,6,25,24,72
4839,2026-06-06,50,6,72,24,72
4840,2026-06-07,50,6,61,24,72
4841,2026-06-08,50,6,58,24,72
4842,2026-06-09,50,6,50,24,72
4843,2026-06-10,50,6,45,24,72
4844,2026-06-11,50,6,39,24,72
4845,2026-06-12,50,6,36,24,72
4846,2026-06-13,50,6,27,24,72
4847,2026-06-14,50,6,72,24,72
4848,2026-06-15,50,6,66,24,72
4849,2026-06-16,50,6,58,24,72
4850,2026-06-17,50,6,49,24,72
4851,2026-06-18,50,6,43,24,72
4852,2026-06-19,50,6,36,24,72
4853,2026-06-20,50,6,27,24,72
4854,2026-06-21,50,6,72,24,72
4855,2026-06-22,50,6,66,24,72
4856,2026-06-23,50,6,59,24,72
4857,2026-06-24,50,6,53,24,72
4858,2026-06-25,50,6,46,24,72
4859,2026-06-26,50,6,41,24,72
4860,2026-06-27,50,6,35,24,72
4861,2026-06-28,50,6,28,24,72
4862,2026-06-29,50,6,72,24,72
4863,2026-06-30,50,6,65,24,72
4864,2026-07-01,50,6,59,24,72
4865,2026-07-02,50,6,52,24,72
4866,2026-07-03,50,6,48,24,72
4867,2026-07-04,50,6,39,24,72
4868,2026-07-05,50,6,30,24,72
4869,2026-07-06,50,6,26,24,72
4870,2026-07-07,50,6,72,24,72
4871,2026-07-08,50,6,66,24,72
4872,2026-07-09,50,6,61,24,72
4873,2026-07-10,50,6,55,24,72
4874,2026-07-11,50,6,46,24,72
4875,2026-07-12,50,6,39,24,72
4876,2026-07-13,50,6,33,24,72
4877,2026-07-14,50,6,26,24,72
4878,2026-07-15,50,6,72,24,72
4879,2026-07-16,50,6,66,24,72
4880,2026-07-17,50,6,61,24,72
4881,2026-07-18,50,6,53,24,72
4882,2026-07-19,50,6,45,24,72
4883,2026-07-20,50,6,41,24,72
4884,2026-07-21,50,6,34,24,72
4885,2026-07-22,50,6,28,24,72
4886,2026-07-23,50,6,72,24,72
4887,2026-07-24,50,6,67,24,72
4888,2026-07-25,50,6,59,24,72
4889,2026-07-26,50,6,51,24,72
4890,2026-07-27,50,6,45,24,72
4891,2026-07-28,50,6,39,24,72
4892,2026-07-29,50,6,33,24,72
4893,2026-07-30,50,6,28,24,72
4894,2026-07-31,50,6,72,24,72
4895,2026-08-01,50,6,65,24,72
4896,2026-08-02,50,6,57,24,72
4897,2026-08-03,50,6,52,24,72
4898,2026-08-04,50,6,48,24,72
4899,2026-08-05,50,6,41,24,72
4900,2026-08-06,50,6,33,24,72
4901,2026-05-29,50,7,53,19,57
4902,2026-05-30,50,7,50,19,57
4903,2026-05-31,50,7,45,19,57
4904,2026-06-01,50,7,40,19,57
4905,2026-06-02,50,7,35,19,57
4906,2026-06-03,50,7,30,19,57
4907,2026-06-04,50,7,25,19,57
4908,2026-06-05,50,7,20,19,57
4909,2026-06-06,50,7,57,19,57
4910,2026-06-07,50,7,52,19,57
4911,2026-06-08,50,7,45,19,57
4912,2026-06-09,50,7,40,19,57
4913,2026-06-10,50,7,35,19,57
4914,2026-06-11,50,7,32,19,57
4915,2026-06-12,50,7,28,19,57
4916,2026-06-13,50,7,23,19,57
4917,2026-06-14,50,7,19,19,57
4918,2026-06-15,50,7,57,19,57
4919,2026-06-16,50,7,53,19,57
4920,2026-06-17,50,7,48,19,57
4921,2026-06-18,50,7,45,19,57
4922,2026-06-19,50,7,40,19,57
4923,2026-06-20,50,7,34,19,57
4924,2026-06-21,50,7,29,19,57
4925,2026-06-22,50,7,25,19,57
4926,2026-06-23,50,7,20,19,57
4927,2026-06-24,50,7,57,19,57
4928,2026-06-25,50,7,54,19,57
4929,2026-06-26,50,7,47,19,57
4930,2026-06-27,50,7,44,19,57
4931,2026-06-28,50,7,40,19,57
4932,2026-06-29,50,7,33,19,57
4933,2026-06-30,50,7,29,19,57
4934,2026-07-01,50,7,24,19,57
4935,2026-07-02,50,7,57,19,57
4936,2026-07-03,50,7,52,19,57
4937,2026-07-04,50,7,48,19,57
4938,2026-07-05,50,7,42,19,57
4939,2026-07-06,50,7,37,19,57
4940,2026-07-07,50,7,33,19,57
4941,2026-07-08,50,7,29,19,57
4942,2026-07-09,50,7,25,19,57
4943,2026-07-10,50,7,22,19,57
4944,2026-07-11,50,7,57,19,57
4945,2026-07-12,50,7,52,19,57
4946,2026-07-13,50,7,47,19,57
4947,2026-07-14,50,7,43,19,57
4948,2026-07-15,50,7,39,19,57
4949,2026-07-16,50,7,34,19,57
4950,2026-07-17,50,7,29,19,57
4951,2026-07-18,50,7,26,19,57
4952,2026-07-19,50,7,21,19,57
4953,2026-07-20,50,7,57,19,57
4954,2026-07-21,50,7,53,19,57
4955,2026-07-22,50,7,47,19,57
4956,2026-07-23,50,7,43,19,57
4957,2026-07-24,50,7,39,19,57
4958,2026-07-25,50,7,35,19,57
4959,2026-07-26,50,7,30,19,57
4960,2026-07-27,50,7,27,19,57
4961,2026-07-28,50,7,23,19,57
4962,2026-07-29,50,7,57,19,57
4963,2026-07-30,50,7,53,19,57
4964,2026-07-31,50,7,48,19,57
4965,2026-08-01,50,7,43,19,57
4966,2026-08-02,50,7,38,19,57
4967,2026-08-03,50,7,33,19,57
4968,2026-08-04,50,7,29,19,57
4969,2026-08-05,50,7,25,19,57
4970,2026-08-06,50,7,21,19,57
4971,2026-05-29,50,8,33,12,36
4972,2026-05-30,50,8,30,12,36
4973,2026-05-31,50,8,27,12,36
4974,2026-06-01,50,8,23,12,36
4975,2026-06-02,50,8,21,12,36
4976,2026-06-03,50,8,18,12,36
4977,2026-06-04,50,8,15,12,36
4978,2026-06-05,50,8,36,12,36
4979,2026-06-06,50,8,32,12,36
4980,2026-06-07,50,8,29,12,36
4981,2026-06-08,50,8,25,12,36
4982,2026-06-09,50,8,22,12,36
4983,2026-06-10,50,8,19,12,36
4984,2026-06-11,50,8,15,12,36
4985,2026-06-12,50,8,36,12,36
4986,2026-06-13,50,8,33,12,36
4987,2026-06-14,50,8,29,12,36
4988,2026-06-15,50,8,25,12,36
4989,2026-06-16,50,8,23,12,36
4990,2026-06-17,50,8,21,12,36
4991,2026-06-18,50,8,18,12,36
4992,2026-06-19,50,8,15,12,36
4993,2026-06-20,50,8,13,12,36
4994,2026-06-21,50,8,36,12,36
4995,2026-06-22,50,8,33,12,36
4996,2026-06-23,50,8,30,12,36
4997,2026-06-24,50,8,27,12,36
4998,2026-06-25,50,8,23,12,36
4999,2026-06-26,50,8,21,12,36
5000,2026-06-27,50,8,19,12,36
5001,2026-06-28,50,8,15,12,36
5002,2026-06-29,50,8,12,12,36
5003,2026-06-30,50,8,36,12,36
5004,2026-07-01,50,8,33,12,36
5005,2026-07-02,50,8,30,12,36
5006,2026-07-03,50,8,27,12,36
5007,2026-07-04,50,8,24,12,36
5008,2026-07-05,50,8,21,12,36
5009,2026-07-06,50,8,18,12,36
5010,2026-07-07,50,8,16,12,36
5011,2026-07-08,50,8,13,12,36
5012,2026-07-09,50,8,36,12,36
5013,2026-07-10,50,8,33,12,36
5014,2026-07-11,50,8,31,12,36
5015,2026-07-12,50,8,28,12,36
5016,2026-07-13,50,8,26,12,36
5017,2026-07-14,50,8,23,12,36
5018,2026-07-15,50,8,21,12,36
5019,2026-07-16,50,8,19,12,36
5020,2026-07-17,50,8,16,12,36
5021,2026-07-18,50,8,13,12,36
5022,2026-07-19,50,8,36,12,36
5023,2026-07-20,50,8,33,12,36
5024,2026-07-21,50,8,30,12,36
5025,2026-07-22,50,8,27,12,36
5026,2026-07-23,50,8,25,12,36
5027,2026-07-24,50,8,22,12,36
5028,2026-07-25,50,8,20,12,36
5029,2026-07-26,50,8,17,12,36
5030,2026-07-27,50,8,14,12,36
5031,2026-07-28,50,8,36,12,36
5032,2026-07-29,50,8,33,12,36
5033,2026-07-30,50,8,30,12,36
5034,2026-07-31,50,8,27,12,36
5035,2026-08-01,50,8,25,12,36
5036,2026-08-02,50,8,22,12,36
5037,2026-08-03,50,8,19,12,36
5038,2026-08-04,50,8,15,12,36
5039,2026-08-05,50,8,12,12,36
5040,2026-08-06,50,8,36,12,36
5041,2026-05-29,50,9,19,7,21
5042,2026-05-30,50,9,18,7,21
5043,2026-05-31,50,9,16,7,21
5044,2026-06-01,50,9,15,7,21
5045,2026-06-02,50,9,13,7,21
5046,2026-06-03,50,9,10,7,21
5047,2026-06-04,50,9,8,7,21
5048,2026-06-05,50,9,21,7,21
5049,2026-06-06,50,9,19,7,21
5050,2026-06-07,50,9,17,7,21
5051,2026-06-08,50,9,15,7,21
5052,2026-06-09,50,9,13,7,21
5053,2026-06-10,50,9,12,7,21
5054,2026-06-11,50,9,10,7,21
5055,2026-06-12,50,9,9,7,21
5056,2026-06-13,50,9,7,7,21
5057,2026-06-14,50,9,21,7,21
5058,2026-06-15,50,9,19,7,21
5059,2026-06-16,50,9,17,7,21
5060,2026-06-17,50,9,15,7,21
5061,2026-06-18,50,9,13,7,21
5062,2026-06-19,50,9,11,7,21
5063,2026-06-20,50,9,9,7,21
5064,2026-06-21,50,9,8,7,21
5065,2026-06-22,50,9,7,7,21
5066,2026-06-23,50,9,21,7,21
5067,2026-06-24,50,9,19,7,21
5068,2026-06-25,50,9,18,7,21
5069,2026-06-26,50,9,17,7,21
5070,2026-06-27,50,9,15,7,21
5071,2026-06-28,50,9,13,7,21
5072,2026-06-29,50,9,11,7,21
5073,2026-06-30,50,9,9,7,21
5074,2026-07-01,50,9,7,7,21
5075,2026-07-02,50,9,21,7,21
5076,2026-07-03,50,9,19,7,21
5077,2026-07-04,50,9,17,7,21
5078,2026-07-05,50,9,15,7,21
5079,2026-07-06,50,9,13,7,21
5080,2026-07-07,50,9,11,7,21
5081,2026-07-08,50,9,10,7,21
5082,2026-07-09,50,9,9,7,21
5083,2026-07-10,50,9,7,7,21
5084,2026-07-11,50,9,21,7,21
5085,2026-07-12,50,9,19,7,21
5086,2026-07-13,50,9,17,7,21
5087,2026-07-14,50,9,15,7,21
5088,2026-07-15,50,9,13,7,21
5089,2026-07-16,50,9,10,7,21
5090,2026-07-17,50,9,8,7,21
5091,2026-07-18,50,9,21,7,21
5092,2026-07-19,50,9,19,7,21
5093,2026-07-20,50,9,17,7,21
5094,2026-07-21,50,9,14,7,21
5095,2026-07-22,50,9,12,7,21
5096,2026-07-23,50,9,10,7,21
5097,2026-07-24,50,9,8,7,21
5098,2026-07-25,50,9,21,7,21
5099,2026-07-26,50,9,19,7,21
5100,2026-07-27,50,9,17,7,21
5101,2026-07-28,50,9,15,7,21
5102,2026-07-29,50,9,13,7,21
5103,2026-07-30,50,9,12,7,21
5104,2026-07-31,50,9,10,7,21
5105,2026-08-01,50,9,8,7,21
5106,2026-08-02,50,9,21,7,21
5107,2026-08-03,50,9,19,7,21
5108,2026-08-04,50,9,17,7,21
5109,2026-08-05,50,9,16,7,21
5110,2026-08-06,50,9,15,7,21
5111,2026-05-29,50,10,27,10,30
5112,2026-05-30,50,10,25,10,30
5113,2026-05-31,50,10,24,10,30
5114,2026-06-01,50,10,21,10,30
5115,2026-06-02,50,10,18,10,30
5116,2026-06-03,50,10,15,10,30
5117,2026-06-04,50,10,13,10,30
5118,2026-06-05,50,10,11,10,30
5119,2026-06-06,50,10,30,10,30
5120,2026-06-07,50,10,28,10,30
5121,2026-06-08,50,10,26,10,30
5122,2026-06-09,50,10,24,10,30
5123,2026-06-10,50,10,21,10,30
5124,2026-06-11,50,10,19,10,30
5125,2026-06-12,50,10,17,10,30
5126,2026-06-13,50,10,14,10,30
5127,2026-06-14,50,10,12,10,30
5128,2026-06-15,50,10,30,10,30
5129,2026-06-16,50,10,27,10,30
5130,2026-06-17,50,10,24,10,30
5131,2026-06-18,50,10,22,10,30
5132,2026-06-19,50,10,19,10,30
5133,2026-06-20,50,10,17,10,30
5134,2026-06-21,50,10,14,10,30
5135,2026-06-22,50,10,12,10,30
5136,2026-06-23,50,10,10,10,30
5137,2026-06-24,50,10,30,10,30
5138,2026-06-25,50,10,28,10,30
5139,2026-06-26,50,10,25,10,30
5140,2026-06-27,50,10,23,10,30
5141,2026-06-28,50,10,21,10,30
5142,2026-06-29,50,10,18,10,30
5143,2026-06-30,50,10,16,10,30
5144,2026-07-01,50,10,14,10,30
5145,2026-07-02,50,10,11,10,30
5146,2026-07-03,50,10,30,10,30
5147,2026-07-04,50,10,27,10,30
5148,2026-07-05,50,10,24,10,30
5149,2026-07-06,50,10,22,10,30
5150,2026-07-07,50,10,20,10,30
5151,2026-07-08,50,10,17,10,30
5152,2026-07-09,50,10,15,10,30
5153,2026-07-10,50,10,12,10,30
5154,2026-07-11,50,10,10,10,30
5155,2026-07-12,50,10,30,10,30
5156,2026-07-13,50,10,27,10,30
5157,2026-07-14,50,10,24,10,30
5158,2026-07-15,50,10,22,10,30
5159,2026-07-16,50,10,20,10,30
5160,2026-07-17,50,10,17,10,30
5161,2026-07-18,50,10,14,10,30
5162,2026-07-19,50,10,12,10,30
5163,2026-07-20,50,10,30,10,30
5164,2026-07-21,50,10,28,10,30
5165,2026-07-22,50,10,26,10,30
5166,2026-07-23,50,10,23,10,30
5167,2026-07-24,50,10,21,10,30
5168,2026-07-25,50,10,18,10,30
5169,2026-07-26,50,10,15,10,30
5170,2026-07-27,50,10,14,10,30
5171,2026-07-28,50,10,11,10,30
5172,2026-07-29,50,10,30,10,30
5173,2026-07-30,50,10,28,10,30
5174,2026-07-31,50,10,25,10,30
5175,2026-08-01,50,10,22,10,30
5176,2026-08-02,50,10,20,10,30
5177,2026-08-03,50,10,19,10,30
5178,2026-08-04,50,10,17,10,30
5179,2026-08-05,50,10,15,10,30
5180,2026-08-06,50,10,12,10,30
5181,2026-05-29,50,11,38,14,42
5182,2026-05-30,50,11,33,14,42
5183,2026-05-31,50,11,29,14,42
5184,2026-06-01,50,11,25,14,42
5185,2026-06-02,50,11,21,14,42
5186,2026-06-03,50,11,17,14,42
5187,2026-06-04,50,11,15,14,42
5188,2026-06-05,50,11,42,14,42
5189,2026-06-06,50,11,37,14,42
5190,2026-06-07,50,11,33,14,42
5191,2026-06-08,50,11,29,14,42
5192,2026-06-09,50,11,25,14,42
5193,2026-06-10,50,11,20,14,42
5194,2026-06-11,50,11,16,14,42
5195,2026-06-12,50,11,42,14,42
5196,2026-06-13,50,11,38,14,42
5197,2026-06-14,50,11,34,14,42
5198,2026-06-15,50,11,29,14,42
5199,2026-06-16,50,11,27,14,42
5200,2026-06-17,50,11,24,14,42
5201,2026-06-18,50,11,21,14,42
5202,2026-06-19,50,11,19,14,42
5203,2026-06-20,50,11,16,14,42
5204,2026-06-21,50,11,42,14,42
5205,2026-06-22,50,11,38,14,42
5206,2026-06-23,50,11,34,14,42
5207,2026-06-24,50,11,30,14,42
5208,2026-06-25,50,11,27,14,42
5209,2026-06-26,50,11,24,14,42
5210,2026-06-27,50,11,21,14,42
5211,2026-06-28,50,11,18,14,42
5212,2026-06-29,50,11,42,14,42
5213,2026-06-30,50,11,38,14,42
5214,2026-07-01,50,11,35,14,42
5215,2026-07-02,50,11,31,14,42
5216,2026-07-03,50,11,28,14,42
5217,2026-07-04,50,11,24,14,42
5218,2026-07-05,50,11,20,14,42
5219,2026-07-06,50,11,16,14,42
5220,2026-07-07,50,11,42,14,42
5221,2026-07-08,50,11,38,14,42
5222,2026-07-09,50,11,34,14,42
5223,2026-07-10,50,11,30,14,42
5224,2026-07-11,50,11,27,14,42
5225,2026-07-12,50,11,24,14,42
5226,2026-07-13,50,11,21,14,42
5227,2026-07-14,50,11,17,14,42
5228,2026-07-15,50,11,42,14,42
5229,2026-07-16,50,11,39,14,42
5230,2026-07-17,50,11,35,14,42
5231,2026-07-18,50,11,31,14,42
5232,2026-07-19,50,11,27,14,42
5233,2026-07-20,50,11,24,14,42
5234,2026-07-21,50,11,20,14,42
5235,2026-07-22,50,11,15,14,42
5236,2026-07-23,50,11,42,14,42
5237,2026-07-24,50,11,38,14,42
5238,2026-07-25,50,11,35,14,42
5239,2026-07-26,50,11,32,14,42
5240,2026-07-27,50,11,28,14,42
5241,2026-07-28,50,11,25,14,42
5242,2026-07-29,50,11,23,14,42
5243,2026-07-30,50,11,20,14,42
5244,2026-07-31,50,11,16,14,42
5245,2026-08-01,50,11,14,14,42
5246,2026-08-02,50,11,42,14,42
5247,2026-08-03,50,11,38,14,42
5248,2026-08-04,50,11,35,14,42
5249,2026-08-05,50,11,32,14,42
5250,2026-08-06,50,11,28,14,42
5251,2026-05-29,50,12,33,12,36
5252,2026-05-30,50,12,31,12,36
5253,2026-05-31,50,12,29,12,36
5254,2026-06-01,50,12,26,12,36
5255,2026-06-02,50,12,24,12,36
5256,2026-06-03,50,12,22,12,36
5257,2026-06-04,50,12,19,12,36
5258,2026-06-05,50,12,16,12,36
5259,2026-06-06,50,12,12,12,36
5260,2026-06-07,50,12,36,12,36
5261,2026-06-08,50,12,34,12,36
5262,2026-06-09,50,12,31,12,36
5263,2026-06-10,50,12,28,12,36
5264,2026-06-11,50,12,25,12,36
5265,2026-06-12,50,12,22,12,36
5266,2026-06-13,50,12,18,12,36
5267,2026-06-14,50,12,15,12,36
5268,2026-06-15,50,12,36,12,36
5269,2026-06-16,50,12,32,12,36
5270,2026-06-17,50,12,29,12,36
5271,2026-06-18,50,12,26,12,36
5272,2026-06-19,50,12,23,12,36
5273,2026-06-20,50,12,20,12,36
5274,2026-06-21,50,12,17,12,36
5275,2026-06-22,50,12,14,12,36
5276,2026-06-23,50,12,12,12,36
5277,2026-06-24,50,12,36,12,36
5278,2026-06-25,50,12,33,12,36
5279,2026-06-26,50,12,30,12,36
5280,2026-06-27,50,12,28,12,36
5281,2026-06-28,50,12,25,12,36
5282,2026-06-29,50,12,22,12,36
5283,2026-06-30,50,12,19,12,36
5284,2026-07-01,50,12,15,12,36
5285,2026-07-02,50,12,12,12,36
5286,2026-07-03,50,12,36,12,36
5287,2026-07-04,50,12,33,12,36
5288,2026-07-05,50,12,29,12,36
5289,2026-07-06,50,12,25,12,36
5290,2026-07-07,50,12,21,12,36
5291,2026-07-08,50,12,17,12,36
5292,2026-07-09,50,12,14,12,36
5293,2026-07-10,50,12,12,12,36
5294,2026-07-11,50,12,36,12,36
5295,2026-07-12,50,12,33,12,36
5296,2026-07-13,50,12,30,12,36
5297,2026-07-14,50,12,27,12,36
5298,2026-07-15,50,12,23,12,36
5299,2026-07-16,50,12,21,12,36
5300,2026-07-17,50,12,17,12,36
5301,2026-07-18,50,12,13,12,36
5302,2026-07-19,50,12,36,12,36
5303,2026-07-20,50,12,32,12,36
5304,2026-07-21,50,12,28,12,36
5305,2026-07-22,50,12,25,12,36
5306,2026-07-23,50,12,22,12,36
5307,2026-07-24,50,12,19,12,36
5308,2026-07-25,50,12,15,12,36
5309,2026-07-26,50,12,13,12,36
5310,2026-07-27,50,12,36,12,36
5311,2026-07-28,50,12,33,12,36
5312,2026-07-29,50,12,31,12,36
5313,2026-07-30,50,12,28,12,36
5314,2026-07-31,50,12,25,12,36
5315,2026-08-01,50,12,21,12,36
5316,2026-08-02,50,12,19,12,36
5317,2026-08-03,50,12,16,12,36
5318,2026-08-04,50,12,14,12,36
5319,2026-08-05,50,12,36,12,36
5320,2026-08-06,50,12,33,12,36
5321,2026-05-29,50,13,19,7,21
5322,2026-05-30,50,13,17,7,21
5323,2026-05-31,50,13,16,7,21
5324,2026-06-01,50,13,14,7,21
5325,2026-06-02,50,13,12,7,21
5326,2026-06-03,50,13,10,7,21
5327,2026-06-04,50,13,8,7,21
5328,2026-06-05,50,13,7,7,21
5329,2026-06-06,50,13,21,7,21
5330,2026-06-07,50,13,19,7,21
5331,2026-06-08,50,13,18,7,21
5332,2026-06-09,50,13,17,7,21
5333,2026-06-10,50,13,16,7,21
5334,2026-06-11,50,13,14,7,21
5335,2026-06-12,50,13,12,7,21
5336,2026-06-13,50,13,10,7,21
5337,2026-06-14,50,13,8,7,21
5338,2026-06-15,50,13,21,7,21
5339,2026-06-16,50,13,19,7,21
5340,2026-06-17,50,13,17,7,21
5341,2026-06-18,50,13,16,7,21
5342,2026-06-19,50,13,14,7,21
5343,2026-06-20,50,13,12,7,21
5344,2026-06-21,50,13,10,7,21
5345,2026-06-22,50,13,9,7,21
5346,2026-06-23,50,13,8,7,21
5347,2026-06-24,50,13,21,7,21
5348,2026-06-25,50,13,20,7,21
5349,2026-06-26,50,13,18,7,21
5350,2026-06-27,50,13,16,7,21
5351,2026-06-28,50,13,14,7,21
5352,2026-06-29,50,13,12,7,21
5353,2026-06-30,50,13,10,7,21
5354,2026-07-01,50,13,8,7,21
5355,2026-07-02,50,13,21,7,21
5356,2026-07-03,50,13,20,7,21
5357,2026-07-04,50,13,18,7,21
5358,2026-07-05,50,13,16,7,21
5359,2026-07-06,50,13,14,7,21
5360,2026-07-07,50,13,12,7,21
5361,2026-07-08,50,13,10,7,21
5362,2026-07-09,50,13,8,7,21
5363,2026-07-10,50,13,21,7,21
5364,2026-07-11,50,13,19,7,21
5365,2026-07-12,50,13,18,7,21
5366,2026-07-13,50,13,16,7,21
5367,2026-07-14,50,13,14,7,21
5368,2026-07-15,50,13,12,7,21
5369,2026-07-16,50,13,11,7,21
5370,2026-07-17,50,13,9,7,21
5371,2026-07-18,50,13,8,7,21
5372,2026-07-19,50,13,21,7,21
5373,2026-07-20,50,13,19,7,21
5374,2026-07-21,50,13,17,7,21
5375,2026-07-22,50,13,16,7,21
5376,2026-07-23,50,13,14,7,21
5377,2026-07-24,50,13,13,7,21
5378,2026-07-25,50,13,11,7,21
5379,2026-07-26,50,13,9,7,21
5380,2026-07-27,50,13,7,7,21
5381,2026-07-28,50,13,21,7,21
5382,2026-07-29,50,13,19,7,21
5383,2026-07-30,50,13,17,7,21
5384,2026-07-31,50,13,15,7,21
5385,2026-08-01,50,13,14,7,21
5386,2026-08-02,50,13,12,7,21
5387,2026-08-03,50,13,10,7,21
5388,2026-08-04,50,13,8,7,21
5389,2026-08-05,50,13,21,7,21
5390,2026-08-06,50,13,19,7,21
5391,2026-05-29,50,14,59,22,66
5392,2026-05-30,50,14,51,22,66
5393,2026-05-31,50,14,41,22,66
5394,2026-06-01,50,14,36,22,66
5395,2026-06-02,50,14,29,22,66
5396,2026-06-03,50,14,24,22,66
5397,2026-06-04,50,14,66,22,66
5398,2026-06-05,50,14,62,22,66
5399,2026-06-06,50,14,52,22,66
5400,2026-06-07,50,14,44,22,66
5401,2026-06-08,50,14,38,22,66
5402,2026-06-09,50,14,33,22,66
5403,2026-06-10,50,14,26,22,66
5404,2026-06-11,50,14,66,22,66
5405,2026-06-12,50,14,64,22,66
5406,2026-06-13,50,14,58,22,66
5407,2026-06-14,50,14,48,22,66
5408,2026-06-15,50,14,42,22,66
5409,2026-06-16,50,14,37,22,66
5410,2026-06-17,50,14,34,22,66
5411,2026-06-18,50,14,31,22,66
5412,2026-06-19,50,14,26,22,66
5413,2026-06-20,50,14,66,22,66
5414,2026-06-21,50,14,59,22,66
5415,2026-06-22,50,14,54,22,66
5416,2026-06-23,50,14,49,22,66
5417,2026-06-24,50,14,43,22,66
5418,2026-06-25,50,14,36,22,66
5419,2026-06-26,50,14,31,22,66
5420,2026-06-27,50,14,24,22,66
5421,2026-06-28,50,14,66,22,66
5422,2026-06-29,50,14,59,22,66
5423,2026-06-30,50,14,54,22,66
5424,2026-07-01,50,14,48,22,66
5425,2026-07-02,50,14,42,22,66
5426,2026-07-03,50,14,35,22,66
5427,2026-07-04,50,14,27,22,66
5428,2026-07-05,50,14,66,22,66
5429,2026-07-06,50,14,61,22,66
5430,2026-07-07,50,14,56,22,66
5431,2026-07-08,50,14,50,22,66
5432,2026-07-09,50,14,45,22,66
5433,2026-07-10,50,14,38,22,66
5434,2026-07-11,50,14,30,22,66
5435,2026-07-12,50,14,23,22,66
5436,2026-07-13,50,14,66,22,66
5437,2026-07-14,50,14,60,22,66
5438,2026-07-15,50,14,54,22,66
5439,2026-07-16,50,14,50,22,66
5440,2026-07-17,50,14,45,22,66
5441,2026-07-18,50,14,40,22,66
5442,2026-07-19,50,14,32,22,66
5443,2026-07-20,50,14,26,22,66
5444,2026-07-21,50,14,22,22,66
5445,2026-07-22,50,14,66,22,66
5446,2026-07-23,50,14,62,22,66
5447,2026-07-24,50,14,56,22,66
5448,2026-07-25,50,14,47,22,66
5449,2026-07-26,50,14,40,22,66
5450,2026-07-27,50,14,35,22,66
5451,2026-07-28,50,14,30,22,66
5452,2026-07-29,50,14,25,22,66
5453,2026-07-30,50,14,66,22,66
5454,2026-07-31,50,14,60,22,66
5455,2026-08-01,50,14,54,22,66
5456,2026-08-02,50,14,45,22,66
5457,2026-08-03,50,14,41,22,66
5458,2026-08-04,50,14,37,22,66
5459,2026-08-05,50,14,32,22,66
5460,2026-08-06,50,14,25,22,66
5461,2026-05-29,50,15,53,19,57
5462,2026-05-30,50,15,45,19,57
5463,2026-05-31,50,15,38,19,57
5464,2026-06-01,50,15,34,19,57
5465,2026-06-02,50,15,31,19,57
5466,2026-06-03,50,15,25,19,57
5467,2026-06-04,50,15,21,19,57
5468,2026-06-05,50,15,57,19,57
5469,2026-06-06,50,15,49,19,57
5470,2026-06-07,50,15,44,19,57
5471,2026-06-08,50,15,41,19,57
5472,2026-06-09,50,15,35,19,57
5473,2026-06-10,50,15,29,19,57
5474,2026-06-11,50,15,24,19,57
5475,2026-06-12,50,15,57,19,57
5476,2026-06-13,50,15,51,19,57
5477,2026-06-14,50,15,45,19,57
5478,2026-06-15,50,15,41,19,57
5479,2026-06-16,50,15,35,19,57
5480,2026-06-17,50,15,30,19,57
5481,2026-06-18,50,15,26,19,57
5482,2026-06-19,50,15,21,19,57
5483,2026-06-20,50,15,57,19,57
5484,2026-06-21,50,15,51,19,57
5485,2026-06-22,50,15,46,19,57
5486,2026-06-23,50,15,41,19,57
5487,2026-06-24,50,15,36,19,57
5488,2026-06-25,50,15,32,19,57
5489,2026-06-26,50,15,29,19,57
5490,2026-06-27,50,15,22,19,57
5491,2026-06-28,50,15,57,19,57
5492,2026-06-29,50,15,54,19,57
5493,2026-06-30,50,15,49,19,57
5494,2026-07-01,50,15,44,19,57
5495,2026-07-02,50,15,39,19,57
5496,2026-07-03,50,15,36,19,57
5497,2026-07-04,50,15,31,19,57
5498,2026-07-05,50,15,24,19,57
5499,2026-07-06,50,15,19,19,57
5500,2026-07-07,50,15,57,19,57
5501,2026-07-08,50,15,52,19,57
5502,2026-07-09,50,15,48,19,57
5503,2026-07-10,50,15,44,19,57
5504,2026-07-11,50,15,39,19,57
5505,2026-07-12,50,15,32,19,57
5506,2026-07-13,50,15,27,19,57
5507,2026-07-14,50,15,23,19,57
5508,2026-07-15,50,15,57,19,57
5509,2026-07-16,50,15,54,19,57
5510,2026-07-17,50,15,48,19,57
5511,2026-07-18,50,15,42,19,57
5512,2026-07-19,50,15,35,19,57
5513,2026-07-20,50,15,31,19,57
5514,2026-07-21,50,15,26,19,57
5515,2026-07-22,50,15,20,19,57
5516,2026-07-23,50,15,57,19,57
5517,2026-07-24,50,15,53,19,57
5518,2026-07-25,50,15,47,19,57
5519,2026-07-26,50,15,39,19,57
5520,2026-07-27,50,15,34,19,57
5521,2026-07-28,50,15,29,19,57
5522,2026-07-29,50,15,23,19,57
5523,2026-07-30,50,15,19,19,57
5524,2026-07-31,50,15,57,19,57
5525,2026-08-01,50,15,52,19,57
5526,2026-08-02,50,15,46,19,57
5527,2026-08-03,50,15,42,19,57
5528,2026-08-04,50,15,37,19,57
5529,2026-08-05,50,15,33,19,57
5530,2026-08-06,50,15,26,19,57
5531,2026-05-29,50,16,46,17,51
5532,2026-05-30,50,16,42,17,51
5533,2026-05-31,50,16,36,17,51
5534,2026-06-01,50,16,31,17,51
5535,2026-06-02,50,16,26,17,51
5536,2026-06-03,50,16,23,17,51
5537,2026-06-04,50,16,19,17,51
5538,2026-06-05,50,16,51,17,51
5539,2026-06-06,50,16,45,17,51
5540,2026-06-07,50,16,39,17,51
5541,2026-06-08,50,16,35,17,51
5542,2026-06-09,50,16,31,17,51
5543,2026-06-10,50,16,27,17,51
5544,2026-06-11,50,16,22,17,51
5545,2026-06-12,50,16,18,17,51
5546,2026-06-13,50,16,51,17,51
5547,2026-06-14,50,16,46,17,51
5548,2026-06-15,50,16,42,17,51
5549,2026-06-16,50,16,38,17,51
5550,2026-06-17,50,16,35,17,51
5551,2026-06-18,50,16,31,17,51
5552,2026-06-19,50,16,26,17,51
5553,2026-06-20,50,16,20,17,51
5554,2026-06-21,50,16,51,17,51
5555,2026-06-22,50,16,46,17,51
5556,2026-06-23,50,16,42,17,51
5557,2026-06-24,50,16,37,17,51
5558,2026-06-25,50,16,33,17,51
5559,2026-06-26,50,16,28,17,51
5560,2026-06-27,50,16,23,17,51
5561,2026-06-28,50,16,17,17,51
5562,2026-06-29,50,16,51,17,51
5563,2026-06-30,50,16,47,17,51
5564,2026-07-01,50,16,41,17,51
5565,2026-07-02,50,16,37,17,51
5566,2026-07-03,50,16,34,17,51
5567,2026-07-04,50,16,29,17,51
5568,2026-07-05,50,16,22,17,51
5569,2026-07-06,50,16,18,17,51
5570,2026-07-07,50,16,51,17,51
5571,2026-07-08,50,16,47,17,51
5572,2026-07-09,50,16,43,17,51
5573,2026-07-10,50,16,38,17,51
5574,2026-07-11,50,16,32,17,51
5575,2026-07-12,50,16,27,17,51
5576,2026-07-13,50,16,23,17,51
5577,2026-07-14,50,16,18,17,51
5578,2026-07-15,50,16,51,17,51
5579,2026-07-16,50,16,48,17,51
5580,2026-07-17,50,16,43,17,51
5581,2026-07-18,50,16,38,17,51
5582,2026-07-19,50,16,31,17,51
5583,2026-07-20,50,16,26,17,51
5584,2026-07-21,50,16,21,17,51
5585,2026-07-22,50,16,51,17,51
5586,2026-07-23,50,16,46,17,51
5587,2026-07-24,50,16,43,17,51
5588,2026-07-25,50,16,38,17,51
5589,2026-07-26,50,16,33,17,51
5590,2026-07-27,50,16,28,17,51
5591,2026-07-28,50,16,23,17,51
5592,2026-07-29,50,16,19,17,51
5593,2026-07-30,50,16,17,17,51
5594,2026-07-31,50,16,51,17,51
5595,2026-08-01,50,16,47,17,51
5596,2026-08-02,50,16,42,17,51
5597,2026-08-03,50,16,37,17,51
5598,2026-08-04,50,16,32,17,51
5599,2026-08-05,50,16,27,17,51
5600,2026-08-06,50,16,20,17,51
5601,2026-05-29,60,1,38,14,42
5602,2026-05-30,60,1,33,14,42
5603,2026-05-31,60,1,30,14,42
5604,2026-06-01,60,1,26,14,42
5605,2026-06-02,60,1,23,14,42
5606,2026-06-03,60,1,19,14,42
5607,2026-06-04,60,1,14,14,42
5608,2026-06-05,60,1,42,14,42
5609,2026-06-06,60,1,40,14,42
5610,2026-06-07,60,1,36,14,42
5611,2026-06-08,60,1,32,14,42
5612,2026-06-09,60,1,29,14,42
5613,2026-06-10,60,1,26,14,42
5614,2026-06-11,60,1,22,14,42
5615,2026-06-12,60,1,18,14,42
5616,2026-06-13,60,1,42,14,42
5617,2026-06-14,60,1,38,14,42
5618,2026-06-15,60,1,35,14,42
5619,2026-06-16,60,1,31,14,42
5620,2026-06-17,60,1,27,14,42
5621,2026-06-18,60,1,24,14,42
5622,2026-06-19,60,1,22,14,42
5623,2026-06-20,60,1,19,14,42
5624,2026-06-21,60,1,16,14,42
5625,2026-06-22,60,1,42,14,42
5626,2026-06-23,60,1,40,14,42
5627,2026-06-24,60,1,36,14,42
5628,2026-06-25,60,1,34,14,42
5629,2026-06-26,60,1,30,14,42
5630,2026-06-27,60,1,27,14,42
5631,2026-06-28,60,1,24,14,42
5632,2026-06-29,60,1,20,14,42
5633,2026-06-30,60,1,17,14,42
5634,2026-07-01,60,1,42,14,42
5635,2026-07-02,60,1,38,14,42
5636,2026-07-03,60,1,36,14,42
5637,2026-07-04,60,1,33,14,42
5638,2026-07-05,60,1,30,14,42
5639,2026-07-06,60,1,28,14,42
5640,2026-07-07,60,1,24,14,42
5641,2026-07-08,60,1,21,14,42
5642,2026-07-09,60,1,19,14,42
5643,2026-07-10,60,1,15,14,42
5644,2026-07-11,60,1,42,14,42
5645,2026-07-12,60,1,38,14,42
5646,2026-07-13,60,1,34,14,42
5647,2026-07-14,60,1,30,14,42
5648,2026-07-15,60,1,26,14,42
5649,2026-07-16,60,1,24,14,42
5650,2026-07-17,60,1,20,14,42
5651,2026-07-18,60,1,17,14,42
5652,2026-07-19,60,1,14,14,42
5653,2026-07-20,60,1,42,14,42
5654,2026-07-21,60,1,38,14,42
5655,2026-07-22,60,1,34,14,42
5656,2026-07-23,60,1,31,14,42
5657,2026-07-24,60,1,28,14,42
5658,2026-07-25,60,1,23,14,42
5659,2026-07-26,60,1,19,14,42
5660,2026-07-27,60,1,15,14,42
5661,2026-07-28,60,1,42,14,42
5662,2026-07-29,60,1,38,14,42
5663,2026-07-30,60,1,36,14,42
5664,2026-07-31,60,1,32,14,42
5665,2026-08-01,60,1,29,14,42
5666,2026-08-02,60,1,26,14,42
5667,2026-08-03,60,1,22,14,42
5668,2026-08-04,60,1,18,14,42
5669,2026-08-05,60,1,14,14,42
5670,2026-08-06,60,1,42,14,42
5671,2026-05-29,60,2,22,8,24
5672,2026-05-30,60,2,20,8,24
5673,2026-05-31,60,2,18,8,24
5674,2026-06-01,60,2,16,8,24
5675,2026-06-02,60,2,14,8,24
5676,2026-06-03,60,2,12,8,24
5677,2026-06-04,60,2,10,8,24
5678,2026-06-05,60,2,24,8,24
5679,2026-06-06,60,2,22,8,24
5680,2026-06-07,60,2,20,8,24
5681,2026-06-08,60,2,18,8,24
5682,2026-06-09,60,2,15,8,24
5683,2026-06-10,60,2,13,8,24
5684,2026-06-11,60,2,11,8,24
5685,2026-06-12,60,2,9,8,24
5686,2026-06-13,60,2,24,8,24
5687,2026-06-14,60,2,22,8,24
5688,2026-06-15,60,2,20,8,24
5689,2026-06-16,60,2,18,8,24
5690,2026-06-17,60,2,17,8,24
5691,2026-06-18,60,2,16,8,24
5692,2026-06-19,60,2,14,8,24
5693,2026-06-20,60,2,12,8,24
5694,2026-06-21,60,2,11,8,24
5695,2026-06-22,60,2,9,8,24
5696,2026-06-23,60,2,24,8,24
5697,2026-06-24,60,2,22,8,24
5698,2026-06-25,60,2,20,8,24
5699,2026-06-26,60,2,18,8,24
5700,2026-06-27,60,2,17,8,24
5701,2026-06-28,60,2,15,8,24
5702,2026-06-29,60,2,13,8,24
5703,2026-06-30,60,2,11,8,24
5704,2026-07-01,60,2,10,8,24
5705,2026-07-02,60,2,8,8,24
5706,2026-07-03,60,2,24,8,24
5707,2026-07-04,60,2,22,8,24
5708,2026-07-05,60,2,20,8,24
5709,2026-07-06,60,2,18,8,24
5710,2026-07-07,60,2,16,8,24
5711,2026-07-08,60,2,14,8,24
5712,2026-07-09,60,2,12,8,24
5713,2026-07-10,60,2,10,8,24
5714,2026-07-11,60,2,8,8,24
5715,2026-07-12,60,2,24,8,24
5716,2026-07-13,60,2,22,8,24
5717,2026-07-14,60,2,20,8,24
5718,2026-07-15,60,2,18,8,24
5719,2026-07-16,60,2,16,8,24
5720,2026-07-17,60,2,14,8,24
5721,2026-07-18,60,2,12,8,24
5722,2026-07-19,60,2,9,8,24
5723,2026-07-20,60,2,24,8,24
5724,2026-07-21,60,2,22,8,24
5725,2026-07-22,60,2,20,8,24
5726,2026-07-23,60,2,18,8,24
5727,2026-07-24,60,2,16,8,24
5728,2026-07-25,60,2,13,8,24
5729,2026-07-26,60,2,11,8,24
5730,2026-07-27,60,2,9,8,24
5731,2026-07-28,60,2,24,8,24
5732,2026-07-29,60,2,22,8,24
5733,2026-07-30,60,2,20,8,24
5734,2026-07-31,60,2,18,8,24
5735,2026-08-01,60,2,16,8,24
5736,2026-08-02,60,2,13,8,24
5737,2026-08-03,60,2,11,8,24
5738,2026-08-04,60,2,9,8,24
5739,2026-08-05,60,2,24,8,24
5740,2026-08-06,60,2,22,8,24
5741,2026-05-29,60,3,27,10,30
5742,2026-05-30,60,3,24,10,30
5743,2026-05-31,60,3,21,10,30
5744,2026-06-01,60,3,18,10,30
5745,2026-06-02,60,3,15,10,30
5746,2026-06-03,60,3,13,10,30
5747,2026-06-04,60,3,10,10,30
5748,2026-06-05,60,3,30,10,30
5749,2026-06-06,60,3,28,10,30
5750,2026-06-07,60,3,24,10,30
5751,2026-06-08,60,3,22,10,30
5752,2026-06-09,60,3,19,10,30
5753,2026-06-10,60,3,17,10,30
5754,2026-06-11,60,3,15,10,30
5755,2026-06-12,60,3,13,10,30
5756,2026-06-13,60,3,10,10,30
5757,2026-06-14,60,3,30,10,30
5758,2026-06-15,60,3,27,10,30
5759,2026-06-16,60,3,24,10,30
5760,2026-06-17,60,3,21,10,30
5761,2026-06-18,60,3,19,10,30
5762,2026-06-19,60,3,16,10,30
5763,2026-06-20,60,3,14,10,30
5764,2026-06-21,60,3,11,10,30
5765,2026-06-22,60,3,30,10,30
5766,2026-06-23,60,3,28,10,30
5767,2026-06-24,60,3,26,10,30
5768,2026-06-25,60,3,23,10,30
5769,2026-06-26,60,3,20,10,30
5770,2026-06-27,60,3,18,10,30
5771,2026-06-28,60,3,15,10,30
5772,2026-06-29,60,3,13,10,30
5773,2026-06-30,60,3,11,10,30
5774,2026-07-01,60,3,30,10,30
5775,2026-07-02,60,3,28,10,30
5776,2026-07-03,60,3,25,10,30
5777,2026-07-04,60,3,23,10,30
5778,2026-07-05,60,3,21,10,30
5779,2026-07-06,60,3,18,10,30
5780,2026-07-07,60,3,15,10,30
5781,2026-07-08,60,3,12,10,30
5782,2026-07-09,60,3,30,10,30
5783,2026-07-10,60,3,28,10,30
5784,2026-07-11,60,3,25,10,30
5785,2026-07-12,60,3,22,10,30
5786,2026-07-13,60,3,20,10,30
5787,2026-07-14,60,3,18,10,30
5788,2026-07-15,60,3,15,10,30
5789,2026-07-16,60,3,12,10,30
5790,2026-07-17,60,3,10,10,30
5791,2026-07-18,60,3,30,10,30
5792,2026-07-19,60,3,27,10,30
5793,2026-07-20,60,3,25,10,30
5794,2026-07-21,60,3,23,10,30
5795,2026-07-22,60,3,21,10,30
5796,2026-07-23,60,3,18,10,30
5797,2026-07-24,60,3,15,10,30
5798,2026-07-25,60,3,13,10,30
5799,2026-07-26,60,3,10,10,30
5800,2026-07-27,60,3,30,10,30
5801,2026-07-28,60,3,28,10,30
5802,2026-07-29,60,3,25,10,30
5803,2026-07-30,60,3,24,10,30
5804,2026-07-31,60,3,22,10,30
5805,2026-08-01,60,3,19,10,30
5806,2026-08-02,60,3,17,10,30
5807,2026-08-03,60,3,16,10,30
5808,2026-08-04,60,3,15,10,30
5809,2026-08-05,60,3,13,10,30
5810,2026-08-06,60,3,10,10,30
5811,2026-05-29,60,4,83,30,90
5812,2026-05-30,60,4,76,30,90
5813,2026-05-31,60,4,67,30,90
5814,2026-06-01,60,4,58,30,90
5815,2026-06-02,60,4,51,30,90
5816,2026-06-03,60,4,43,30,90
5817,2026-06-04,60,4,35,30,90
5818,2026-06-05,60,4,90,30,90
5819,2026-06-06,60,4,80,30,90
5820,2026-06-07,60,4,68,30,90
5821,2026-06-08,60,4,63,30,90
5822,2026-06-09,60,4,55,30,90
5823,2026-06-10,60,4,49,30,90
5824,2026-06-11,60,4,39,30,90
5825,2026-06-12,60,4,31,30,90
5826,2026-06-13,60,4,90,30,90
5827,2026-06-14,60,4,83,30,90
5828,2026-06-15,60,4,77,30,90
5829,2026-06-16,60,4,68,30,90
5830,2026-06-17,60,4,61,30,90
5831,2026-06-18,60,4,53,30,90
5832,2026-06-19,60,4,44,30,90
5833,2026-06-20,60,4,33,30,90
5834,2026-06-21,60,4,90,30,90
5835,2026-06-22,60,4,81,30,90
5836,2026-06-23,60,4,74,30,90
5837,2026-06-24,60,4,69,30,90
5838,2026-06-25,60,4,61,30,90
5839,2026-06-26,60,4,55,30,90
5840,2026-06-27,60,4,44,30,90
5841,2026-06-28,60,4,34,30,90
5842,2026-06-29,60,4,90,30,90
5843,2026-06-30,60,4,83,30,90
5844,2026-07-01,60,4,76,30,90
5845,2026-07-02,60,4,71,30,90
5846,2026-07-03,60,4,63,30,90
5847,2026-07-04,60,4,51,30,90
5848,2026-07-05,60,4,35,30,90
5849,2026-07-06,60,4,90,30,90
5850,2026-07-07,60,4,82,30,90
5851,2026-07-08,60,4,74,30,90
5852,2026-07-09,60,4,68,30,90
5853,2026-07-10,60,4,58,30,90
5854,2026-07-11,60,4,49,30,90
5855,2026-07-12,60,4,41,30,90
5856,2026-07-13,60,4,90,30,90
5857,2026-07-14,60,4,84,30,90
5858,2026-07-15,60,4,75,30,90
5859,2026-07-16,60,4,68,30,90
5860,2026-07-17,60,4,62,30,90
5861,2026-07-18,60,4,53,30,90
5862,2026-07-19,60,4,43,30,90
5863,2026-07-20,60,4,35,30,90
5864,2026-07-21,60,4,90,30,90
5865,2026-07-22,60,4,83,30,90
5866,2026-07-23,60,4,77,30,90
5867,2026-07-24,60,4,68,30,90
5868,2026-07-25,60,4,54,30,90
5869,2026-07-26,60,4,43,30,90
5870,2026-07-27,60,4,36,30,90
5871,2026-07-28,60,4,90,30,90
5872,2026-07-29,60,4,81,30,90
5873,2026-07-30,60,4,73,30,90
5874,2026-07-31,60,4,66,30,90
5875,2026-08-01,60,4,58,30,90
5876,2026-08-02,60,4,44,30,90
5877,2026-08-03,60,4,36,30,90
5878,2026-08-04,60,4,90,30,90
5879,2026-08-05,60,4,83,30,90
5880,2026-08-06,60,4,76,30,90
5881,2026-05-29,60,5,32,12,36
5882,2026-05-30,60,5,27,12,36
5883,2026-05-31,60,5,21,12,36
5884,2026-06-01,60,5,18,12,36
5885,2026-06-02,60,5,16,12,36
5886,2026-06-03,60,5,14,12,36
5887,2026-06-04,60,5,36,12,36
5888,2026-06-05,60,5,33,12,36
5889,2026-06-06,60,5,30,12,36
5890,2026-06-07,60,5,27,12,36
5891,2026-06-08,60,5,24,12,36
5892,2026-06-09,60,5,21,12,36
5893,2026-06-10,60,5,18,12,36
5894,2026-06-11,60,5,15,12,36
5895,2026-06-12,60,5,13,12,36
5896,2026-06-13,60,5,36,12,36
5897,2026-06-14,60,5,31,12,36
5898,2026-06-15,60,5,27,12,36
5899,2026-06-16,60,5,24,12,36
5900,2026-06-17,60,5,22,12,36
5901,2026-06-18,60,5,19,12,36
5902,2026-06-19,60,5,16,12,36
5903,2026-06-20,60,5,14,12,36
5904,2026-06-21,60,5,36,12,36
5905,2026-06-22,60,5,33,12,36
5906,2026-06-23,60,5,30,12,36
5907,2026-06-24,60,5,27,12,36
5908,2026-06-25,60,5,24,12,36
5909,2026-06-26,60,5,21,12,36
5910,2026-06-27,60,5,16,12,36
5911,2026-06-28,60,5,13,12,36
5912,2026-06-29,60,5,36,12,36
5913,2026-06-30,60,5,33,12,36
5914,2026-07-01,60,5,29,12,36
5915,2026-07-02,60,5,26,12,36
5916,2026-07-03,60,5,22,12,36
5917,2026-07-04,60,5,17,12,36
5918,2026-07-05,60,5,13,12,36
5919,2026-07-06,60,5,36,12,36
5920,2026-07-07,60,5,33,12,36
5921,2026-07-08,60,5,30,12,36
5922,2026-07-09,60,5,27,12,36
5923,2026-07-10,60,5,24,12,36
5924,2026-07-11,60,5,20,12,36
5925,2026-07-12,60,5,15,12,36
5926,2026-07-13,60,5,12,12,36
5927,2026-07-14,60,5,36,12,36
5928,2026-07-15,60,5,32,12,36
5929,2026-07-16,60,5,29,12,36
5930,2026-07-17,60,5,27,12,36
5931,2026-07-18,60,5,22,12,36
5932,2026-07-19,60,5,18,12,36
5933,2026-07-20,60,5,14,12,36
5934,2026-07-21,60,5,36,12,36
5935,2026-07-22,60,5,32,12,36
5936,2026-07-23,60,5,28,12,36
5937,2026-07-24,60,5,25,12,36
5938,2026-07-25,60,5,21,12,36
5939,2026-07-26,60,5,17,12,36
5940,2026-07-27,60,5,14,12,36
5941,2026-07-28,60,5,12,12,36
5942,2026-07-29,60,5,36,12,36
5943,2026-07-30,60,5,32,12,36
5944,2026-07-31,60,5,29,12,36
5945,2026-08-01,60,5,23,12,36
5946,2026-08-02,60,5,19,12,36
5947,2026-08-03,60,5,15,12,36
5948,2026-08-04,60,5,12,12,36
5949,2026-08-05,60,5,36,12,36
5950,2026-08-06,60,5,33,12,36
5951,2026-05-29,60,6,56,20,60
5952,2026-05-30,60,6,46,20,60
5953,2026-05-31,60,6,38,20,60
5954,2026-06-01,60,6,33,20,60
5955,2026-06-02,60,6,28,20,60
5956,2026-06-03,60,6,25,20,60
5957,2026-06-04,60,6,20,20,60
5958,2026-06-05,60,6,60,20,60
5959,2026-06-06,60,6,53,20,60
5960,2026-06-07,60,6,47,20,60
5961,2026-06-08,60,6,42,20,60
5962,2026-06-09,60,6,37,20,60
5963,2026-06-10,60,6,31,20,60
5964,2026-06-11,60,6,25,20,60
5965,2026-06-12,60,6,20,20,60
5966,2026-06-13,60,6,60,20,60
5967,2026-06-14,60,6,54,20,60
5968,2026-06-15,60,6,50,20,60
5969,2026-06-16,60,6,44,20,60
5970,2026-06-17,60,6,38,20,60
5971,2026-06-18,60,6,31,20,60
5972,2026-06-19,60,6,26,20,60
5973,2026-06-20,60,6,60,20,60
5974,2026-06-21,60,6,53,20,60
5975,2026-06-22,60,6,49,20,60
5976,2026-06-23,60,6,44,20,60
5977,2026-06-24,60,6,39,20,60
5978,2026-06-25,60,6,36,20,60
5979,2026-06-26,60,6,30,20,60
5980,2026-06-27,60,6,23,20,60
5981,2026-06-28,60,6,60,20,60
5982,2026-06-29,60,6,56,20,60
5983,2026-06-30,60,6,52,20,60
5984,2026-07-01,60,6,46,20,60
5985,2026-07-02,60,6,41,20,60
5986,2026-07-03,60,6,37,20,60
5987,2026-07-04,60,6,32,20,60
5988,2026-07-05,60,6,24,20,60
5989,2026-07-06,60,6,60,20,60
5990,2026-07-07,60,6,54,20,60
5991,2026-07-08,60,6,50,20,60
5992,2026-07-09,60,6,46,20,60
5993,2026-07-10,60,6,41,20,60
5994,2026-07-11,60,6,36,20,60
5995,2026-07-12,60,6,32,20,60
5996,2026-07-13,60,6,27,20,60
5997,2026-07-14,60,6,23,20,60
5998,2026-07-15,60,6,60,20,60
5999,2026-07-16,60,6,54,20,60
6000,2026-07-17,60,6,48,20,60
6001,2026-07-18,60,6,40,20,60
6002,2026-07-19,60,6,34,20,60
6003,2026-07-20,60,6,30,20,60
6004,2026-07-21,60,6,24,20,60
6005,2026-07-22,60,6,21,20,60
6006,2026-07-23,60,6,60,20,60
6007,2026-07-24,60,6,55,20,60
6008,2026-07-25,60,6,50,20,60
6009,2026-07-26,60,6,40,20,60
6010,2026-07-27,60,6,35,20,60
6011,2026-07-28,60,6,29,20,60
6012,2026-07-29,60,6,26,20,60
6013,2026-07-30,60,6,21,20,60
6014,2026-07-31,60,6,60,20,60
6015,2026-08-01,60,6,54,20,60
6016,2026-08-02,60,6,47,20,60
6017,2026-08-03,60,6,42,20,60
6018,2026-08-04,60,6,35,20,60
6019,2026-08-05,60,6,31,20,60
6020,2026-08-06,60,6,26,20,60
6021,2026-05-29,60,7,43,16,48
6022,2026-05-30,60,7,40,16,48
6023,2026-05-31,60,7,37,16,48
6024,2026-06-01,60,7,34,16,48
6025,2026-06-02,60,7,30,16,48
6026,2026-06-03,60,7,26,16,48
6027,2026-06-04,60,7,22,16,48
6028,2026-06-05,60,7,17,16,48
6029,2026-06-06,60,7,48,16,48
6030,2026-06-07,60,7,43,16,48
6031,2026-06-08,60,7,38,16,48
6032,2026-06-09,60,7,35,16,48
6033,2026-06-10,60,7,30,16,48
6034,2026-06-11,60,7,25,16,48
6035,2026-06-12,60,7,22,16,48
6036,2026-06-13,60,7,18,16,48
6037,2026-06-14,60,7,48,16,48
6038,2026-06-15,60,7,45,16,48
6039,2026-06-16,60,7,40,16,48
6040,2026-06-17,60,7,37,16,48
6041,2026-06-18,60,7,34,16,48
6042,2026-06-19,60,7,30,16,48
6043,2026-06-20,60,7,25,16,48
6044,2026-06-21,60,7,21,16,48
6045,2026-06-22,60,7,17,16,48
6046,2026-06-23,60,7,48,16,48
6047,2026-06-24,60,7,43,16,48
6048,2026-06-25,60,7,39,16,48
6049,2026-06-26,60,7,37,16,48
6050,2026-06-27,60,7,33,16,48
6051,2026-06-28,60,7,29,16,48
6052,2026-06-29,60,7,24,16,48
6053,2026-06-30,60,7,20,16,48
6054,2026-07-01,60,7,16,16,48
6055,2026-07-02,60,7,48,16,48
6056,2026-07-03,60,7,43,16,48
6057,2026-07-04,60,7,38,16,48
6058,2026-07-05,60,7,35,16,48
6059,2026-07-06,60,7,30,16,48
6060,2026-07-07,60,7,26,16,48
6061,2026-07-08,60,7,22,16,48
6062,2026-07-09,60,7,19,16,48
6063,2026-07-10,60,7,48,16,48
6064,2026-07-11,60,7,44,16,48
6065,2026-07-12,60,7,39,16,48
6066,2026-07-13,60,7,34,16,48
6067,2026-07-14,60,7,30,16,48
6068,2026-07-15,60,7,26,16,48
6069,2026-07-16,60,7,23,16,48
6070,2026-07-17,60,7,19,16,48
6071,2026-07-18,60,7,16,16,48
6072,2026-07-19,60,7,48,16,48
6073,2026-07-20,60,7,46,16,48
6074,2026-07-21,60,7,43,16,48
6075,2026-07-22,60,7,38,16,48
6076,2026-07-23,60,7,34,16,48
6077,2026-07-24,60,7,30,16,48
6078,2026-07-25,60,7,26,16,48
6079,2026-07-26,60,7,21,16,48
6080,2026-07-27,60,7,17,16,48
6081,2026-07-28,60,7,48,16,48
6082,2026-07-29,60,7,44,16,48
6083,2026-07-30,60,7,39,16,48
6084,2026-07-31,60,7,35,16,48
6085,2026-08-01,60,7,32,16,48
6086,2026-08-02,60,7,30,16,48
6087,2026-08-03,60,7,27,16,48
6088,2026-08-04,60,7,23,16,48
6089,2026-08-05,60,7,20,16,48
6090,2026-08-06,60,7,17,16,48
6091,2026-05-29,60,8,28,10,30
6092,2026-05-30,60,8,26,10,30
6093,2026-05-31,60,8,24,10,30
6094,2026-06-01,60,8,22,10,30
6095,2026-06-02,60,8,19,10,30
6096,2026-06-03,60,8,17,10,30
6097,2026-06-04,60,8,15,10,30
6098,2026-06-05,60,8,13,10,30
6099,2026-06-06,60,8,10,10,30
6100,2026-06-07,60,8,30,10,30
6101,2026-06-08,60,8,27,10,30
6102,2026-06-09,60,8,24,10,30
6103,2026-06-10,60,8,21,10,30
6104,2026-06-11,60,8,19,10,30
6105,2026-06-12,60,8,16,10,30
6106,2026-06-13,60,8,13,10,30
6107,2026-06-14,60,8,11,10,30
6108,2026-06-15,60,8,30,10,30
6109,2026-06-16,60,8,28,10,30
6110,2026-06-17,60,8,25,10,30
6111,2026-06-18,60,8,23,10,30
6112,2026-06-19,60,8,20,10,30
6113,2026-06-20,60,8,19,10,30
6114,2026-06-21,60,8,17,10,30
6115,2026-06-22,60,8,14,10,30
6116,2026-06-23,60,8,10,10,30
6117,2026-06-24,60,8,30,10,30
6118,2026-06-25,60,8,27,10,30
6119,2026-06-26,60,8,24,10,30
6120,2026-06-27,60,8,22,10,30
6121,2026-06-28,60,8,19,10,30
6122,2026-06-29,60,8,16,10,30
6123,2026-06-30,60,8,13,10,30
6124,2026-07-01,60,8,11,10,30
6125,2026-07-02,60,8,30,10,30
6126,2026-07-03,60,8,28,10,30
6127,2026-07-04,60,8,25,10,30
6128,2026-07-05,60,8,23,10,30
6129,2026-07-06,60,8,19,10,30
6130,2026-07-07,60,8,17,10,30
6131,2026-07-08,60,8,15,10,30
6132,2026-07-09,60,8,12,10,30
6133,2026-07-10,60,8,30,10,30
6134,2026-07-11,60,8,28,10,30
6135,2026-07-12,60,8,24,10,30
6136,2026-07-13,60,8,22,10,30
6137,2026-07-14,60,8,20,10,30
6138,2026-07-15,60,8,17,10,30
6139,2026-07-16,60,8,15,10,30
6140,2026-07-17,60,8,12,10,30
6141,2026-07-18,60,8,30,10,30
6142,2026-07-19,60,8,27,10,30
6143,2026-07-20,60,8,24,10,30
6144,2026-07-21,60,8,22,10,30
6145,2026-07-22,60,8,19,10,30
6146,2026-07-23,60,8,17,10,30
6147,2026-07-24,60,8,15,10,30
6148,2026-07-25,60,8,12,10,30
6149,2026-07-26,60,8,10,10,30
6150,2026-07-27,60,8,30,10,30
6151,2026-07-28,60,8,28,10,30
6152,2026-07-29,60,8,25,10,30
6153,2026-07-30,60,8,23,10,30
6154,2026-07-31,60,8,20,10,30
6155,2026-08-01,60,8,18,10,30
6156,2026-08-02,60,8,16,10,30
6157,2026-08-03,60,8,13,10,30
6158,2026-08-04,60,8,11,10,30
6159,2026-08-05,60,8,30,10,30
6160,2026-08-06,60,8,27,10,30
6161,2026-05-29,60,9,16,6,18
6162,2026-05-30,60,9,15,6,18
6163,2026-05-31,60,9,14,6,18
6164,2026-06-01,60,9,13,6,18
6165,2026-06-02,60,9,11,6,18
6166,2026-06-03,60,9,10,6,18
6167,2026-06-04,60,9,9,6,18
6168,2026-06-05,60,9,8,6,18
6169,2026-06-06,60,9,7,6,18
6170,2026-06-07,60,9,6,6,18
6171,2026-06-08,60,9,18,6,18
6172,2026-06-09,60,9,17,6,18
6173,2026-06-10,60,9,15,6,18
6174,2026-06-11,60,9,13,6,18
6175,2026-06-12,60,9,11,6,18
6176,2026-06-13,60,9,9,6,18
6177,2026-06-14,60,9,7,6,18
6178,2026-06-15,60,9,18,6,18
6179,2026-06-16,60,9,16,6,18
6180,2026-06-17,60,9,15,6,18
6181,2026-06-18,60,9,13,6,18
6182,2026-06-19,60,9,11,6,18
6183,2026-06-20,60,9,9,6,18
6184,2026-06-21,60,9,8,6,18
6185,2026-06-22,60,9,7,6,18
6186,2026-06-23,60,9,6,6,18
6187,2026-06-24,60,9,18,6,18
6188,2026-06-25,60,9,16,6,18
6189,2026-06-26,60,9,15,6,18
6190,2026-06-27,60,9,13,6,18
6191,2026-06-28,60,9,12,6,18
6192,2026-06-29,60,9,11,6,18
6193,2026-06-30,60,9,10,6,18
6194,2026-07-01,60,9,8,6,18
6195,2026-07-02,60,9,6,6,18
6196,2026-07-03,60,9,18,6,18
6197,2026-07-04,60,9,17,6,18
6198,2026-07-05,60,9,15,6,18
6199,2026-07-06,60,9,13,6,18
6200,2026-07-07,60,9,12,6,18
6201,2026-07-08,60,9,11,6,18
6202,2026-07-09,60,9,10,6,18
6203,2026-07-10,60,9,8,6,18
6204,2026-07-11,60,9,7,6,18
6205,2026-07-12,60,9,18,6,18
6206,2026-07-13,60,9,16,6,18
6207,2026-07-14,60,9,14,6,18
6208,2026-07-15,60,9,12,6,18
6209,2026-07-16,60,9,10,6,18
6210,2026-07-17,60,9,9,6,18
6211,2026-07-18,60,9,7,6,18
6212,2026-07-19,60,9,18,6,18
6213,2026-07-20,60,9,16,6,18
6214,2026-07-21,60,9,15,6,18
6215,2026-07-22,60,9,14,6,18
6216,2026-07-23,60,9,13,6,18
6217,2026-07-24,60,9,11,6,18
6218,2026-07-25,60,9,10,6,18
6219,2026-07-26,60,9,9,6,18
6220,2026-07-27,60,9,7,6,18
6221,2026-07-28,60,9,18,6,18
6222,2026-07-29,60,9,16,6,18
6223,2026-07-30,60,9,14,6,18
6224,2026-07-31,60,9,13,6,18
6225,2026-08-01,60,9,12,6,18
6226,2026-08-02,60,9,11,6,18
6227,2026-08-03,60,9,10,6,18
6228,2026-08-04,60,9,9,6,18
6229,2026-08-05,60,9,7,6,18
6230,2026-08-06,60,9,18,6,18
6231,2026-05-29,60,10,22,8,24
6232,2026-05-30,60,10,20,8,24
6233,2026-05-31,60,10,18,8,24
6234,2026-06-01,60,10,17,8,24
6235,2026-06-02,60,10,15,8,24
6236,2026-06-03,60,10,13,8,24
6237,2026-06-04,60,10,10,8,24
6238,2026-06-05,60,10,9,8,24
6239,2026-06-06,60,10,24,8,24
6240,2026-06-07,60,10,22,8,24
6241,2026-06-08,60,10,20,8,24
6242,2026-06-09,60,10,18,8,24
6243,2026-06-10,60,10,16,8,24
6244,2026-06-11,60,10,14,8,24
6245,2026-06-12,60,10,12,8,24
6246,2026-06-13,60,10,10,8,24
6247,2026-06-14,60,10,24,8,24
6248,2026-06-15,60,10,22,8,24
6249,2026-06-16,60,10,20,8,24
6250,2026-06-17,60,10,18,8,24
6251,2026-06-18,60,10,16,8,24
6252,2026-06-19,60,10,14,8,24
6253,2026-06-20,60,10,13,8,24
6254,2026-06-21,60,10,10,8,24
6255,2026-06-22,60,10,8,8,24
6256,2026-06-23,60,10,24,8,24
6257,2026-06-24,60,10,22,8,24
6258,2026-06-25,60,10,20,8,24
6259,2026-06-26,60,10,18,8,24
6260,2026-06-27,60,10,16,8,24
6261,2026-06-28,60,10,14,8,24
6262,2026-06-29,60,10,12,8,24
6263,2026-06-30,60,10,10,8,24
6264,2026-07-01,60,10,8,8,24
6265,2026-07-02,60,10,24,8,24
6266,2026-07-03,60,10,22,8,24
6267,2026-07-04,60,10,20,8,24
6268,2026-07-05,60,10,19,8,24
6269,2026-07-06,60,10,17,8,24
6270,2026-07-07,60,10,15,8,24
6271,2026-07-08,60,10,13,8,24
6272,2026-07-09,60,10,11,8,24
6273,2026-07-10,60,10,9,8,24
6274,2026-07-11,60,10,24,8,24
6275,2026-07-12,60,10,22,8,24
6276,2026-07-13,60,10,20,8,24
6277,2026-07-14,60,10,18,8,24
6278,2026-07-15,60,10,16,8,24
6279,2026-07-16,60,10,13,8,24
6280,2026-07-17,60,10,10,8,24
6281,2026-07-18,60,10,8,8,24
6282,2026-07-19,60,10,24,8,24
6283,2026-07-20,60,10,22,8,24
6284,2026-07-21,60,10,20,8,24
6285,2026-07-22,60,10,17,8,24
6286,2026-07-23,60,10,15,8,24
6287,2026-07-24,60,10,13,8,24
6288,2026-07-25,60,10,11,8,24
6289,2026-07-26,60,10,10,8,24
6290,2026-07-27,60,10,24,8,24
6291,2026-07-28,60,10,23,8,24
6292,2026-07-29,60,10,21,8,24
6293,2026-07-30,60,10,20,8,24
6294,2026-07-31,60,10,18,8,24
6295,2026-08-01,60,10,17,8,24
6296,2026-08-02,60,10,15,8,24
6297,2026-08-03,60,10,14,8,24
6298,2026-08-04,60,10,12,8,24
6299,2026-08-05,60,10,9,8,24
6300,2026-08-06,60,10,24,8,24
6301,2026-05-29,60,11,33,12,36
6302,2026-05-30,60,11,30,12,36
6303,2026-05-31,60,11,27,12,36
6304,2026-06-01,60,11,24,12,36
6305,2026-06-02,60,11,20,12,36
6306,2026-06-03,60,11,17,12,36
6307,2026-06-04,60,11,13,12,36
6308,2026-06-05,60,11,36,12,36
6309,2026-06-06,60,11,32,12,36
6310,2026-06-07,60,11,29,12,36
6311,2026-06-08,60,11,26,12,36
6312,2026-06-09,60,11,22,12,36
6313,2026-06-10,60,11,19,12,36
6314,2026-06-11,60,11,17,12,36
6315,2026-06-12,60,11,14,12,36
6316,2026-06-13,60,11,12,12,36
6317,2026-06-14,60,11,36,12,36
6318,2026-06-15,60,11,33,12,36
6319,2026-06-16,60,11,29,12,36
6320,2026-06-17,60,11,25,12,36
6321,2026-06-18,60,11,23,12,36
6322,2026-06-19,60,11,20,12,36
6323,2026-06-20,60,11,17,12,36
6324,2026-06-21,60,11,14,12,36
6325,2026-06-22,60,11,36,12,36
6326,2026-06-23,60,11,33,12,36
6327,2026-06-24,60,11,30,12,36
6328,2026-06-25,60,11,27,12,36
6329,2026-06-26,60,11,23,12,36
6330,2026-06-27,60,11,20,12,36
6331,2026-06-28,60,11,18,12,36
6332,2026-06-29,60,11,14,12,36
6333,2026-06-30,60,11,36,12,36
6334,2026-07-01,60,11,34,12,36
6335,2026-07-02,60,11,30,12,36
6336,2026-07-03,60,11,28,12,36
6337,2026-07-04,60,11,24,12,36
6338,2026-07-05,60,11,21,12,36
6339,2026-07-06,60,11,18,12,36
6340,2026-07-07,60,11,14,12,36
6341,2026-07-08,60,11,36,12,36
6342,2026-07-09,60,11,33,12,36
6343,2026-07-10,60,11,30,12,36
6344,2026-07-11,60,11,28,12,36
6345,2026-07-12,60,11,25,12,36
6346,2026-07-13,60,11,22,12,36
6347,2026-07-14,60,11,19,12,36
6348,2026-07-15,60,11,16,12,36
6349,2026-07-16,60,11,12,12,36
6350,2026-07-17,60,11,36,12,36
6351,2026-07-18,60,11,33,12,36
6352,2026-07-19,60,11,30,12,36
6353,2026-07-20,60,11,27,12,36
6354,2026-07-21,60,11,24,12,36
6355,2026-07-22,60,11,21,12,36
6356,2026-07-23,60,11,18,12,36
6357,2026-07-24,60,11,14,12,36
6358,2026-07-25,60,11,36,12,36
6359,2026-07-26,60,11,33,12,36
6360,2026-07-27,60,11,30,12,36
6361,2026-07-28,60,11,26,12,36
6362,2026-07-29,60,11,21,12,36
6363,2026-07-30,60,11,18,12,36
6364,2026-07-31,60,11,14,12,36
6365,2026-08-01,60,11,36,12,36
6366,2026-08-02,60,11,33,12,36
6367,2026-08-03,60,11,30,12,36
6368,2026-08-04,60,11,26,12,36
6369,2026-08-05,60,11,23,12,36
6370,2026-08-06,60,11,20,12,36
6371,2026-05-29,60,12,27,10,30
6372,2026-05-30,60,12,25,10,30
6373,2026-05-31,60,12,23,10,30
6374,2026-06-01,60,12,21,10,30
6375,2026-06-02,60,12,18,10,30
6376,2026-06-03,60,12,16,10,30
6377,2026-06-04,60,12,13,10,30
6378,2026-06-05,60,12,11,10,30
6379,2026-06-06,60,12,30,10,30
6380,2026-06-07,60,12,27,10,30
6381,2026-06-08,60,12,24,10,30
6382,2026-06-09,60,12,22,10,30
6383,2026-06-10,60,12,19,10,30
6384,2026-06-11,60,12,16,10,30
6385,2026-06-12,60,12,13,10,30
6386,2026-06-13,60,12,11,10,30
6387,2026-06-14,60,12,30,10,30
6388,2026-06-15,60,12,27,10,30
6389,2026-06-16,60,12,25,10,30
6390,2026-06-17,60,12,23,10,30
6391,2026-06-18,60,12,21,10,30
6392,2026-06-19,60,12,17,10,30
6393,2026-06-20,60,12,14,10,30
6394,2026-06-21,60,12,11,10,30
6395,2026-06-22,60,12,30,10,30
6396,2026-06-23,60,12,28,10,30
6397,2026-06-24,60,12,25,10,30
6398,2026-06-25,60,12,23,10,30
6399,2026-06-26,60,12,21,10,30
6400,2026-06-27,60,12,18,10,30
6401,2026-06-28,60,12,15,10,30
6402,2026-06-29,60,12,13,10,30
6403,2026-06-30,60,12,10,10,30
6404,2026-07-01,60,12,30,10,30
6405,2026-07-02,60,12,27,10,30
6406,2026-07-03,60,12,24,10,30
6407,2026-07-04,60,12,22,10,30
6408,2026-07-05,60,12,19,10,30
6409,2026-07-06,60,12,16,10,30
6410,2026-07-07,60,12,14,10,30
6411,2026-07-08,60,12,12,10,30
6412,2026-07-09,60,12,10,10,30
6413,2026-07-10,60,12,30,10,30
6414,2026-07-11,60,12,28,10,30
6415,2026-07-12,60,12,26,10,30
6416,2026-07-13,60,12,23,10,30
6417,2026-07-14,60,12,20,10,30
6418,2026-07-15,60,12,18,10,30
6419,2026-07-16,60,12,16,10,30
6420,2026-07-17,60,12,13,10,30
6421,2026-07-18,60,12,11,10,30
6422,2026-07-19,60,12,30,10,30
6423,2026-07-20,60,12,28,10,30
6424,2026-07-21,60,12,26,10,30
6425,2026-07-22,60,12,23,10,30
6426,2026-07-23,60,12,21,10,30
6427,2026-07-24,60,12,18,10,30
6428,2026-07-25,60,12,15,10,30
6429,2026-07-26,60,12,13,10,30
6430,2026-07-27,60,12,30,10,30
6431,2026-07-28,60,12,28,10,30
6432,2026-07-29,60,12,26,10,30
6433,2026-07-30,60,12,23,10,30
6434,2026-07-31,60,12,20,10,30
6435,2026-08-01,60,12,17,10,30
6436,2026-08-02,60,12,14,10,30
6437,2026-08-03,60,12,12,10,30
6438,2026-08-04,60,12,30,10,30
6439,2026-08-05,60,12,27,10,30
6440,2026-08-06,60,12,24,10,30
6441,2026-05-29,60,13,17,6,18
6442,2026-05-30,60,13,15,6,18
6443,2026-05-31,60,13,14,6,18
6444,2026-06-01,60,13,12,6,18
6445,2026-06-02,60,13,11,6,18
6446,2026-06-03,60,13,9,6,18
6447,2026-06-04,60,13,7,6,18
6448,2026-06-05,60,13,18,6,18
6449,2026-06-06,60,13,17,6,18
6450,2026-06-07,60,13,15,6,18
6451,2026-06-08,60,13,13,6,18
6452,2026-06-09,60,13,12,6,18
6453,2026-06-10,60,13,11,6,18
6454,2026-06-11,60,13,10,6,18
6455,2026-06-12,60,13,9,6,18
6456,2026-06-13,60,13,8,6,18
6457,2026-06-14,60,13,7,6,18
6458,2026-06-15,60,13,18,6,18
6459,2026-06-16,60,13,16,6,18
6460,2026-06-17,60,13,14,6,18
6461,2026-06-18,60,13,13,6,18
6462,2026-06-19,60,13,12,6,18
6463,2026-06-20,60,13,10,6,18
6464,2026-06-21,60,13,9,6,18
6465,2026-06-22,60,13,8,6,18
6466,2026-06-23,60,13,7,6,18
6467,2026-06-24,60,13,6,6,18
6468,2026-06-25,60,13,18,6,18
6469,2026-06-26,60,13,16,6,18
6470,2026-06-27,60,13,14,6,18
6471,2026-06-28,60,13,13,6,18
6472,2026-06-29,60,13,12,6,18
6473,2026-06-30,60,13,11,6,18
6474,2026-07-01,60,13,10,6,18
6475,2026-07-02,60,13,9,6,18
6476,2026-07-03,60,13,7,6,18
6477,2026-07-04,60,13,6,6,18
6478,2026-07-05,60,13,18,6,18
6479,2026-07-06,60,13,17,6,18
6480,2026-07-07,60,13,16,6,18
6481,2026-07-08,60,13,14,6,18
6482,2026-07-09,60,13,12,6,18
6483,2026-07-10,60,13,10,6,18
6484,2026-07-11,60,13,9,6,18
6485,2026-07-12,60,13,7,6,18
6486,2026-07-13,60,13,6,6,18
6487,2026-07-14,60,13,18,6,18
6488,2026-07-15,60,13,17,6,18
6489,2026-07-16,60,13,15,6,18
6490,2026-07-17,60,13,14,6,18
6491,2026-07-18,60,13,13,6,18
6492,2026-07-19,60,13,11,6,18
6493,2026-07-20,60,13,9,6,18
6494,2026-07-21,60,13,7,6,18
6495,2026-07-22,60,13,18,6,18
6496,2026-07-23,60,13,16,6,18
6497,2026-07-24,60,13,15,6,18
6498,2026-07-25,60,13,14,6,18
6499,2026-07-26,60,13,12,6,18
6500,2026-07-27,60,13,10,6,18
6501,2026-07-28,60,13,9,6,18
6502,2026-07-29,60,13,8,6,18
6503,2026-07-30,60,13,6,6,18
6504,2026-07-31,60,13,18,6,18
6505,2026-08-01,60,13,17,6,18
6506,2026-08-02,60,13,16,6,18
6507,2026-08-03,60,13,14,6,18
6508,2026-08-04,60,13,12,6,18
6509,2026-08-05,60,13,11,6,18
6510,2026-08-06,60,13,9,6,18
6511,2026-05-29,60,14,49,18,54
6512,2026-05-30,60,14,41,18,54
6513,2026-05-31,60,14,35,18,54
6514,2026-06-01,60,14,30,18,54
6515,2026-06-02,60,14,27,18,54
6516,2026-06-03,60,14,23,18,54
6517,2026-06-04,60,14,18,18,54
6518,2026-06-05,60,14,54,18,54
6519,2026-06-06,60,14,47,18,54
6520,2026-06-07,60,14,42,18,54
6521,2026-06-08,60,14,37,18,54
6522,2026-06-09,60,14,34,18,54
6523,2026-06-10,60,14,30,18,54
6524,2026-06-11,60,14,25,18,54
6525,2026-06-12,60,14,20,18,54
6526,2026-06-13,60,14,54,18,54
6527,2026-06-14,60,14,48,18,54
6528,2026-06-15,60,14,43,18,54
6529,2026-06-16,60,14,39,18,54
6530,2026-06-17,60,14,36,18,54
6531,2026-06-18,60,14,31,18,54
6532,2026-06-19,60,14,29,18,54
6533,2026-06-20,60,14,22,18,54
6534,2026-06-21,60,14,18,18,54
6535,2026-06-22,60,14,54,18,54
6536,2026-06-23,60,14,49,18,54
6537,2026-06-24,60,14,44,18,54
6538,2026-06-25,60,14,39,18,54
6539,2026-06-26,60,14,35,18,54
6540,2026-06-27,60,14,32,18,54
6541,2026-06-28,60,14,28,18,54
6542,2026-06-29,60,14,25,18,54
6543,2026-06-30,60,14,21,18,54
6544,2026-07-01,60,14,54,18,54
6545,2026-07-02,60,14,49,18,54
6546,2026-07-03,60,14,44,18,54
6547,2026-07-04,60,14,35,18,54
6548,2026-07-05,60,14,29,18,54
6549,2026-07-06,60,14,23,18,54
6550,2026-07-07,60,14,19,18,54
6551,2026-07-08,60,14,54,18,54
6552,2026-07-09,60,14,49,18,54
6553,2026-07-10,60,14,43,18,54
6554,2026-07-11,60,14,38,18,54
6555,2026-07-12,60,14,32,18,54
6556,2026-07-13,60,14,28,18,54
6557,2026-07-14,60,14,24,18,54
6558,2026-07-15,60,14,19,18,54
6559,2026-07-16,60,14,54,18,54
6560,2026-07-17,60,14,49,18,54
6561,2026-07-18,60,14,45,18,54
6562,2026-07-19,60,14,41,18,54
6563,2026-07-20,60,14,37,18,54
6564,2026-07-21,60,14,33,18,54
6565,2026-07-22,60,14,28,18,54
6566,2026-07-23,60,14,24,18,54
6567,2026-07-24,60,14,19,18,54
6568,2026-07-25,60,14,54,18,54
6569,2026-07-26,60,14,50,18,54
6570,2026-07-27,60,14,46,18,54
6571,2026-07-28,60,14,42,18,54
6572,2026-07-29,60,14,38,18,54
6573,2026-07-30,60,14,33,18,54
6574,2026-07-31,60,14,30,18,54
6575,2026-08-01,60,14,24,18,54
6576,2026-08-02,60,14,19,18,54
6577,2026-08-03,60,14,54,18,54
6578,2026-08-04,60,14,49,18,54
6579,2026-08-05,60,14,44,18,54
6580,2026-08-06,60,14,40,18,54
6581,2026-05-29,60,15,44,16,48
6582,2026-05-30,60,15,40,16,48
6583,2026-05-31,60,15,35,16,48
6584,2026-06-01,60,15,31,16,48
6585,2026-06-02,60,15,28,16,48
6586,2026-06-03,60,15,24,16,48
6587,2026-06-04,60,15,21,16,48
6588,2026-06-05,60,15,16,16,48
6589,2026-06-06,60,15,48,16,48
6590,2026-06-07,60,15,41,16,48
6591,2026-06-08,60,15,39,16,48
6592,2026-06-09,60,15,36,16,48
6593,2026-06-10,60,15,33,16,48
6594,2026-06-11,60,15,28,16,48
6595,2026-06-12,60,15,25,16,48
6596,2026-06-13,60,15,20,16,48
6597,2026-06-14,60,15,17,16,48
6598,2026-06-15,60,15,48,16,48
6599,2026-06-16,60,15,44,16,48
6600,2026-06-17,60,15,41,16,48
6601,2026-06-18,60,15,38,16,48
6602,2026-06-19,60,15,33,16,48
6603,2026-06-20,60,15,27,16,48
6604,2026-06-21,60,15,21,16,48
6605,2026-06-22,60,15,16,16,48
6606,2026-06-23,60,15,48,16,48
6607,2026-06-24,60,15,44,16,48
6608,2026-06-25,60,15,40,16,48
6609,2026-06-26,60,15,36,16,48
6610,2026-06-27,60,15,31,16,48
6611,2026-06-28,60,15,25,16,48
6612,2026-06-29,60,15,21,16,48
6613,2026-06-30,60,15,17,16,48
6614,2026-07-01,60,15,48,16,48
6615,2026-07-02,60,15,44,16,48
6616,2026-07-03,60,15,40,16,48
6617,2026-07-04,60,15,34,16,48
6618,2026-07-05,60,15,28,16,48
6619,2026-07-06,60,15,25,16,48
6620,2026-07-07,60,15,20,16,48
6621,2026-07-08,60,15,16,16,48
6622,2026-07-09,60,15,48,16,48
6623,2026-07-10,60,15,45,16,48
6624,2026-07-11,60,15,39,16,48
6625,2026-07-12,60,15,33,16,48
6626,2026-07-13,60,15,29,16,48
6627,2026-07-14,60,15,24,16,48
6628,2026-07-15,60,15,21,16,48
6629,2026-07-16,60,15,17,16,48
6630,2026-07-17,60,15,48,16,48
6631,2026-07-18,60,15,43,16,48
6632,2026-07-19,60,15,38,16,48
6633,2026-07-20,60,15,33,16,48
6634,2026-07-21,60,15,30,16,48
6635,2026-07-22,60,15,26,16,48
6636,2026-07-23,60,15,23,16,48
6637,2026-07-24,60,15,19,16,48
6638,2026-07-25,60,15,48,16,48
6639,2026-07-26,60,15,43,16,48
6640,2026-07-27,60,15,38,16,48
6641,2026-07-28,60,15,34,16,48
6642,2026-07-29,60,15,30,16,48
6643,2026-07-30,60,15,26,16,48
6644,2026-07-31,60,15,24,16,48
6645,2026-08-01,60,15,20,16,48
6646,2026-08-02,60,15,48,16,48
6647,2026-08-03,60,15,44,16,48
6648,2026-08-04,60,15,40,16,48
6649,2026-08-05,60,15,38,16,48
6650,2026-08-06,60,15,34,16,48
6651,2026-05-29,60,16,39,14,42
6652,2026-05-30,60,16,33,14,42
6653,2026-05-31,60,16,28,14,42
6654,2026-06-01,60,16,25,14,42
6655,2026-06-02,60,16,21,14,42
6656,2026-06-03,60,16,19,14,42
6657,2026-06-04,60,16,15,14,42
6658,2026-06-05,60,16,42,14,42
6659,2026-06-06,60,16,37,14,42
6660,2026-06-07,60,16,33,14,42
6661,2026-06-08,60,16,29,14,42
6662,2026-06-09,60,16,26,14,42
6663,2026-06-10,60,16,22,14,42
6664,2026-06-11,60,16,19,14,42
6665,2026-06-12,60,16,16,14,42
6666,2026-06-13,60,16,42,14,42
6667,2026-06-14,60,16,38,14,42
6668,2026-06-15,60,16,35,14,42
6669,2026-06-16,60,16,32,14,42
6670,2026-06-17,60,16,29,14,42
6671,2026-06-18,60,16,25,14,42
6672,2026-06-19,60,16,22,14,42
6673,2026-06-20,60,16,16,14,42
6674,2026-06-21,60,16,42,14,42
6675,2026-06-22,60,16,39,14,42
6676,2026-06-23,60,16,36,14,42
6677,2026-06-24,60,16,33,14,42
6678,2026-06-25,60,16,29,14,42
6679,2026-06-26,60,16,25,14,42
6680,2026-06-27,60,16,19,14,42
6681,2026-06-28,60,16,14,14,42
6682,2026-06-29,60,16,42,14,42
6683,2026-06-30,60,16,37,14,42
6684,2026-07-01,60,16,33,14,42
6685,2026-07-02,60,16,30,14,42
6686,2026-07-03,60,16,27,14,42
6687,2026-07-04,60,16,21,14,42
6688,2026-07-05,60,16,17,14,42
6689,2026-07-06,60,16,14,14,42
6690,2026-07-07,60,16,42,14,42
6691,2026-07-08,60,16,39,14,42
6692,2026-07-09,60,16,36,14,42
6693,2026-07-10,60,16,32,14,42
6694,2026-07-11,60,16,26,14,42
6695,2026-07-12,60,16,24,14,42
6696,2026-07-13,60,16,21,14,42
6697,2026-07-14,60,16,17,14,42
6698,2026-07-15,60,16,15,14,42
6699,2026-07-16,60,16,42,14,42
6700,2026-07-17,60,16,38,14,42
6701,2026-07-18,60,16,33,14,42
6702,2026-07-19,60,16,28,14,42
6703,2026-07-20,60,16,25,14,42
6704,2026-07-21,60,16,21,14,42
6705,2026-07-22,60,16,17,14,42
6706,2026-07-23,60,16,42,14,42
6707,2026-07-24,60,16,39,14,42
6708,2026-07-25,60,16,36,14,42
6709,2026-07-26,60,16,32,14,42
6710,2026-07-27,60,16,27,14,42
6711,2026-07-28,60,16,23,14,42
6712,2026-07-29,60,16,19,14,42
6713,2026-07-30,60,16,16,14,42
6714,2026-07-31,60,16,42,14,42
6715,2026-08-01,60,16,37,14,42
6716,2026-08-02,60,16,34,14,42
6717,2026-08-03,60,16,31,14,42
6718,2026-08-04,60,16,27,14,42
6719,2026-08-05,60,16,25,14,42
6720,2026-08-06,60,16,21,14,42
