vente_id,date,store_id,product_id,quantite,prix_unitaire,canal
1,2026-05-29,10,1,9,800.0,boutique
2,2026-05-30,10,1,9,800.0,boutique
3,2026-05-31,10,1,9,800.0,en_ligne
4,2026-06-01,10,1,6,800.0,boutique
5,2026-06-02,10,1,9,800.0,boutique
6,2026-06-03,10,1,9,800.0,boutique
7,2026-06-04,10,1,10,800.0,boutique
8,2026-06-05,10,1,9,800.0,boutique
9,2026-06-06,10,1,10,800.0,en_ligne
10,2026-06-07,10,1,11,800.0,boutique
11,2026-06-08,10,1,10,800.0,boutique
12,2026-06-09,10,1,6,800.0,boutique
13,2026-06-10,10,1,11,800.0,boutique
14,2026-06-11,10,1,9,800.0,boutique
15,2026-06-12,10,1,11,800.0,en_ligne
16,2026-06-13,10,1,7,800.0,boutique
17,2026-06-14,10,1,4,800.0,boutique
18,2026-06-15,10,1,8,800.0,boutique
19,2026-06-16,10,1,10,800.0,en_ligne
20,2026-06-17,10,1,7,800.0,boutique
21,2026-06-18,10,1,9,800.0,boutique
22,2026-06-19,10,1,9,800.0,boutique
23,2026-06-20,10,1,10,800.0,boutique
24,2026-06-21,10,1,10,800.0,boutique
25,2026-06-22,10,1,8,800.0,boutique
26,2026-06-23,10,1,8,800.0,boutique
27,2026-06-24,10,1,9,800.0,boutique
28,2026-06-25,10,1,13,800.0,boutique
29,2026-06-26,10,1,10,800.0,boutique
30,2026-06-27,10,1,12,800.0,boutique
31,2026-06-28,10,1,12,800.0,boutique
32,2026-06-29,10,1,9,800.0,boutique
33,2026-06-30,10,1,11,800.0,boutique
34,2026-07-01,10,1,6,800.0,boutique
35,2026-07-02,10,1,9,800.0,boutique
36,2026-07-03,10,1,10,800.0,revendeur
37,2026-07-04,10,1,10,800.0,boutique
38,2026-07-05,10,1,8,800.0,boutique
39,2026-07-06,10,1,11,800.0,boutique
40,2026-07-07,10,1,8,800.0,boutique
41,2026-07-08,10,1,8,800.0,boutique
42,2026-07-09,10,1,9,800.0,en_ligne
43,2026-07-10,10,1,8,800.0,revendeur
44,2026-07-11,10,1,10,800.0,boutique
45,2026-07-12,10,1,10,800.0,boutique
46,2026-07-13,10,1,9,800.0,boutique
47,2026-07-14,10,1,10,800.0,boutique
48,2026-07-15,10,1,7,800.0,boutique
49,2026-07-16,10,1,11,800.0,revendeur
50,2026-07-17,10,1,9,800.0,en_ligne
51,2026-07-18,10,1,12,800.0,boutique
52,2026-07-19,10,1,9,800.0,boutique
53,2026-07-20,10,1,9,800.0,boutique
54,2026-07-21,10,1,12,800.0,boutique
55,2026-07-22,10,1,5,800.0,en_ligne
56,2026-07-23,10,1,10,800.0,boutique
57,2026-07-24,10,1,10,800.0,revendeur
58,2026-07-25,10,1,12,800.0,en_ligne
59,2026-07-26,10,1,11,800.0,boutique
60,2026-07-27,10,1,15,800.0,boutique
61,2026-07-28,10,1,12,800.0,en_ligne
62,2026-07-29,10,1,9,800.0,boutique
63,2026-07-30,10,1,14,800.0,boutique
64,2026-07-31,10,1,16,800.0,revendeur
65,2026-08-01,10,1,21,800.0,boutique
66,2026-08-02,10,1,12,800.0,boutique
67,2026-08-03,10,1,22,800.0,boutique
68,2026-08-04,10,1,11,800.0,boutique
69,2026-08-05,10,1,21,800.0,en_ligne
70,2026-08-06,10,1,19,800.0,boutique
71,2026-05-29,10,2,4,4200.0,boutique
72,2026-05-30,10,2,5,4200.0,en_ligne
73,2026-05-31,10,2,5,4200.0,boutique
74,2026-06-01,10,2,6,4200.0,boutique
75,2026-06-02,10,2,5,4200.0,revendeur
76,2026-06-03,10,2,6,4200.0,boutique
77,2026-06-04,10,2,4,4200.0,boutique
78,2026-06-05,10,2,6,4200.0,boutique
79,2026-06-06,10,2,4,4200.0,boutique
80,2026-06-07,10,2,6,4200.0,boutique
81,2026-06-08,10,2,7,4200.0,boutique
82,2026-06-09,10,2,6,4200.0,revendeur
83,2026-06-10,10,2,5,4200.0,boutique
84,2026-06-11,10,2,5,4200.0,boutique
85,2026-06-12,10,2,5,4200.0,revendeur
86,2026-06-13,10,2,6,4200.0,boutique
87,2026-06-14,10,2,3,4200.0,en_ligne
88,2026-06-15,10,2,6,4200.0,boutique
89,2026-06-16,10,2,6,4200.0,boutique
90,2026-06-17,10,2,6,4200.0,boutique
91,2026-06-18,10,2,5,4200.0,revendeur
92,2026-06-19,10,2,4,4200.0,boutique
93,2026-06-20,10,2,4,4200.0,en_ligne
94,2026-06-21,10,2,6,4200.0,boutique
95,2026-06-22,10,2,6,4200.0,boutique
96,2026-06-23,10,2,6,4200.0,boutique
97,2026-06-24,10,2,5,4200.0,boutique
98,2026-06-25,10,2,8,4200.0,en_ligne
99,2026-06-26,10,2,5,4200.0,revendeur
100,2026-06-27,10,2,5,4200.0,en_ligne
101,2026-06-28,10,2,8,4200.0,en_ligne
102,2026-06-29,10,2,5,4200.0,boutique
103,2026-06-30,10,2,4,4200.0,boutique
104,2026-07-01,10,2,5,4200.0,boutique
105,2026-07-02,10,2,3,4200.0,boutique
106,2026-07-03,10,2,7,4200.0,en_ligne
107,2026-07-04,10,2,4,4200.0,revendeur
108,2026-07-05,10,2,6,4200.0,revendeur
109,2026-07-06,10,2,4,4200.0,boutique
110,2026-07-07,10,2,5,4200.0,boutique
111,2026-07-08,10,2,7,4200.0,boutique
112,2026-07-09,10,2,5,4200.0,boutique
113,2026-07-10,10,2,6,4200.0,boutique
114,2026-07-11,10,2,6,4200.0,en_ligne
115,2026-07-12,10,2,7,4200.0,boutique
116,2026-07-13,10,2,7,4200.0,boutique
117,2026-07-14,10,2,4,4200.0,boutique
118,2026-07-15,10,2,4,4200.0,boutique
119,2026-07-16,10,2,6,4200.0,boutique
120,2026-07-17,10,2,5,4200.0,boutique
121,2026-07-18,10,2,4,4200.0,boutique
122,2026-07-19,10,2,6,4200.0,revendeur
123,2026-07-20,10,2,6,4200.0,boutique
124,2026-07-21,10,2,7,4200.0,boutique
125,2026-07-22,10,2,5,4200.0,boutique
126,2026-07-23,10,2,4,4200.0,en_ligne
127,2026-07-24,10,2,6,4200.0,revendeur
128,2026-07-25,10,2,6,4200.0,revendeur
129,2026-07-26,10,2,6,4200.0,boutique
130,2026-07-27,10,2,6,4200.0,revendeur
131,2026-07-28,10,2,7,4200.0,boutique
132,2026-07-29,10,2,4,4200.0,boutique
133,2026-07-30,10,2,6,4200.0,boutique
134,2026-07-31,10,2,4,4200.0,revendeur
135,2026-08-01,10,2,5,4200.0,en_ligne
136,2026-08-02,10,2,5,4200.0,boutique
137,2026-08-03,10,2,4,4200.0,boutique
138,2026-08-04,10,2,3,4200.0,boutique
139,2026-08-05,10,2,6,4200.0,boutique
140,2026-08-06,10,2,6,4200.0,boutique
141,2026-05-29,10,3,6,650.0,boutique
142,2026-05-30,10,3,6,650.0,boutique
143,2026-05-31,10,3,4,650.0,en_ligne
144,2026-06-01,10,3,7,650.0,boutique
145,2026-06-02,10,3,6,650.0,boutique
146,2026-06-03,10,3,7,650.0,en_ligne
147,2026-06-04,10,3,6,650.0,boutique
148,2026-06-05,10,3,6,650.0,boutique
149,2026-06-06,10,3,6,650.0,boutique
150,2026-06-07,10,3,7,650.0,en_ligne
151,2026-06-08,10,3,8,650.0,en_ligne
152,2026-06-09,10,3,6,650.0,boutique
153,2026-06-10,10,3,7,650.0,boutique
154,2026-06-11,10,3,7,650.0,en_ligne
155,2026-06-12,10,3,7,650.0,en_ligne
156,2026-06-13,10,3,4,650.0,boutique
157,2026-06-14,10,3,7,650.0,en_ligne
158,2026-06-15,10,3,7,650.0,en_ligne
159,2026-06-16,10,3,5,650.0,boutique
160,2026-06-17,10,3,8,650.0,revendeur
161,2026-06-18,10,3,9,650.0,en_ligne
162,2026-06-19,10,3,4,650.0,en_ligne
163,2026-06-20,10,3,9,650.0,boutique
164,2026-06-21,10,3,7,650.0,revendeur
165,2026-06-22,10,3,7,650.0,en_ligne
166,2026-06-23,10,3,4,650.0,boutique
167,2026-06-24,10,3,7,650.0,en_ligne
168,2026-06-25,10,3,6,650.0,en_ligne
169,2026-06-26,10,3,7,650.0,boutique
170,2026-06-27,10,3,9,650.0,boutique
171,2026-06-28,10,3,7,650.0,boutique
172,2026-06-29,10,3,6,650.0,boutique
173,2026-06-30,10,3,5,650.0,revendeur
174,2026-07-01,10,3,9,650.0,boutique
175,2026-07-02,10,3,6,650.0,revendeur
176,2026-07-03,10,3,5,650.0,boutique
177,2026-07-04,10,3,7,650.0,revendeur
178,2026-07-05,10,3,6,650.0,boutique
179,2026-07-06,10,3,7,650.0,boutique
180,2026-07-07,10,3,6,650.0,boutique
181,2026-07-08,10,3,6,650.0,boutique
182,2026-07-09,10,3,5,650.0,boutique
183,2026-07-10,10,3,5,650.0,boutique
184,2026-07-11,10,3,8,650.0,boutique
185,2026-07-12,10,3,9,650.0,boutique
186,2026-07-13,10,3,7,650.0,boutique
187,2026-07-14,10,3,6,650.0,boutique
188,2026-07-15,10,3,5,650.0,boutique
189,2026-07-16,10,3,6,650.0,boutique
190,2026-07-17,10,3,6,650.0,en_ligne
191,2026-07-18,10,3,6,650.0,boutique
192,2026-07-19,10,3,5,650.0,boutique
193,2026-07-20,10,3,6,650.0,boutique
194,2026-07-21,10,3,7,650.0,boutique
195,2026-07-22,10,3,8,650.0,revendeur
196,2026-07-23,10,3,6,650.0,boutique
197,2026-07-24,10,3,6,650.0,boutique
198,2026-07-25,10,3,8,650.0,boutique
199,2026-07-26,10,3,5,650.0,boutique
200,2026-07-27,10,3,7,650.0,boutique
201,2026-07-28,10,3,6,650.0,boutique
202,2026-07-29,10,3,7,650.0,revendeur
203,2026-07-30,10,3,7,650.0,boutique
204,2026-07-31,10,3,6,650.0,boutique
205,2026-08-01,10,3,6,650.0,en_ligne
206,2026-08-02,10,3,6,650.0,en_ligne
207,2026-08-03,10,3,6,650.0,boutique
208,2026-08-04,10,3,6,650.0,boutique
209,2026-08-05,10,3,7,650.0,en_ligne
210,2026-08-06,10,3,8,650.0,boutique
211,2026-05-29,10,4,15,400.0,boutique
212,2026-05-30,10,4,30,400.0,boutique
213,2026-05-31,10,4,22,400.0,boutique
214,2026-06-01,10,4,20,400.0,boutique
215,2026-06-02,10,4,20,400.0,boutique
216,2026-06-03,10,4,13,400.0,boutique
217,2026-06-04,10,4,24,400.0,boutique
218,2026-06-05,10,4,28,400.0,boutique
219,2026-06-06,10,4,26,400.0,boutique
220,2026-06-07,10,4,37,400.0,en_ligne
221,2026-06-08,10,4,14,400.0,boutique
222,2026-06-09,10,4,9,400.0,revendeur
223,2026-06-10,10,4,24,400.0,boutique
224,2026-06-11,10,4,16,400.0,boutique
225,2026-06-12,10,4,22,400.0,en_ligne
226,2026-06-13,10,4,21,400.0,boutique
227,2026-06-14,10,4,22,400.0,boutique
228,2026-06-15,10,4,20,400.0,boutique
229,2026-06-16,10,4,20,400.0,boutique
230,2026-06-17,10,4,15,400.0,boutique
231,2026-06-18,10,4,22,400.0,boutique
232,2026-06-19,10,4,21,400.0,boutique
233,2026-06-20,10,4,24,400.0,boutique
234,2026-06-21,10,4,26,400.0,boutique
235,2026-06-22,10,4,19,400.0,boutique
236,2026-06-23,10,4,18,400.0,boutique
237,2026-06-24,10,4,17,400.0,boutique
238,2026-06-25,10,4,21,400.0,revendeur
239,2026-06-26,10,4,14,400.0,en_ligne
240,2026-06-27,10,4,22,400.0,en_ligne
241,2026-06-28,10,4,26,400.0,boutique
242,2026-06-29,10,4,20,400.0,en_ligne
243,2026-06-30,10,4,25,400.0,boutique
244,2026-07-01,10,4,12,400.0,boutique
245,2026-07-02,10,4,14,400.0,boutique
246,2026-07-03,10,4,18,400.0,boutique
247,2026-07-04,10,4,25,400.0,boutique
248,2026-07-05,10,4,27,400.0,boutique
249,2026-07-06,10,4,18,400.0,boutique
250,2026-07-07,10,4,21,400.0,boutique
251,2026-07-08,10,4,19,400.0,boutique
252,2026-07-09,10,4,19,400.0,boutique
253,2026-07-10,10,4,25,400.0,boutique
254,2026-07-11,10,4,28,400.0,boutique
255,2026-07-12,10,4,31,400.0,boutique
256,2026-07-13,10,4,21,400.0,boutique
257,2026-07-14,10,4,20,400.0,en_ligne
258,2026-07-15,10,4,16,400.0,en_ligne
259,2026-07-16,10,4,19,400.0,boutique
260,2026-07-17,10,4,21,400.0,boutique
261,2026-07-18,10,4,31,400.0,boutique
262,2026-07-19,10,4,26,400.0,en_ligne
263,2026-07-20,10,4,16,400.0,revendeur
264,2026-07-21,10,4,14,400.0,boutique
265,2026-07-22,10,4,22,400.0,boutique
266,2026-07-23,10,4,20,400.0,boutique
267,2026-07-24,10,4,17,400.0,boutique
268,2026-07-25,10,4,25,400.0,en_ligne
269,2026-07-26,10,4,30,400.0,boutique
270,2026-07-27,10,4,24,400.0,boutique
271,2026-07-28,10,4,24,400.0,boutique
272,2026-07-29,10,4,10,400.0,boutique
273,2026-07-30,10,4,17,400.0,revendeur
274,2026-07-31,10,4,25,400.0,boutique
275,2026-08-01,10,4,26,400.0,boutique
276,2026-08-02,10,4,24,400.0,boutique
277,2026-08-03,10,4,25,400.0,en_ligne
278,2026-08-04,10,4,24,400.0,boutique
279,2026-08-05,10,4,28,400.0,en_ligne
280,2026-08-06,10,4,27,400.0,boutique
281,2026-05-29,10,5,6,900.0,boutique
282,2026-05-30,10,5,11,900.0,boutique
283,2026-05-31,10,5,13,900.0,boutique
284,2026-06-01,10,5,5,900.0,revendeur
285,2026-06-02,10,5,6,900.0,boutique
286,2026-06-03,10,5,6,900.0,boutique
287,2026-06-04,10,5,7,900.0,boutique
288,2026-06-05,10,5,4,900.0,en_ligne
289,2026-06-06,10,5,8,900.0,boutique
290,2026-06-07,10,5,10,900.0,boutique
291,2026-06-08,10,5,7,900.0,en_ligne
292,2026-06-09,10,5,11,900.0,boutique
293,2026-06-10,10,5,9,900.0,boutique
294,2026-06-11,10,5,7,900.0,boutique
295,2026-06-12,10,5,8,900.0,en_ligne
296,2026-06-13,10,5,11,900.0,boutique
297,2026-06-14,10,5,11,900.0,boutique
298,2026-06-15,10,5,11,900.0,en_ligne
299,2026-06-16,10,5,7,900.0,boutique
300,2026-06-17,10,5,7,900.0,revendeur
301,2026-06-18,10,5,10,900.0,boutique
302,2026-06-19,10,5,9,900.0,en_ligne
303,2026-06-20,10,5,9,900.0,boutique
304,2026-06-21,10,5,8,900.0,en_ligne
305,2026-06-22,10,5,9,900.0,boutique
306,2026-06-23,10,5,8,900.0,boutique
307,2026-06-24,10,5,6,900.0,boutique
308,2026-06-25,10,5,7,900.0,boutique
309,2026-06-26,10,5,8,900.0,boutique
310,2026-06-27,10,5,9,900.0,boutique
311,2026-06-28,10,5,11,900.0,boutique
312,2026-06-29,10,5,9,900.0,boutique
313,2026-06-30,10,5,5,900.0,boutique
314,2026-07-01,10,5,7,900.0,boutique
315,2026-07-02,10,5,5,900.0,revendeur
316,2026-07-03,10,5,8,900.0,boutique
317,2026-07-04,10,5,10,900.0,boutique
318,2026-07-05,10,5,11,900.0,boutique
319,2026-07-06,10,5,8,900.0,boutique
320,2026-07-07,10,5,8,900.0,boutique
321,2026-07-08,10,5,10,900.0,boutique
322,2026-07-09,10,5,7,900.0,boutique
323,2026-07-10,10,5,9,900.0,en_ligne
324,2026-07-11,10,5,9,900.0,boutique
325,2026-07-12,10,5,8,900.0,boutique
326,2026-07-13,10,5,8,900.0,boutique
327,2026-07-14,10,5,9,900.0,en_ligne
328,2026-07-15,10,5,7,900.0,boutique
329,2026-07-16,10,5,10,900.0,boutique
330,2026-07-17,10,5,9,900.0,boutique
331,2026-07-18,10,5,9,900.0,revendeur
332,2026-07-19,10,5,10,900.0,boutique
333,2026-07-20,10,5,8,900.0,en_ligne
334,2026-07-21,10,5,6,900.0,boutique
335,2026-07-22,10,5,6,900.0,boutique
336,2026-07-23,10,5,8,900.0,en_ligne
337,2026-07-24,10,5,9,900.0,boutique
338,2026-07-25,10,5,10,900.0,boutique
339,2026-07-26,10,5,10,900.0,boutique
340,2026-07-27,10,5,4,900.0,boutique
341,2026-07-28,10,5,7,900.0,boutique
342,2026-07-29,10,5,7,900.0,boutique
343,2026-07-30,10,5,10,900.0,boutique
344,2026-07-31,10,5,8,900.0,boutique
345,2026-08-01,10,5,11,900.0,boutique
346,2026-08-02,10,5,14,900.0,boutique
347,2026-08-03,10,5,6,900.0,en_ligne
348,2026-08-04,10,5,5,900.0,boutique
349,2026-08-05,10,5,6,900.0,boutique
350,2026-08-06,10,5,5,900.0,boutique
351,2026-05-29,10,6,10,350.0,en_ligne
352,2026-05-30,10,6,11,350.0,boutique
353,2026-05-31,10,6,19,350.0,boutique
354,2026-06-01,10,6,15,350.0,boutique
355,2026-06-02,10,6,13,350.0,boutique
356,2026-06-03,10,6,14,350.0,boutique
357,2026-06-04,10,6,16,350.0,boutique
358,2026-06-05,10,6,12,350.0,boutique
359,2026-06-06,10,6,21,350.0,boutique
360,2026-06-07,10,6,18,350.0,boutique
361,2026-06-08,10,6,19,350.0,en_ligne
362,2026-06-09,10,6,17,350.0,boutique
363,2026-06-10,10,6,23,350.0,boutique
364,2026-06-11,10,6,10,350.0,boutique
365,2026-06-12,10,6,17,350.0,boutique
366,2026-06-13,10,6,19,350.0,boutique
367,2026-06-14,10,6,19,350.0,boutique
368,2026-06-15,10,6,12,350.0,boutique
369,2026-06-16,10,6,12,350.0,boutique
370,2026-06-17,10,6,13,350.0,boutique
371,2026-06-18,10,6,11,350.0,boutique
372,2026-06-19,10,6,8,350.0,boutique
373,2026-06-20,10,6,16,350.0,en_ligne
374,2026-06-21,10,6,26,350.0,boutique
375,2026-06-22,10,6,11,350.0,boutique
376,2026-06-23,10,6,14,350.0,revendeur
377,2026-06-24,10,6,10,350.0,revendeur
378,2026-06-25,10,6,15,350.0,boutique
379,2026-06-26,10,6,10,350.0,boutique
380,2026-06-27,10,6,17,350.0,boutique
381,2026-06-28,10,6,18,350.0,en_ligne
382,2026-06-29,10,6,9,350.0,boutique
383,2026-06-30,10,6,7,350.0,boutique
384,2026-07-01,10,6,11,350.0,boutique
385,2026-07-02,10,6,18,350.0,boutique
386,2026-07-03,10,6,18,350.0,boutique
387,2026-07-04,10,6,20,350.0,boutique
388,2026-07-05,10,6,21,350.0,boutique
389,2026-07-06,10,6,19,350.0,boutique
390,2026-07-07,10,6,13,350.0,boutique
391,2026-07-08,10,6,15,350.0,boutique
392,2026-07-09,10,6,10,350.0,boutique
393,2026-07-10,10,6,12,350.0,revendeur
394,2026-07-11,10,6,24,350.0,boutique
395,2026-07-12,10,6,14,350.0,revendeur
396,2026-07-13,10,6,12,350.0,boutique
397,2026-07-14,10,6,17,350.0,boutique
398,2026-07-15,10,6,9,350.0,en_ligne
399,2026-07-16,10,6,8,350.0,boutique
400,2026-07-17,10,6,16,350.0,en_ligne
401,2026-07-18,10,6,17,350.0,boutique
402,2026-07-19,10,6,20,350.0,revendeur
403,2026-07-20,10,6,12,350.0,boutique
404,2026-07-21,10,6,13,350.0,boutique
405,2026-07-22,10,6,10,350.0,boutique
406,2026-07-23,10,6,12,350.0,boutique
407,2026-07-24,10,6,15,350.0,boutique
408,2026-07-25,10,6,23,350.0,boutique
409,2026-07-26,10,6,18,350.0,boutique
410,2026-07-27,10,6,12,350.0,boutique
411,2026-07-28,10,6,14,350.0,boutique
412,2026-07-29,10,6,11,350.0,en_ligne
413,2026-07-30,10,6,16,350.0,boutique
414,2026-07-31,10,6,13,350.0,boutique
415,2026-08-01,10,6,12,350.0,en_ligne
416,2026-08-02,10,6,14,350.0,boutique
417,2026-08-03,10,6,10,350.0,boutique
418,2026-08-04,10,6,13,350.0,boutique
419,2026-08-05,10,6,12,350.0,boutique
420,2026-08-06,10,6,12,350.0,revendeur
421,2026-05-29,10,7,9,700.0,boutique
422,2026-05-30,10,7,13,700.0,en_ligne
423,2026-05-31,10,7,13,700.0,boutique
424,2026-06-01,10,7,7,700.0,boutique
425,2026-06-02,10,7,10,700.0,en_ligne
426,2026-06-03,10,7,7,700.0,boutique
427,2026-06-04,10,7,13,700.0,revendeur
428,2026-06-05,10,7,12,700.0,revendeur
429,2026-06-06,10,7,10,700.0,boutique
430,2026-06-07,10,7,8,700.0,boutique
431,2026-06-08,10,7,12,700.0,boutique
432,2026-06-09,10,7,9,700.0,revendeur
433,2026-06-10,10,7,14,700.0,boutique
434,2026-06-11,10,7,11,700.0,boutique
435,2026-06-12,10,7,12,700.0,boutique
436,2026-06-13,10,7,12,700.0,en_ligne
437,2026-06-14,10,7,11,700.0,en_ligne
438,2026-06-15,10,7,11,700.0,boutique
439,2026-06-16,10,7,11,700.0,boutique
440,2026-06-17,10,7,15,700.0,boutique
441,2026-06-18,10,7,10,700.0,boutique
442,2026-06-19,10,7,12,700.0,en_ligne
443,2026-06-20,10,7,13,700.0,boutique
444,2026-06-21,10,7,9,700.0,boutique
445,2026-06-22,10,7,9,700.0,boutique
446,2026-06-23,10,7,13,700.0,boutique
447,2026-06-24,10,7,10,700.0,boutique
448,2026-06-25,10,7,14,700.0,boutique
449,2026-06-26,10,7,9,700.0,boutique
450,2026-06-27,10,7,11,700.0,boutique
451,2026-06-28,10,7,12,700.0,revendeur
452,2026-06-29,10,7,10,700.0,boutique
453,2026-06-30,10,7,10,700.0,boutique
454,2026-07-01,10,7,13,700.0,boutique
455,2026-07-02,10,7,13,700.0,boutique
456,2026-07-03,10,7,11,700.0,revendeur
457,2026-07-04,10,7,10,700.0,boutique
458,2026-07-05,10,7,14,700.0,boutique
459,2026-07-06,10,7,9,700.0,boutique
460,2026-07-07,10,7,8,700.0,boutique
461,2026-07-08,10,7,8,700.0,boutique
462,2026-07-09,10,7,7,700.0,revendeur
463,2026-07-10,10,7,9,700.0,boutique
464,2026-07-11,10,7,9,700.0,boutique
465,2026-07-12,10,7,10,700.0,boutique
466,2026-07-13,10,7,10,700.0,boutique
467,2026-07-14,10,7,11,700.0,boutique
468,2026-07-15,10,7,11,700.0,revendeur
469,2026-07-16,10,7,6,700.0,en_ligne
470,2026-07-17,10,7,10,700.0,boutique
471,2026-07-18,10,7,11,700.0,en_ligne
472,2026-07-19,10,7,8,700.0,boutique
473,2026-07-20,10,7,10,700.0,revendeur
474,2026-07-21,10,7,11,700.0,boutique
475,2026-07-22,10,7,14,700.0,boutique
476,2026-07-23,10,7,10,700.0,revendeur
477,2026-07-24,10,7,14,700.0,boutique
478,2026-07-25,10,7,10,700.0,en_ligne
479,2026-07-26,10,7,13,700.0,boutique
480,2026-07-27,10,7,11,700.0,boutique
481,2026-07-28,10,7,9,700.0,en_ligne
482,2026-07-29,10,7,8,700.0,revendeur
483,2026-07-30,10,7,12,700.0,boutique
484,2026-07-31,10,7,11,700.0,en_ligne
485,2026-08-01,10,7,6,700.0,boutique
486,2026-08-02,10,7,9,700.0,boutique
487,2026-08-03,10,7,12,700.0,boutique
488,2026-08-04,10,7,6,700.0,boutique
489,2026-08-05,10,7,14,700.0,boutique
490,2026-08-06,10,7,14,700.0,boutique
491,2026-05-29,10,8,9,850.0,boutique
492,2026-05-30,10,8,8,850.0,boutique
493,2026-05-31,10,8,5,850.0,revendeur
494,2026-06-01,10,8,5,850.0,boutique
495,2026-06-02,10,8,6,850.0,boutique
496,2026-06-03,10,8,6,850.0,boutique
497,2026-06-04,10,8,5,850.0,revendeur
498,2026-06-05,10,8,7,850.0,boutique
499,2026-06-06,10,8,6,850.0,revendeur
500,2026-06-07,10,8,8,850.0,en_ligne
501,2026-06-08,10,8,8,850.0,boutique
502,2026-06-09,10,8,8,850.0,revendeur
503,2026-06-10,10,8,6,850.0,boutique
504,2026-06-11,10,8,8,850.0,boutique
505,2026-06-12,10,8,7,850.0,boutique
506,2026-06-13,10,8,5,850.0,boutique
507,2026-06-14,10,8,6,850.0,en_ligne
508,2026-06-15,10,8,6,850.0,boutique
509,2026-06-16,10,8,8,850.0,boutique
510,2026-06-17,10,8,8,850.0,en_ligne
511,2026-06-18,10,8,7,850.0,en_ligne
512,2026-06-19,10,8,7,850.0,boutique
513,2026-06-20,10,8,8,850.0,boutique
514,2026-06-21,10,8,9,850.0,en_ligne
515,2026-06-22,10,8,7,850.0,boutique
516,2026-06-23,10,8,7,850.0,boutique
517,2026-06-24,10,8,6,850.0,boutique
518,2026-06-25,10,8,6,850.0,en_ligne
519,2026-06-26,10,8,7,850.0,boutique
520,2026-06-27,10,8,8,850.0,boutique
521,2026-06-28,10,8,6,850.0,boutique
522,2026-06-29,10,8,5,850.0,boutique
523,2026-06-30,10,8,7,850.0,boutique
524,2026-07-01,10,8,5,850.0,boutique
525,2026-07-02,10,8,7,850.0,en_ligne
526,2026-07-03,10,8,6,850.0,en_ligne
527,2026-07-04,10,8,5,850.0,revendeur
528,2026-07-05,10,8,6,850.0,boutique
529,2026-07-06,10,8,5,850.0,boutique
530,2026-07-07,10,8,7,850.0,boutique
531,2026-07-08,10,8,7,850.0,boutique
532,2026-07-09,10,8,6,850.0,boutique
533,2026-07-10,10,8,7,850.0,boutique
534,2026-07-11,10,8,7,850.0,boutique
535,2026-07-12,10,8,5,850.0,boutique
536,2026-07-13,10,8,10,850.0,boutique
537,2026-07-14,10,8,6,850.0,boutique
538,2026-07-15,10,8,6,850.0,en_ligne
539,2026-07-16,10,8,5,850.0,boutique
540,2026-07-17,10,8,5,850.0,boutique
541,2026-07-18,10,8,6,850.0,boutique
542,2026-07-19,10,8,7,850.0,boutique
543,2026-07-20,10,8,6,850.0,boutique
544,2026-07-21,10,8,7,850.0,boutique
545,2026-07-22,10,8,6,850.0,revendeur
546,2026-07-23,10,8,7,850.0,boutique
547,2026-07-24,10,8,7,850.0,boutique
548,2026-07-25,10,8,6,850.0,boutique
549,2026-07-26,10,8,7,850.0,boutique
550,2026-07-27,10,8,5,850.0,boutique
551,2026-07-28,10,8,6,850.0,boutique
552,2026-07-29,10,8,7,850.0,boutique
553,2026-07-30,10,8,7,850.0,boutique
554,2026-07-31,10,8,4,850.0,revendeur
555,2026-08-01,10,8,6,850.0,boutique
556,2026-08-02,10,8,6,850.0,boutique
557,2026-08-03,10,8,6,850.0,boutique
558,2026-08-04,10,8,6,850.0,en_ligne
559,2026-08-05,10,8,5,850.0,boutique
560,2026-08-06,10,8,8,850.0,en_ligne
561,2026-05-29,10,9,5,1200.0,en_ligne
562,2026-05-30,10,9,2,1200.0,boutique
563,2026-05-31,10,9,4,1200.0,revendeur
564,2026-06-01,10,9,4,1200.0,en_ligne
565,2026-06-02,10,9,4,1200.0,boutique
566,2026-06-03,10,9,4,1200.0,boutique
567,2026-06-04,10,9,4,1200.0,en_ligne
568,2026-06-05,10,9,4,1200.0,boutique
569,2026-06-06,10,9,4,1200.0,boutique
570,2026-06-07,10,9,4,1200.0,boutique
571,2026-06-08,10,9,4,1200.0,boutique
572,2026-06-09,10,9,3,1200.0,boutique
573,2026-06-10,10,9,3,1200.0,en_ligne
574,2026-06-11,10,9,5,1200.0,boutique
575,2026-06-12,10,9,4,1200.0,boutique
576,2026-06-13,10,9,4,1200.0,boutique
577,2026-06-14,10,9,4,1200.0,boutique
578,2026-06-15,10,9,3,1200.0,boutique
579,2026-06-16,10,9,3,1200.0,en_ligne
580,2026-06-17,10,9,4,1200.0,boutique
581,2026-06-18,10,9,3,1200.0,boutique
582,2026-06-19,10,9,4,1200.0,boutique
583,2026-06-20,10,9,4,1200.0,boutique
584,2026-06-21,10,9,4,1200.0,boutique
585,2026-06-22,10,9,5,1200.0,boutique
586,2026-06-23,10,9,4,1200.0,boutique
587,2026-06-24,10,9,4,1200.0,boutique
588,2026-06-25,10,9,5,1200.0,boutique
589,2026-06-26,10,9,4,1200.0,boutique
590,2026-06-27,10,9,5,1200.0,boutique
591,2026-06-28,10,9,5,1200.0,boutique
592,2026-06-29,10,9,3,1200.0,en_ligne
593,2026-06-30,10,9,4,1200.0,revendeur
594,2026-07-01,10,9,4,1200.0,en_ligne
595,2026-07-02,10,9,3,1200.0,boutique
596,2026-07-03,10,9,3,1200.0,boutique
597,2026-07-04,10,9,4,1200.0,boutique
598,2026-07-05,10,9,4,1200.0,en_ligne
599,2026-07-06,10,9,3,1200.0,revendeur
600,2026-07-07,10,9,3,1200.0,boutique
601,2026-07-08,10,9,4,1200.0,boutique
602,2026-07-09,10,9,3,1200.0,boutique
603,2026-07-10,10,9,3,1200.0,boutique
604,2026-07-11,10,9,4,1200.0,boutique
605,2026-07-12,10,9,4,1200.0,boutique
606,2026-07-13,10,9,5,1200.0,boutique
607,2026-07-14,10,9,5,1200.0,boutique
608,2026-07-15,10,9,3,1200.0,en_ligne
609,2026-07-16,10,9,4,1200.0,boutique
610,2026-07-17,10,9,3,1200.0,boutique
611,2026-07-18,10,9,3,1200.0,boutique
612,2026-07-19,10,9,3,1200.0,boutique
613,2026-07-20,10,9,4,1200.0,en_ligne
614,2026-07-21,10,9,3,1200.0,en_ligne
615,2026-07-22,10,9,2,1200.0,boutique
616,2026-07-23,10,9,4,1200.0,boutique
617,2026-07-24,10,9,3,1200.0,boutique
618,2026-07-25,10,9,3,1200.0,boutique
619,2026-07-26,10,9,5,1200.0,boutique
620,2026-07-27,10,9,4,1200.0,boutique
621,2026-07-28,10,9,5,1200.0,boutique
622,2026-07-29,10,9,4,1200.0,boutique
623,2026-07-30,10,9,5,1200.0,boutique
624,2026-07-31,10,9,4,1200.0,en_ligne
625,2026-08-01,10,9,5,1200.0,boutique
626,2026-08-02,10,9,3,1200.0,boutique
627,2026-08-03,10,9,3,1200.0,en_ligne
628,2026-08-04,10,9,3,1200.0,boutique
629,2026-08-05,10,9,4,1200.0,boutique
630,2026-08-06,10,9,3,1200.0,boutique
631,2026-05-29,10,10,5,1100.0,boutique
632,2026-05-30,10,10,6,1100.0,en_ligne
633,2026-05-31,10,10,4,1100.0,boutique
634,2026-06-01,10,10,7,1100.0,boutique
635,2026-06-02,10,10,5,1100.0,boutique
636,2026-06-03,10,10,6,1100.0,boutique
637,2026-06-04,10,10,6,1100.0,boutique
638,2026-06-05,10,10,6,1100.0,boutique
639,2026-06-06,10,10,4,1100.0,en_ligne
640,2026-06-07,10,10,6,1100.0,boutique
641,2026-06-08,10,10,6,1100.0,boutique
642,2026-06-09,10,10,5,1100.0,boutique
643,2026-06-10,10,10,5,1100.0,revendeur
644,2026-06-11,10,10,4,1100.0,en_ligne
645,2026-06-12,10,10,5,1100.0,boutique
646,2026-06-13,10,10,6,1100.0,boutique
647,2026-06-14,10,10,7,1100.0,boutique
648,2026-06-15,10,10,5,1100.0,boutique
649,2026-06-16,10,10,6,1100.0,boutique
650,2026-06-17,10,10,5,1100.0,en_ligne
651,2026-06-18,10,10,6,1100.0,en_ligne
652,2026-06-19,10,10,4,1100.0,boutique
653,2026-06-20,10,10,5,1100.0,boutique
654,2026-06-21,10,10,4,1100.0,boutique
655,2026-06-22,10,10,5,1100.0,boutique
656,2026-06-23,10,10,6,1100.0,boutique
657,2026-06-24,10,10,6,1100.0,boutique
658,2026-06-25,10,10,5,1100.0,boutique
659,2026-06-26,10,10,7,1100.0,boutique
660,2026-06-27,10,10,6,1100.0,en_ligne
661,2026-06-28,10,10,6,1100.0,boutique
662,2026-06-29,10,10,3,1100.0,boutique
663,2026-06-30,10,10,5,1100.0,boutique
664,2026-07-01,10,10,5,1100.0,boutique
665,2026-07-02,10,10,6,1100.0,en_ligne
666,2026-07-03,10,10,4,1100.0,boutique
667,2026-07-04,10,10,4,1100.0,boutique
668,2026-07-05,10,10,6,1100.0,boutique
669,2026-07-06,10,10,4,1100.0,boutique
670,2026-07-07,10,10,5,1100.0,boutique
671,2026-07-08,10,10,4,1100.0,en_ligne
672,2026-07-09,10,10,5,1100.0,boutique
673,2026-07-10,10,10,6,1100.0,revendeur
674,2026-07-11,10,10,4,1100.0,revendeur
675,2026-07-12,10,10,4,1100.0,boutique
676,2026-07-13,10,10,5,1100.0,boutique
677,2026-07-14,10,10,7,1100.0,en_ligne
678,2026-07-15,10,10,5,1100.0,boutique
679,2026-07-16,10,10,5,1100.0,en_ligne
680,2026-07-17,10,10,7,1100.0,boutique
681,2026-07-18,10,10,7,1100.0,en_ligne
682,2026-07-19,10,10,6,1100.0,boutique
683,2026-07-20,10,10,5,1100.0,revendeur
684,2026-07-21,10,10,4,1100.0,boutique
685,2026-07-22,10,10,3,1100.0,boutique
686,2026-07-23,10,10,6,1100.0,boutique
687,2026-07-24,10,10,5,1100.0,boutique
688,2026-07-25,10,10,5,1100.0,boutique
689,2026-07-26,10,10,5,1100.0,boutique
690,2026-07-27,10,10,9,1100.0,boutique
691,2026-07-28,10,10,7,1100.0,boutique
692,2026-07-29,10,10,4,1100.0,en_ligne
693,2026-07-30,10,10,6,1100.0,en_ligne
694,2026-07-31,10,10,6,1100.0,boutique
695,2026-08-01,10,10,6,1100.0,boutique
696,2026-08-02,10,10,6,1100.0,boutique
697,2026-08-03,10,10,6,1100.0,en_ligne
698,2026-08-04,10,10,6,1100.0,boutique
699,2026-08-05,10,10,5,1100.0,boutique
700,2026-08-06,10,10,4,1100.0,boutique
701,2026-05-29,10,11,8,500.0,boutique
702,2026-05-30,10,11,8,500.0,en_ligne
703,2026-05-31,10,11,7,500.0,revendeur
704,2026-06-01,10,11,8,500.0,boutique
705,2026-06-02,10,11,10,500.0,boutique
706,2026-06-03,10,11,8,500.0,boutique
707,2026-06-04,10,11,6,500.0,boutique
708,2026-06-05,10,11,9,500.0,boutique
709,2026-06-06,10,11,7,500.0,revendeur
710,2026-06-07,10,11,7,500.0,boutique
711,2026-06-08,10,11,6,500.0,revendeur
712,2026-06-09,10,11,7,500.0,boutique
713,2026-06-10,10,11,6,500.0,boutique
714,2026-06-11,10,11,9,500.0,revendeur
715,2026-06-12,10,11,8,500.0,en_ligne
716,2026-06-13,10,11,8,500.0,boutique
717,2026-06-14,10,11,8,500.0,en_ligne
718,2026-06-15,10,11,6,500.0,boutique
719,2026-06-16,10,11,8,500.0,boutique
720,2026-06-17,10,11,8,500.0,en_ligne
721,2026-06-18,10,11,9,500.0,boutique
722,2026-06-19,10,11,10,500.0,boutique
723,2026-06-20,10,11,6,500.0,boutique
724,2026-06-21,10,11,6,500.0,en_ligne
725,2026-06-22,10,11,7,500.0,boutique
726,2026-06-23,10,11,8,500.0,boutique
727,2026-06-24,10,11,11,500.0,boutique
728,2026-06-25,10,11,9,500.0,revendeur
729,2026-06-26,10,11,7,500.0,en_ligne
730,2026-06-27,10,11,7,500.0,boutique
731,2026-06-28,10,11,6,500.0,en_ligne
732,2026-06-29,10,11,10,500.0,boutique
733,2026-06-30,10,11,9,500.0,en_ligne
734,2026-07-01,10,11,9,500.0,boutique
735,2026-07-02,10,11,9,500.0,revendeur
736,2026-07-03,10,11,7,500.0,boutique
737,2026-07-04,10,11,4,500.0,boutique
738,2026-07-05,10,11,8,500.0,en_ligne
739,2026-07-06,10,11,8,500.0,boutique
740,2026-07-07,10,11,7,500.0,en_ligne
741,2026-07-08,10,11,6,500.0,boutique
742,2026-07-09,10,11,7,500.0,boutique
743,2026-07-10,10,11,7,500.0,boutique
744,2026-07-11,10,11,10,500.0,boutique
745,2026-07-12,10,11,8,500.0,en_ligne
746,2026-07-13,10,11,8,500.0,boutique
747,2026-07-14,10,11,9,500.0,revendeur
748,2026-07-15,10,11,8,500.0,revendeur
749,2026-07-16,10,11,10,500.0,boutique
750,2026-07-17,10,11,9,500.0,en_ligne
751,2026-07-18,10,11,6,500.0,boutique
752,2026-07-19,10,11,4,500.0,boutique
753,2026-07-20,10,11,8,500.0,boutique
754,2026-07-21,10,11,7,500.0,en_ligne
755,2026-07-22,10,11,7,500.0,boutique
756,2026-07-23,10,11,9,500.0,boutique
757,2026-07-24,10,11,6,500.0,boutique
758,2026-07-25,10,11,4,500.0,en_ligne
759,2026-07-26,10,11,6,500.0,boutique
760,2026-07-27,10,11,7,500.0,boutique
761,2026-07-28,10,11,8,500.0,boutique
762,2026-07-29,10,11,9,500.0,boutique
763,2026-07-30,10,11,6,500.0,boutique
764,2026-07-31,10,11,9,500.0,boutique
765,2026-08-01,10,11,3,500.0,boutique
766,2026-08-02,10,11,10,500.0,revendeur
767,2026-08-03,10,11,7,500.0,en_ligne
768,2026-08-04,10,11,8,500.0,boutique
769,2026-08-05,10,11,9,500.0,boutique
770,2026-08-06,10,11,7,500.0,boutique
771,2026-05-29,10,12,7,600.0,boutique
772,2026-05-30,10,12,6,600.0,boutique
773,2026-05-31,10,12,4,600.0,en_ligne
774,2026-06-01,10,12,6,600.0,boutique
775,2026-06-02,10,12,8,600.0,en_ligne
776,2026-06-03,10,12,6,600.0,boutique
777,2026-06-04,10,12,7,600.0,boutique
778,2026-06-05,10,12,7,600.0,en_ligne
779,2026-06-06,10,12,8,600.0,boutique
780,2026-06-07,10,12,7,600.0,en_ligne
781,2026-06-08,10,12,5,600.0,boutique
782,2026-06-09,10,12,6,600.0,boutique
783,2026-06-10,10,12,9,600.0,boutique
784,2026-06-11,10,12,6,600.0,en_ligne
785,2026-06-12,10,12,7,600.0,revendeur
786,2026-06-13,10,12,6,600.0,boutique
787,2026-06-14,10,12,5,600.0,boutique
788,2026-06-15,10,12,7,600.0,en_ligne
789,2026-06-16,10,12,7,600.0,boutique
790,2026-06-17,10,12,5,600.0,revendeur
791,2026-06-18,10,12,4,600.0,boutique
792,2026-06-19,10,12,8,600.0,boutique
793,2026-06-20,10,12,7,600.0,boutique
794,2026-06-21,10,12,7,600.0,boutique
795,2026-06-22,10,12,5,600.0,en_ligne
796,2026-06-23,10,12,9,600.0,en_ligne
797,2026-06-24,10,12,6,600.0,boutique
798,2026-06-25,10,12,8,600.0,boutique
799,2026-06-26,10,12,6,600.0,boutique
800,2026-06-27,10,12,8,600.0,boutique
801,2026-06-28,10,12,7,600.0,boutique
802,2026-06-29,10,12,6,600.0,boutique
803,2026-06-30,10,12,5,600.0,boutique
804,2026-07-01,10,12,5,600.0,en_ligne
805,2026-07-02,10,12,7,600.0,boutique
806,2026-07-03,10,12,7,600.0,boutique
807,2026-07-04,10,12,5,600.0,boutique
808,2026-07-05,10,12,5,600.0,boutique
809,2026-07-06,10,12,5,600.0,boutique
810,2026-07-07,10,12,7,600.0,revendeur
811,2026-07-08,10,12,4,600.0,boutique
812,2026-07-09,10,12,7,600.0,boutique
813,2026-07-10,10,12,7,600.0,boutique
814,2026-07-11,10,12,7,600.0,boutique
815,2026-07-12,10,12,7,600.0,boutique
816,2026-07-13,10,12,8,600.0,boutique
817,2026-07-14,10,12,6,600.0,revendeur
818,2026-07-15,10,12,4,600.0,boutique
819,2026-07-16,10,12,5,600.0,boutique
820,2026-07-17,10,12,8,600.0,boutique
821,2026-07-18,10,12,6,600.0,boutique
822,2026-07-19,10,12,7,600.0,boutique
823,2026-07-20,10,12,5,600.0,boutique
824,2026-07-21,10,12,8,600.0,en_ligne
825,2026-07-22,10,12,7,600.0,boutique
826,2026-07-23,10,12,7,600.0,boutique
827,2026-07-24,10,12,7,600.0,boutique
828,2026-07-25,10,12,5,600.0,boutique
829,2026-07-26,10,12,6,600.0,revendeur
830,2026-07-27,10,12,7,600.0,boutique
831,2026-07-28,10,12,7,600.0,boutique
832,2026-07-29,10,12,6,600.0,boutique
833,2026-07-30,10,12,4,600.0,boutique
834,2026-07-31,10,12,7,600.0,boutique
835,2026-08-01,10,12,4,600.0,boutique
836,2026-08-02,10,12,6,600.0,en_ligne
837,2026-08-03,10,12,6,600.0,boutique
838,2026-08-04,10,12,4,600.0,boutique
839,2026-08-05,10,12,6,600.0,boutique
840,2026-08-06,10,12,6,600.0,boutique
841,2026-05-29,10,13,3,1500.0,boutique
842,2026-05-30,10,13,4,1500.0,revendeur
843,2026-05-31,10,13,4,1500.0,revendeur
844,2026-06-01,10,13,4,1500.0,boutique
845,2026-06-02,10,13,4,1500.0,revendeur
846,2026-06-03,10,13,3,1500.0,en_ligne
847,2026-06-04,10,13,4,1500.0,boutique
848,2026-06-05,10,13,5,1500.0,boutique
849,2026-06-06,10,13,4,1500.0,boutique
850,2026-06-07,10,13,4,1500.0,boutique
851,2026-06-08,10,13,3,1500.0,boutique
852,2026-06-09,10,13,3,1500.0,boutique
853,2026-06-10,10,13,5,1500.0,boutique
854,2026-06-11,10,13,6,1500.0,boutique
855,2026-06-12,10,13,3,1500.0,boutique
856,2026-06-13,10,13,5,1500.0,boutique
857,2026-06-14,10,13,3,1500.0,boutique
858,2026-06-15,10,13,5,1500.0,boutique
859,2026-06-16,10,13,5,1500.0,en_ligne
860,2026-06-17,10,13,4,1500.0,boutique
861,2026-06-18,10,13,4,1500.0,boutique
862,2026-06-19,10,13,4,1500.0,revendeur
863,2026-06-20,10,13,4,1500.0,boutique
864,2026-06-21,10,13,3,1500.0,boutique
865,2026-06-22,10,13,3,1500.0,boutique
866,2026-06-23,10,13,4,1500.0,boutique
867,2026-06-24,10,13,4,1500.0,boutique
868,2026-06-25,10,13,4,1500.0,boutique
869,2026-06-26,10,13,4,1500.0,boutique
870,2026-06-27,10,13,4,1500.0,boutique
871,2026-06-28,10,13,5,1500.0,boutique
872,2026-06-29,10,13,5,1500.0,en_ligne
873,2026-06-30,10,13,5,1500.0,boutique
874,2026-07-01,10,13,3,1500.0,boutique
875,2026-07-02,10,13,4,1500.0,boutique
876,2026-07-03,10,13,4,1500.0,boutique
877,2026-07-04,10,13,3,1500.0,boutique
878,2026-07-05,10,13,4,1500.0,revendeur
879,2026-07-06,10,13,4,1500.0,en_ligne
880,2026-07-07,10,13,5,1500.0,boutique
881,2026-07-08,10,13,3,1500.0,boutique
882,2026-07-09,10,13,3,1500.0,boutique
883,2026-07-10,10,13,4,1500.0,boutique
884,2026-07-11,10,13,5,1500.0,revendeur
885,2026-07-12,10,13,4,1500.0,boutique
886,2026-07-13,10,13,5,1500.0,boutique
887,2026-07-14,10,13,4,1500.0,revendeur
888,2026-07-15,10,13,5,1500.0,en_ligne
889,2026-07-16,10,13,4,1500.0,boutique
890,2026-07-17,10,13,4,1500.0,boutique
891,2026-07-18,10,13,5,1500.0,revendeur
892,2026-07-19,10,13,4,1500.0,en_ligne
893,2026-07-20,10,13,4,1500.0,boutique
894,2026-07-21,10,13,5,1500.0,boutique
895,2026-07-22,10,13,3,1500.0,boutique
896,2026-07-23,10,13,4,1500.0,boutique
897,2026-07-24,10,13,2,1500.0,boutique
898,2026-07-25,10,13,3,1500.0,boutique
899,2026-07-26,10,13,3,1500.0,boutique
900,2026-07-27,10,13,3,1500.0,boutique
901,2026-07-28,10,13,3,1500.0,boutique
902,2026-07-29,10,13,4,1500.0,boutique
903,2026-07-30,10,13,4,1500.0,en_ligne
904,2026-07-31,10,13,4,1500.0,boutique
905,2026-08-01,10,13,2,1500.0,boutique
906,2026-08-02,10,13,3,1500.0,revendeur
907,2026-08-03,10,13,5,1500.0,boutique
908,2026-08-04,10,13,3,1500.0,revendeur
909,2026-08-05,10,13,3,1500.0,revendeur
910,2026-08-06,10,13,5,1500.0,boutique
911,2026-05-29,10,14,9,450.0,boutique
912,2026-05-30,10,14,14,450.0,revendeur
913,2026-05-31,10,14,17,450.0,en_ligne
914,2026-06-01,10,14,11,450.0,boutique
915,2026-06-02,10,14,19,450.0,boutique
916,2026-06-03,10,14,8,450.0,boutique
917,2026-06-04,10,14,17,450.0,revendeur
918,2026-06-05,10,14,9,450.0,en_ligne
919,2026-06-06,10,14,20,450.0,boutique
920,2026-06-07,10,14,16,450.0,revendeur
921,2026-06-08,10,14,10,450.0,boutique
922,2026-06-09,10,14,19,450.0,boutique
923,2026-06-10,10,14,16,450.0,boutique
924,2026-06-11,10,14,10,450.0,boutique
925,2026-06-12,10,14,13,450.0,boutique
926,2026-06-13,10,14,17,450.0,boutique
927,2026-06-14,10,14,18,450.0,en_ligne
928,2026-06-15,10,14,15,450.0,boutique
929,2026-06-16,10,14,12,450.0,en_ligne
930,2026-06-17,10,14,10,450.0,en_ligne
931,2026-06-18,10,14,13,450.0,boutique
932,2026-06-19,10,14,9,450.0,boutique
933,2026-06-20,10,14,16,450.0,boutique
934,2026-06-21,10,14,17,450.0,boutique
935,2026-06-22,10,14,12,450.0,en_ligne
936,2026-06-23,10,14,13,450.0,revendeur
937,2026-06-24,10,14,10,450.0,boutique
938,2026-06-25,10,14,15,450.0,boutique
939,2026-06-26,10,14,11,450.0,boutique
940,2026-06-27,10,14,15,450.0,boutique
941,2026-06-28,10,14,13,450.0,en_ligne
942,2026-06-29,10,14,13,450.0,boutique
943,2026-06-30,10,14,11,450.0,revendeur
944,2026-07-01,10,14,13,450.0,boutique
945,2026-07-02,10,14,10,450.0,boutique
946,2026-07-03,10,14,11,450.0,boutique
947,2026-07-04,10,14,16,450.0,boutique
948,2026-07-05,10,14,11,450.0,boutique
949,2026-07-06,10,14,9,450.0,boutique
950,2026-07-07,10,14,12,450.0,boutique
951,2026-07-08,10,14,12,450.0,en_ligne
952,2026-07-09,10,14,16,450.0,boutique
953,2026-07-10,10,14,8,450.0,boutique
954,2026-07-11,10,14,17,450.0,boutique
955,2026-07-12,10,14,19,450.0,boutique
956,2026-07-13,10,14,13,450.0,boutique
957,2026-07-14,10,14,13,450.0,boutique
958,2026-07-15,10,14,13,450.0,boutique
959,2026-07-16,10,14,13,450.0,boutique
960,2026-07-17,10,14,15,450.0,boutique
961,2026-07-18,10,14,17,450.0,boutique
962,2026-07-19,10,14,13,450.0,boutique
963,2026-07-20,10,14,14,450.0,en_ligne
964,2026-07-21,10,14,13,450.0,boutique
965,2026-07-22,10,14,8,450.0,boutique
966,2026-07-23,10,14,14,450.0,boutique
967,2026-07-24,10,14,14,450.0,boutique
968,2026-07-25,10,14,17,450.0,revendeur
969,2026-07-26,10,14,17,450.0,revendeur
970,2026-07-27,10,14,11,450.0,boutique
971,2026-07-28,10,14,8,450.0,en_ligne
972,2026-07-29,10,14,14,450.0,revendeur
973,2026-07-30,10,14,10,450.0,revendeur
974,2026-07-31,10,14,10,450.0,boutique
975,2026-08-01,10,14,20,450.0,boutique
976,2026-08-02,10,14,11,450.0,boutique
977,2026-08-03,10,14,10,450.0,boutique
978,2026-08-04,10,14,9,450.0,boutique
979,2026-08-05,10,14,13,450.0,boutique
980,2026-08-06,10,14,14,450.0,boutique
981,2026-05-29,10,15,10,500.0,boutique
982,2026-05-30,10,15,14,500.0,boutique
983,2026-05-31,10,15,12,500.0,boutique
984,2026-06-01,10,15,8,500.0,en_ligne
985,2026-06-02,10,15,10,500.0,boutique
986,2026-06-03,10,15,12,500.0,revendeur
987,2026-06-04,10,15,10,500.0,en_ligne
988,2026-06-05,10,15,9,500.0,boutique
989,2026-06-06,10,15,15,500.0,boutique
990,2026-06-07,10,15,8,500.0,boutique
991,2026-06-08,10,15,11,500.0,boutique
992,2026-06-09,10,15,11,500.0,boutique
993,2026-06-10,10,15,14,500.0,boutique
994,2026-06-11,10,15,11,500.0,boutique
995,2026-06-12,10,15,11,500.0,boutique
996,2026-06-13,10,15,20,500.0,boutique
997,2026-06-14,10,15,13,500.0,boutique
998,2026-06-15,10,15,14,500.0,boutique
999,2026-06-16,10,15,8,500.0,boutique
1000,2026-06-17,10,15,9,500.0,boutique
1001,2026-06-18,10,15,12,500.0,boutique
1002,2026-06-19,10,15,13,500.0,boutique
1003,2026-06-20,10,15,20,500.0,en_ligne
1004,2026-06-21,10,15,17,500.0,revendeur
1005,2026-06-22,10,15,9,500.0,boutique
1006,2026-06-23,10,15,9,500.0,revendeur
1007,2026-06-24,10,15,13,500.0,en_ligne
1008,2026-06-25,10,15,9,500.0,boutique
1009,2026-06-26,10,15,9,500.0,boutique
1010,2026-06-27,10,15,15,500.0,en_ligne
1011,2026-06-28,10,15,9,500.0,boutique
1012,2026-06-29,10,15,11,500.0,boutique
1013,2026-06-30,10,15,12,500.0,boutique
1014,2026-07-01,10,15,6,500.0,revendeur
1015,2026-07-02,10,15,9,500.0,boutique
1016,2026-07-03,10,15,10,500.0,boutique
1017,2026-07-04,10,15,10,500.0,en_ligne
1018,2026-07-05,10,15,9,500.0,boutique
1019,2026-07-06,10,15,10,500.0,boutique
1020,2026-07-07,10,15,9,500.0,boutique
1021,2026-07-08,10,15,7,500.0,boutique
1022,2026-07-09,10,15,8,500.0,en_ligne
1023,2026-07-10,10,15,10,500.0,boutique
1024,2026-07-11,10,15,10,500.0,en_ligne
1025,2026-07-12,10,15,11,500.0,boutique
1026,2026-07-13,10,15,15,500.0,revendeur
1027,2026-07-14,10,15,11,500.0,revendeur
1028,2026-07-15,10,15,10,500.0,boutique
1029,2026-07-16,10,15,11,500.0,boutique
1030,2026-07-17,10,15,13,500.0,revendeur
1031,2026-07-18,10,15,9,500.0,boutique
1032,2026-07-19,10,15,12,500.0,boutique
1033,2026-07-20,10,15,9,500.0,boutique
1034,2026-07-21,10,15,12,500.0,boutique
1035,2026-07-22,10,15,15,500.0,boutique
1036,2026-07-23,10,15,14,500.0,en_ligne
1037,2026-07-24,10,15,12,500.0,boutique
1038,2026-07-25,10,15,13,500.0,boutique
1039,2026-07-26,10,15,14,500.0,boutique
1040,2026-07-27,10,15,12,500.0,revendeur
1041,2026-07-28,10,15,8,500.0,boutique
1042,2026-07-29,10,15,9,500.0,boutique
1043,2026-07-30,10,15,8,500.0,boutique
1044,2026-07-31,10,15,13,500.0,boutique
1045,2026-08-01,10,15,13,500.0,en_ligne
1046,2026-08-02,10,15,12,500.0,revendeur
1047,2026-08-03,10,15,9,500.0,boutique
1048,2026-08-04,10,15,9,500.0,en_ligne
1049,2026-08-05,10,15,12,500.0,boutique
1050,2026-08-06,10,15,13,500.0,revendeur
1051,2026-05-29,10,16,7,400.0,boutique
1052,2026-05-30,10,16,11,400.0,boutique
1053,2026-05-31,10,16,16,400.0,boutique
1054,2026-06-01,10,16,5,400.0,en_ligne
1055,2026-06-02,10,16,6,400.0,boutique
1056,2026-06-03,10,16,11,400.0,boutique
1057,2026-06-04,10,16,11,400.0,boutique
1058,2026-06-05,10,16,9,400.0,boutique
1059,2026-06-06,10,16,11,400.0,boutique
1060,2026-06-07,10,16,9,400.0,boutique
1061,2026-06-08,10,16,11,400.0,boutique
1062,2026-06-09,10,16,9,400.0,boutique
1063,2026-06-10,10,16,8,400.0,boutique
1064,2026-06-11,10,16,14,400.0,en_ligne
1065,2026-06-12,10,16,8,400.0,revendeur
1066,2026-06-13,10,16,8,400.0,boutique
1067,2026-06-14,10,16,13,400.0,boutique
1068,2026-06-15,10,16,10,400.0,boutique
1069,2026-06-16,10,16,10,400.0,boutique
1070,2026-06-17,10,16,8,400.0,boutique
1071,2026-06-18,10,16,7,400.0,revendeur
1072,2026-06-19,10,16,10,400.0,boutique
1073,2026-06-20,10,16,10,400.0,boutique
1074,2026-06-21,10,16,8,400.0,en_ligne
1075,2026-06-22,10,16,9,400.0,boutique
1076,2026-06-23,10,16,8,400.0,boutique
1077,2026-06-24,10,16,9,400.0,boutique
1078,2026-06-25,10,16,9,400.0,boutique
1079,2026-06-26,10,16,6,400.0,boutique
1080,2026-06-27,10,16,14,400.0,en_ligne
1081,2026-06-28,10,16,15,400.0,boutique
1082,2026-06-29,10,16,10,400.0,boutique
1083,2026-06-30,10,16,12,400.0,boutique
1084,2026-07-01,10,16,6,400.0,boutique
1085,2026-07-02,10,16,13,400.0,en_ligne
1086,2026-07-03,10,16,11,400.0,boutique
1087,2026-07-04,10,16,18,400.0,boutique
1088,2026-07-05,10,16,13,400.0,revendeur
1089,2026-07-06,10,16,7,400.0,boutique
1090,2026-07-07,10,16,8,400.0,boutique
1091,2026-07-08,10,16,10,400.0,boutique
1092,2026-07-09,10,16,10,400.0,en_ligne
1093,2026-07-10,10,16,6,400.0,boutique
1094,2026-07-11,10,16,16,400.0,en_ligne
1095,2026-07-12,10,16,17,400.0,boutique
1096,2026-07-13,10,16,13,400.0,boutique
1097,2026-07-14,10,16,10,400.0,boutique
1098,2026-07-15,10,16,9,400.0,en_ligne
1099,2026-07-16,10,16,7,400.0,revendeur
1100,2026-07-17,10,16,12,400.0,boutique
1101,2026-07-18,10,16,12,400.0,boutique
1102,2026-07-19,10,16,12,400.0,revendeur
1103,2026-07-20,10,16,7,400.0,revendeur
1104,2026-07-21,10,16,9,400.0,boutique
1105,2026-07-22,10,16,8,400.0,boutique
1106,2026-07-23,10,16,7,400.0,boutique
1107,2026-07-24,10,16,10,400.0,boutique
1108,2026-07-25,10,16,9,400.0,boutique
1109,2026-07-26,10,16,11,400.0,boutique
1110,2026-07-27,10,16,7,400.0,boutique
1111,2026-07-28,10,16,9,400.0,boutique
1112,2026-07-29,10,16,9,400.0,boutique
1113,2026-07-30,10,16,9,400.0,boutique
1114,2026-07-31,10,16,10,400.0,boutique
1115,2026-08-01,10,16,10,400.0,boutique
1116,2026-08-02,10,16,11,400.0,boutique
1117,2026-08-03,10,16,11,400.0,boutique
1118,2026-08-04,10,16,10,400.0,boutique
1119,2026-08-05,10,16,9,400.0,boutique
1120,2026-08-06,10,16,11,400.0,revendeur
1121,2026-05-29,20,1,11,800.0,boutique
1122,2026-05-30,20,1,5,800.0,boutique
1123,2026-05-31,20,1,7,800.0,boutique
1124,2026-06-01,20,1,8,800.0,boutique
1125,2026-06-02,20,1,9,800.0,boutique
1126,2026-06-03,20,1,8,800.0,boutique
1127,2026-06-04,20,1,9,800.0,boutique
1128,2026-06-05,20,1,8,800.0,boutique
1129,2026-06-06,20,1,7,800.0,boutique
1130,2026-06-07,20,1,7,800.0,boutique
1131,2026-06-08,20,1,9,800.0,boutique
1132,2026-06-09,20,1,7,800.0,en_ligne
1133,2026-06-10,20,1,7,800.0,en_ligne
1134,2026-06-11,20,1,9,800.0,en_ligne
1135,2026-06-12,20,1,9,800.0,boutique
1136,2026-06-13,20,1,8,800.0,revendeur
1137,2026-06-14,20,1,8,800.0,revendeur
1138,2026-06-15,20,1,9,800.0,revendeur
1139,2026-06-16,20,1,7,800.0,boutique
1140,2026-06-17,20,1,10,800.0,boutique
1141,2026-06-18,20,1,8,800.0,en_ligne
1142,2026-06-19,20,1,9,800.0,boutique
1143,2026-06-20,20,1,9,800.0,boutique
1144,2026-06-21,20,1,9,800.0,boutique
1145,2026-06-22,20,1,7,800.0,revendeur
1146,2026-06-23,20,1,6,800.0,boutique
1147,2026-06-24,20,1,7,800.0,boutique
1148,2026-06-25,20,1,6,800.0,boutique
1149,2026-06-26,20,1,9,800.0,boutique
1150,2026-06-27,20,1,5,800.0,boutique
1151,2026-06-28,20,1,7,800.0,boutique
1152,2026-06-29,20,1,7,800.0,boutique
1153,2026-06-30,20,1,8,800.0,revendeur
1154,2026-07-01,20,1,7,800.0,boutique
1155,2026-07-02,20,1,6,800.0,revendeur
1156,2026-07-03,20,1,9,800.0,boutique
1157,2026-07-04,20,1,5,800.0,boutique
1158,2026-07-05,20,1,7,800.0,en_ligne
1159,2026-07-06,20,1,6,800.0,boutique
1160,2026-07-07,20,1,7,800.0,en_ligne
1161,2026-07-08,20,1,7,800.0,boutique
1162,2026-07-09,20,1,6,800.0,boutique
1163,2026-07-10,20,1,10,800.0,boutique
1164,2026-07-11,20,1,7,800.0,en_ligne
1165,2026-07-12,20,1,9,800.0,boutique
1166,2026-07-13,20,1,7,800.0,boutique
1167,2026-07-14,20,1,6,800.0,boutique
1168,2026-07-15,20,1,8,800.0,boutique
1169,2026-07-16,20,1,6,800.0,en_ligne
1170,2026-07-17,20,1,8,800.0,boutique
1171,2026-07-18,20,1,6,800.0,boutique
1172,2026-07-19,20,1,8,800.0,boutique
1173,2026-07-20,20,1,4,800.0,boutique
1174,2026-07-21,20,1,10,800.0,revendeur
1175,2026-07-22,20,1,9,800.0,boutique
1176,2026-07-23,20,1,9,800.0,boutique
1177,2026-07-24,20,1,6,800.0,boutique
1178,2026-07-25,20,1,8,800.0,boutique
1179,2026-07-26,20,1,7,800.0,en_ligne
1180,2026-07-27,20,1,9,800.0,boutique
1181,2026-07-28,20,1,9,800.0,boutique
1182,2026-07-29,20,1,6,800.0,boutique
1183,2026-07-30,20,1,9,800.0,boutique
1184,2026-07-31,20,1,8,800.0,boutique
1185,2026-08-01,20,1,4,800.0,boutique
1186,2026-08-02,20,1,6,800.0,boutique
1187,2026-08-03,20,1,9,800.0,boutique
1188,2026-08-04,20,1,10,800.0,boutique
1189,2026-08-05,20,1,7,800.0,boutique
1190,2026-08-06,20,1,7,800.0,boutique
1191,2026-05-29,20,2,4,4200.0,en_ligne
1192,2026-05-30,20,2,4,4200.0,en_ligne
1193,2026-05-31,20,2,5,4200.0,en_ligne
1194,2026-06-01,20,2,5,4200.0,boutique
1195,2026-06-02,20,2,4,4200.0,boutique
1196,2026-06-03,20,2,5,4200.0,en_ligne
1197,2026-06-04,20,2,3,4200.0,boutique
1198,2026-06-05,20,2,4,4200.0,boutique
1199,2026-06-06,20,2,4,4200.0,en_ligne
1200,2026-06-07,20,2,4,4200.0,boutique
1201,2026-06-08,20,2,5,4200.0,boutique
1202,2026-06-09,20,2,3,4200.0,boutique
1203,2026-06-10,20,2,5,4200.0,boutique
1204,2026-06-11,20,2,5,4200.0,boutique
1205,2026-06-12,20,2,5,4200.0,boutique
1206,2026-06-13,20,2,6,4200.0,boutique
1207,2026-06-14,20,2,5,4200.0,boutique
1208,2026-06-15,20,2,5,4200.0,boutique
1209,2026-06-16,20,2,4,4200.0,revendeur
1210,2026-06-17,20,2,3,4200.0,boutique
1211,2026-06-18,20,2,4,4200.0,boutique
1212,2026-06-19,20,2,4,4200.0,boutique
1213,2026-06-20,20,2,5,4200.0,boutique
1214,2026-06-21,20,2,5,4200.0,boutique
1215,2026-06-22,20,2,5,4200.0,boutique
1216,2026-06-23,20,2,2,4200.0,boutique
1217,2026-06-24,20,2,4,4200.0,en_ligne
1218,2026-06-25,20,2,4,4200.0,boutique
1219,2026-06-26,20,2,5,4200.0,en_ligne
1220,2026-06-27,20,2,5,4200.0,boutique
1221,2026-06-28,20,2,4,4200.0,boutique
1222,2026-06-29,20,2,5,4200.0,boutique
1223,2026-06-30,20,2,4,4200.0,boutique
1224,2026-07-01,20,2,3,4200.0,boutique
1225,2026-07-02,20,2,6,4200.0,en_ligne
1226,2026-07-03,20,2,5,4200.0,boutique
1227,2026-07-04,20,2,5,4200.0,boutique
1228,2026-07-05,20,2,4,4200.0,boutique
1229,2026-07-06,20,2,5,4200.0,en_ligne
1230,2026-07-07,20,2,4,4200.0,en_ligne
1231,2026-07-08,20,2,3,4200.0,boutique
1232,2026-07-09,20,2,8,4200.0,boutique
1233,2026-07-10,20,2,5,4200.0,revendeur
1234,2026-07-11,20,2,4,4200.0,en_ligne
1235,2026-07-12,20,2,5,4200.0,boutique
1236,2026-07-13,20,2,6,4200.0,boutique
1237,2026-07-14,20,2,4,4200.0,boutique
1238,2026-07-15,20,2,3,4200.0,boutique
1239,2026-07-16,20,2,5,4200.0,boutique
1240,2026-07-17,20,2,5,4200.0,boutique
1241,2026-07-18,20,2,4,4200.0,boutique
1242,2026-07-19,20,2,5,4200.0,boutique
1243,2026-07-20,20,2,4,4200.0,en_ligne
1244,2026-07-21,20,2,5,4200.0,revendeur
1245,2026-07-22,20,2,4,4200.0,revendeur
1246,2026-07-23,20,2,4,4200.0,en_ligne
1247,2026-07-24,20,2,7,4200.0,en_ligne
1248,2026-07-25,20,2,3,4200.0,boutique
1249,2026-07-26,20,2,5,4200.0,boutique
1250,2026-07-27,20,2,4,4200.0,en_ligne
1251,2026-07-28,20,2,4,4200.0,boutique
1252,2026-07-29,20,2,3,4200.0,boutique
1253,2026-07-30,20,2,4,4200.0,boutique
1254,2026-07-31,20,2,5,4200.0,boutique
1255,2026-08-01,20,2,5,4200.0,boutique
1256,2026-08-02,20,2,4,4200.0,boutique
1257,2026-08-03,20,2,5,4200.0,revendeur
1258,2026-08-04,20,2,4,4200.0,boutique
1259,2026-08-05,20,2,6,4200.0,boutique
1260,2026-08-06,20,2,4,4200.0,boutique
1261,2026-05-29,20,3,4,650.0,boutique
1262,2026-05-30,20,3,6,650.0,boutique
1263,2026-05-31,20,3,5,650.0,boutique
1264,2026-06-01,20,3,5,650.0,boutique
1265,2026-06-02,20,3,5,650.0,boutique
1266,2026-06-03,20,3,8,650.0,boutique
1267,2026-06-04,20,3,4,650.0,boutique
1268,2026-06-05,20,3,5,650.0,boutique
1269,2026-06-06,20,3,6,650.0,en_ligne
1270,2026-06-07,20,3,6,650.0,boutique
1271,2026-06-08,20,3,7,650.0,boutique
1272,2026-06-09,20,3,7,650.0,boutique
1273,2026-06-10,20,3,6,650.0,boutique
1274,2026-06-11,20,3,5,650.0,boutique
1275,2026-06-12,20,3,5,650.0,revendeur
1276,2026-06-13,20,3,5,650.0,boutique
1277,2026-06-14,20,3,5,650.0,boutique
1278,2026-06-15,20,3,5,650.0,revendeur
1279,2026-06-16,20,3,6,650.0,boutique
1280,2026-06-17,20,3,6,650.0,boutique
1281,2026-06-18,20,3,6,650.0,boutique
1282,2026-06-19,20,3,7,650.0,boutique
1283,2026-06-20,20,3,5,650.0,boutique
1284,2026-06-21,20,3,6,650.0,boutique
1285,2026-06-22,20,3,7,650.0,en_ligne
1286,2026-06-23,20,3,6,650.0,revendeur
1287,2026-06-24,20,3,5,650.0,boutique
1288,2026-06-25,20,3,6,650.0,boutique
1289,2026-06-26,20,3,5,650.0,boutique
1290,2026-06-27,20,3,5,650.0,en_ligne
1291,2026-06-28,20,3,7,650.0,en_ligne
1292,2026-06-29,20,3,7,650.0,boutique
1293,2026-06-30,20,3,6,650.0,boutique
1294,2026-07-01,20,3,5,650.0,boutique
1295,2026-07-02,20,3,5,650.0,boutique
1296,2026-07-03,20,3,5,650.0,boutique
1297,2026-07-04,20,3,6,650.0,boutique
1298,2026-07-05,20,3,6,650.0,en_ligne
1299,2026-07-06,20,3,6,650.0,en_ligne
1300,2026-07-07,20,3,6,650.0,boutique
1301,2026-07-08,20,3,3,650.0,boutique
1302,2026-07-09,20,3,7,650.0,boutique
1303,2026-07-10,20,3,5,650.0,boutique
1304,2026-07-11,20,3,6,650.0,boutique
1305,2026-07-12,20,3,4,650.0,boutique
1306,2026-07-13,20,3,4,650.0,en_ligne
1307,2026-07-14,20,3,5,650.0,boutique
1308,2026-07-15,20,3,5,650.0,boutique
1309,2026-07-16,20,3,5,650.0,boutique
1310,2026-07-17,20,3,5,650.0,en_ligne
1311,2026-07-18,20,3,7,650.0,boutique
1312,2026-07-19,20,3,5,650.0,boutique
1313,2026-07-20,20,3,4,650.0,revendeur
1314,2026-07-21,20,3,5,650.0,revendeur
1315,2026-07-22,20,3,6,650.0,en_ligne
1316,2026-07-23,20,3,5,650.0,boutique
1317,2026-07-24,20,3,4,650.0,en_ligne
1318,2026-07-25,20,3,7,650.0,revendeur
1319,2026-07-26,20,3,6,650.0,boutique
1320,2026-07-27,20,3,5,650.0,boutique
1321,2026-07-28,20,3,6,650.0,en_ligne
1322,2026-07-29,20,3,6,650.0,boutique
1323,2026-07-30,20,3,5,650.0,boutique
1324,2026-07-31,20,3,5,650.0,boutique
1325,2026-08-01,20,3,7,650.0,boutique
1326,2026-08-02,20,3,6,650.0,boutique
1327,2026-08-03,20,3,5,650.0,boutique
1328,2026-08-04,20,3,7,650.0,en_ligne
1329,2026-08-05,20,3,4,650.0,boutique
1330,2026-08-06,20,3,5,650.0,en_ligne
1331,2026-05-29,20,4,16,400.0,boutique
1332,2026-05-30,20,4,21,400.0,boutique
1333,2026-05-31,20,4,23,400.0,boutique
1334,2026-06-01,20,4,16,400.0,boutique
1335,2026-06-02,20,4,12,400.0,boutique
1336,2026-06-03,20,4,18,400.0,boutique
1337,2026-06-04,20,4,16,400.0,boutique
1338,2026-06-05,20,4,15,400.0,boutique
1339,2026-06-06,20,4,28,400.0,boutique
1340,2026-06-07,20,4,32,400.0,en_ligne
1341,2026-06-08,20,4,16,400.0,boutique
1342,2026-06-09,20,4,15,400.0,en_ligne
1343,2026-06-10,20,4,16,400.0,en_ligne
1344,2026-06-11,20,4,23,400.0,boutique
1345,2026-06-12,20,4,17,400.0,boutique
1346,2026-06-13,20,4,19,400.0,boutique
1347,2026-06-14,20,4,21,400.0,boutique
1348,2026-06-15,20,4,16,400.0,boutique
1349,2026-06-16,20,4,12,400.0,boutique
1350,2026-06-17,20,4,17,400.0,boutique
1351,2026-06-18,20,4,20,400.0,boutique
1352,2026-06-19,20,4,19,400.0,boutique
1353,2026-06-20,20,4,21,400.0,en_ligne
1354,2026-06-21,20,4,22,400.0,boutique
1355,2026-06-22,20,4,13,400.0,boutique
1356,2026-06-23,20,4,17,400.0,revendeur
1357,2026-06-24,20,4,19,400.0,revendeur
1358,2026-06-25,20,4,13,400.0,boutique
1359,2026-06-26,20,4,14,400.0,boutique
1360,2026-06-27,20,4,24,400.0,boutique
1361,2026-06-28,20,4,22,400.0,boutique
1362,2026-06-29,20,4,18,400.0,boutique
1363,2026-06-30,20,4,18,400.0,en_ligne
1364,2026-07-01,20,4,15,400.0,revendeur
1365,2026-07-02,20,4,18,400.0,boutique
1366,2026-07-03,20,4,16,400.0,boutique
1367,2026-07-04,20,4,25,400.0,boutique
1368,2026-07-05,20,4,19,400.0,boutique
1369,2026-07-06,20,4,18,400.0,boutique
1370,2026-07-07,20,4,21,400.0,boutique
1371,2026-07-08,20,4,12,400.0,boutique
1372,2026-07-09,20,4,17,400.0,en_ligne
1373,2026-07-10,20,4,19,400.0,en_ligne
1374,2026-07-11,20,4,31,400.0,boutique
1375,2026-07-12,20,4,27,400.0,boutique
1376,2026-07-13,20,4,17,400.0,boutique
1377,2026-07-14,20,4,20,400.0,revendeur
1378,2026-07-15,20,4,11,400.0,boutique
1379,2026-07-16,20,4,13,400.0,boutique
1380,2026-07-17,20,4,11,400.0,boutique
1381,2026-07-18,20,4,19,400.0,boutique
1382,2026-07-19,20,4,22,400.0,boutique
1383,2026-07-20,20,4,22,400.0,boutique
1384,2026-07-21,20,4,16,400.0,revendeur
1385,2026-07-22,20,4,20,400.0,boutique
1386,2026-07-23,20,4,14,400.0,boutique
1387,2026-07-24,20,4,18,400.0,boutique
1388,2026-07-25,20,4,22,400.0,boutique
1389,2026-07-26,20,4,23,400.0,boutique
1390,2026-07-27,20,4,15,400.0,boutique
1391,2026-07-28,20,4,19,400.0,boutique
1392,2026-07-29,20,4,16,400.0,boutique
1393,2026-07-30,20,4,18,400.0,boutique
1394,2026-07-31,20,4,12,400.0,boutique
1395,2026-08-01,20,4,22,400.0,boutique
1396,2026-08-02,20,4,24,400.0,en_ligne
1397,2026-08-03,20,4,15,400.0,boutique
1398,2026-08-04,20,4,16,400.0,boutique
1399,2026-08-05,20,4,13,400.0,revendeur
1400,2026-08-06,20,4,19,400.0,boutique
1401,2026-05-29,20,5,6,900.0,boutique
1402,2026-05-30,20,5,10,900.0,boutique
1403,2026-05-31,20,5,8,900.0,boutique
1404,2026-06-01,20,5,4,900.0,boutique
1405,2026-06-02,20,5,7,900.0,boutique
1406,2026-06-03,20,5,6,900.0,boutique
1407,2026-06-04,20,5,6,900.0,boutique
1408,2026-06-05,20,5,8,900.0,boutique
1409,2026-06-06,20,5,9,900.0,boutique
1410,2026-06-07,20,5,9,900.0,boutique
1411,2026-06-08,20,5,7,900.0,boutique
1412,2026-06-09,20,5,6,900.0,en_ligne
1413,2026-06-10,20,5,7,900.0,en_ligne
1414,2026-06-11,20,5,7,900.0,revendeur
1415,2026-06-12,20,5,8,900.0,boutique
1416,2026-06-13,20,5,11,900.0,boutique
1417,2026-06-14,20,5,7,900.0,boutique
1418,2026-06-15,20,5,5,900.0,en_ligne
1419,2026-06-16,20,5,7,900.0,revendeur
1420,2026-06-17,20,5,7,900.0,boutique
1421,2026-06-18,20,5,9,900.0,en_ligne
1422,2026-06-19,20,5,9,900.0,boutique
1423,2026-06-20,20,5,11,900.0,boutique
1424,2026-06-21,20,5,9,900.0,boutique
1425,2026-06-22,20,5,7,900.0,boutique
1426,2026-06-23,20,5,5,900.0,boutique
1427,2026-06-24,20,5,7,900.0,boutique
1428,2026-06-25,20,5,7,900.0,boutique
1429,2026-06-26,20,5,7,900.0,boutique
1430,2026-06-27,20,5,9,900.0,boutique
1431,2026-06-28,20,5,8,900.0,boutique
1432,2026-06-29,20,5,8,900.0,boutique
1433,2026-06-30,20,5,6,900.0,boutique
1434,2026-07-01,20,5,7,900.0,en_ligne
1435,2026-07-02,20,5,5,900.0,en_ligne
1436,2026-07-03,20,5,6,900.0,en_ligne
1437,2026-07-04,20,5,12,900.0,boutique
1438,2026-07-05,20,5,9,900.0,boutique
1439,2026-07-06,20,5,4,900.0,boutique
1440,2026-07-07,20,5,7,900.0,boutique
1441,2026-07-08,20,5,7,900.0,boutique
1442,2026-07-09,20,5,8,900.0,en_ligne
1443,2026-07-10,20,5,7,900.0,revendeur
1444,2026-07-11,20,5,8,900.0,boutique
1445,2026-07-12,20,5,10,900.0,revendeur
1446,2026-07-13,20,5,1,900.0,boutique
1447,2026-07-14,20,5,6,900.0,en_ligne
1448,2026-07-15,20,5,6,900.0,revendeur
1449,2026-07-16,20,5,11,900.0,boutique
1450,2026-07-17,20,5,8,900.0,en_ligne
1451,2026-07-18,20,5,9,900.0,en_ligne
1452,2026-07-19,20,5,7,900.0,en_ligne
1453,2026-07-20,20,5,7,900.0,en_ligne
1454,2026-07-21,20,5,8,900.0,boutique
1455,2026-07-22,20,5,7,900.0,boutique
1456,2026-07-23,20,5,6,900.0,revendeur
1457,2026-07-24,20,5,5,900.0,boutique
1458,2026-07-25,20,5,8,900.0,revendeur
1459,2026-07-26,20,5,10,900.0,boutique
1460,2026-07-27,20,5,6,900.0,boutique
1461,2026-07-28,20,5,7,900.0,boutique
1462,2026-07-29,20,5,7,900.0,boutique
1463,2026-07-30,20,5,10,900.0,boutique
1464,2026-07-31,20,5,7,900.0,boutique
1465,2026-08-01,20,5,8,900.0,en_ligne
1466,2026-08-02,20,5,5,900.0,boutique
1467,2026-08-03,20,5,8,900.0,revendeur
1468,2026-08-04,20,5,7,900.0,en_ligne
1469,2026-08-05,20,5,8,900.0,revendeur
1470,2026-08-06,20,5,4,900.0,boutique
1471,2026-05-29,20,6,13,350.0,boutique
1472,2026-05-30,20,6,14,350.0,boutique
1473,2026-05-31,20,6,16,350.0,revendeur
1474,2026-06-01,20,6,12,350.0,en_ligne
1475,2026-06-02,20,6,14,350.0,boutique
1476,2026-06-03,20,6,10,350.0,revendeur
1477,2026-06-04,20,6,9,350.0,en_ligne
1478,2026-06-05,20,6,6,350.0,boutique
1479,2026-06-06,20,6,13,350.0,boutique
1480,2026-06-07,20,6,14,350.0,boutique
1481,2026-06-08,20,6,13,350.0,revendeur
1482,2026-06-09,20,6,14,350.0,revendeur
1483,2026-06-10,20,6,6,350.0,revendeur
1484,2026-06-11,20,6,15,350.0,boutique
1485,2026-06-12,20,6,7,350.0,revendeur
1486,2026-06-13,20,6,11,350.0,boutique
1487,2026-06-14,20,6,8,350.0,boutique
1488,2026-06-15,20,6,9,350.0,boutique
1489,2026-06-16,20,6,11,350.0,boutique
1490,2026-06-17,20,6,17,350.0,en_ligne
1491,2026-06-18,20,6,14,350.0,boutique
1492,2026-06-19,20,6,13,350.0,en_ligne
1493,2026-06-20,20,6,13,350.0,boutique
1494,2026-06-21,20,6,16,350.0,boutique
1495,2026-06-22,20,6,11,350.0,boutique
1496,2026-06-23,20,6,12,350.0,boutique
1497,2026-06-24,20,6,10,350.0,en_ligne
1498,2026-06-25,20,6,5,350.0,boutique
1499,2026-06-26,20,6,9,350.0,boutique
1500,2026-06-27,20,6,17,350.0,boutique
1501,2026-06-28,20,6,18,350.0,boutique
1502,2026-06-29,20,6,9,350.0,boutique
1503,2026-06-30,20,6,15,350.0,boutique
1504,2026-07-01,20,6,13,350.0,boutique
1505,2026-07-02,20,6,12,350.0,boutique
1506,2026-07-03,20,6,11,350.0,boutique
1507,2026-07-04,20,6,14,350.0,en_ligne
1508,2026-07-05,20,6,11,350.0,boutique
1509,2026-07-06,20,6,8,350.0,boutique
1510,2026-07-07,20,6,9,350.0,boutique
1511,2026-07-08,20,6,12,350.0,en_ligne
1512,2026-07-09,20,6,11,350.0,boutique
1513,2026-07-10,20,6,12,350.0,boutique
1514,2026-07-11,20,6,16,350.0,boutique
1515,2026-07-12,20,6,14,350.0,boutique
1516,2026-07-13,20,6,7,350.0,boutique
1517,2026-07-14,20,6,11,350.0,boutique
1518,2026-07-15,20,6,12,350.0,en_ligne
1519,2026-07-16,20,6,12,350.0,boutique
1520,2026-07-17,20,6,13,350.0,boutique
1521,2026-07-18,20,6,13,350.0,boutique
1522,2026-07-19,20,6,11,350.0,boutique
1523,2026-07-20,20,6,12,350.0,boutique
1524,2026-07-21,20,6,13,350.0,en_ligne
1525,2026-07-22,20,6,10,350.0,boutique
1526,2026-07-23,20,6,13,350.0,boutique
1527,2026-07-24,20,6,13,350.0,boutique
1528,2026-07-25,20,6,17,350.0,en_ligne
1529,2026-07-26,20,6,13,350.0,boutique
1530,2026-07-27,20,6,13,350.0,boutique
1531,2026-07-28,20,6,11,350.0,boutique
1532,2026-07-29,20,6,13,350.0,en_ligne
1533,2026-07-30,20,6,11,350.0,boutique
1534,2026-07-31,20,6,10,350.0,boutique
1535,2026-08-01,20,6,19,350.0,boutique
1536,2026-08-02,20,6,14,350.0,en_ligne
1537,2026-08-03,20,6,12,350.0,boutique
1538,2026-08-04,20,6,9,350.0,en_ligne
1539,2026-08-05,20,6,7,350.0,boutique
1540,2026-08-06,20,6,12,350.0,boutique
1541,2026-05-29,20,7,11,700.0,boutique
1542,2026-05-30,20,7,7,700.0,revendeur
1543,2026-05-31,20,7,10,700.0,boutique
1544,2026-06-01,20,7,6,700.0,boutique
1545,2026-06-02,20,7,9,700.0,revendeur
1546,2026-06-03,20,7,8,700.0,revendeur
1547,2026-06-04,20,7,9,700.0,boutique
1548,2026-06-05,20,7,8,700.0,revendeur
1549,2026-06-06,20,7,3,700.0,boutique
1550,2026-06-07,20,7,11,700.0,en_ligne
1551,2026-06-08,20,7,9,700.0,revendeur
1552,2026-06-09,20,7,13,700.0,boutique
1553,2026-06-10,20,7,7,700.0,boutique
1554,2026-06-11,20,7,10,700.0,boutique
1555,2026-06-12,20,7,5,700.0,en_ligne
1556,2026-06-13,20,7,10,700.0,boutique
1557,2026-06-14,20,7,7,700.0,boutique
1558,2026-06-15,20,7,9,700.0,boutique
1559,2026-06-16,20,7,6,700.0,revendeur
1560,2026-06-17,20,7,7,700.0,revendeur
1561,2026-06-18,20,7,8,700.0,boutique
1562,2026-06-19,20,7,8,700.0,boutique
1563,2026-06-20,20,7,8,700.0,boutique
1564,2026-06-21,20,7,10,700.0,boutique
1565,2026-06-22,20,7,8,700.0,boutique
1566,2026-06-23,20,7,8,700.0,boutique
1567,2026-06-24,20,7,7,700.0,boutique
1568,2026-06-25,20,7,7,700.0,en_ligne
1569,2026-06-26,20,7,8,700.0,boutique
1570,2026-06-27,20,7,10,700.0,revendeur
1571,2026-06-28,20,7,9,700.0,en_ligne
1572,2026-06-29,20,7,9,700.0,boutique
1573,2026-06-30,20,7,8,700.0,boutique
1574,2026-07-01,20,7,11,700.0,boutique
1575,2026-07-02,20,7,9,700.0,revendeur
1576,2026-07-03,20,7,8,700.0,boutique
1577,2026-07-04,20,7,9,700.0,boutique
1578,2026-07-05,20,7,8,700.0,boutique
1579,2026-07-06,20,7,9,700.0,en_ligne
1580,2026-07-07,20,7,10,700.0,boutique
1581,2026-07-08,20,7,9,700.0,en_ligne
1582,2026-07-09,20,7,5,700.0,boutique
1583,2026-07-10,20,7,10,700.0,boutique
1584,2026-07-11,20,7,10,700.0,boutique
1585,2026-07-12,20,7,11,700.0,boutique
1586,2026-07-13,20,7,6,700.0,boutique
1587,2026-07-14,20,7,10,700.0,boutique
1588,2026-07-15,20,7,6,700.0,boutique
1589,2026-07-16,20,7,11,700.0,boutique
1590,2026-07-17,20,7,7,700.0,en_ligne
1591,2026-07-18,20,7,6,700.0,boutique
1592,2026-07-19,20,7,9,700.0,boutique
1593,2026-07-20,20,7,7,700.0,boutique
1594,2026-07-21,20,7,10,700.0,en_ligne
1595,2026-07-22,20,7,7,700.0,boutique
1596,2026-07-23,20,7,8,700.0,en_ligne
1597,2026-07-24,20,7,9,700.0,boutique
1598,2026-07-25,20,7,6,700.0,boutique
1599,2026-07-26,20,7,10,700.0,revendeur
1600,2026-07-27,20,7,11,700.0,en_ligne
1601,2026-07-28,20,7,7,700.0,boutique
1602,2026-07-29,20,7,7,700.0,boutique
1603,2026-07-30,20,7,12,700.0,en_ligne
1604,2026-07-31,20,7,9,700.0,boutique
1605,2026-08-01,20,7,11,700.0,boutique
1606,2026-08-02,20,7,7,700.0,boutique
1607,2026-08-03,20,7,9,700.0,boutique
1608,2026-08-04,20,7,12,700.0,revendeur
1609,2026-08-05,20,7,8,700.0,boutique
1610,2026-08-06,20,7,7,700.0,boutique
1611,2026-05-29,20,8,5,850.0,boutique
1612,2026-05-30,20,8,7,850.0,en_ligne
1613,2026-05-31,20,8,5,850.0,boutique
1614,2026-06-01,20,8,6,850.0,boutique
1615,2026-06-02,20,8,6,850.0,boutique
1616,2026-06-03,20,8,5,850.0,boutique
1617,2026-06-04,20,8,5,850.0,boutique
1618,2026-06-05,20,8,6,850.0,revendeur
1619,2026-06-06,20,8,4,850.0,boutique
1620,2026-06-07,20,8,4,850.0,boutique
1621,2026-06-08,20,8,6,850.0,boutique
1622,2026-06-09,20,8,5,850.0,en_ligne
1623,2026-06-10,20,8,7,850.0,en_ligne
1624,2026-06-11,20,8,4,850.0,boutique
1625,2026-06-12,20,8,5,850.0,boutique
1626,2026-06-13,20,8,4,850.0,boutique
1627,2026-06-14,20,8,6,850.0,boutique
1628,2026-06-15,20,8,5,850.0,boutique
1629,2026-06-16,20,8,7,850.0,boutique
1630,2026-06-17,20,8,6,850.0,boutique
1631,2026-06-18,20,8,5,850.0,boutique
1632,2026-06-19,20,8,5,850.0,en_ligne
1633,2026-06-20,20,8,7,850.0,boutique
1634,2026-06-21,20,8,5,850.0,en_ligne
1635,2026-06-22,20,8,7,850.0,boutique
1636,2026-06-23,20,8,4,850.0,boutique
1637,2026-06-24,20,8,6,850.0,en_ligne
1638,2026-06-25,20,8,6,850.0,en_ligne
1639,2026-06-26,20,8,6,850.0,boutique
1640,2026-06-27,20,8,7,850.0,boutique
1641,2026-06-28,20,8,4,850.0,boutique
1642,2026-06-29,20,8,7,850.0,en_ligne
1643,2026-06-30,20,8,5,850.0,boutique
1644,2026-07-01,20,8,6,850.0,en_ligne
1645,2026-07-02,20,8,3,850.0,boutique
1646,2026-07-03,20,8,6,850.0,revendeur
1647,2026-07-04,20,8,8,850.0,boutique
1648,2026-07-05,20,8,6,850.0,en_ligne
1649,2026-07-06,20,8,5,850.0,boutique
1650,2026-07-07,20,8,6,850.0,en_ligne
1651,2026-07-08,20,8,6,850.0,boutique
1652,2026-07-09,20,8,6,850.0,boutique
1653,2026-07-10,20,8,7,850.0,boutique
1654,2026-07-11,20,8,5,850.0,boutique
1655,2026-07-12,20,8,6,850.0,boutique
1656,2026-07-13,20,8,4,850.0,boutique
1657,2026-07-14,20,8,5,850.0,boutique
1658,2026-07-15,20,8,5,850.0,en_ligne
1659,2026-07-16,20,8,6,850.0,boutique
1660,2026-07-17,20,8,7,850.0,en_ligne
1661,2026-07-18,20,8,7,850.0,boutique
1662,2026-07-19,20,8,6,850.0,boutique
1663,2026-07-20,20,8,7,850.0,boutique
1664,2026-07-21,20,8,5,850.0,boutique
1665,2026-07-22,20,8,5,850.0,boutique
1666,2026-07-23,20,8,6,850.0,en_ligne
1667,2026-07-24,20,8,6,850.0,boutique
1668,2026-07-25,20,8,7,850.0,boutique
1669,2026-07-26,20,8,5,850.0,boutique
1670,2026-07-27,20,8,5,850.0,boutique
1671,2026-07-28,20,8,5,850.0,en_ligne
1672,2026-07-29,20,8,5,850.0,boutique
1673,2026-07-30,20,8,5,850.0,boutique
1674,2026-07-31,20,8,7,850.0,boutique
1675,2026-08-01,20,8,8,850.0,boutique
1676,2026-08-02,20,8,3,850.0,revendeur
1677,2026-08-03,20,8,5,850.0,revendeur
1678,2026-08-04,20,8,6,850.0,revendeur
1679,2026-08-05,20,8,5,850.0,boutique
1680,2026-08-06,20,8,6,850.0,boutique
1681,2026-05-29,20,9,3,1200.0,boutique
1682,2026-05-30,20,9,2,1200.0,boutique
1683,2026-05-31,20,9,3,1200.0,en_ligne
1684,2026-06-01,20,9,3,1200.0,boutique
1685,2026-06-02,20,9,3,1200.0,revendeur
1686,2026-06-03,20,9,3,1200.0,boutique
1687,2026-06-04,20,9,3,1200.0,boutique
1688,2026-06-05,20,9,3,1200.0,boutique
1689,2026-06-06,20,9,3,1200.0,boutique
1690,2026-06-07,20,9,4,1200.0,boutique
1691,2026-06-08,20,9,3,1200.0,boutique
1692,2026-06-09,20,9,2,1200.0,boutique
1693,2026-06-10,20,9,3,1200.0,boutique
1694,2026-06-11,20,9,3,1200.0,boutique
1695,2026-06-12,20,9,3,1200.0,boutique
1696,2026-06-13,20,9,3,1200.0,boutique
1697,2026-06-14,20,9,4,1200.0,boutique
1698,2026-06-15,20,9,4,1200.0,boutique
1699,2026-06-16,20,9,3,1200.0,boutique
1700,2026-06-17,20,9,4,1200.0,boutique
1701,2026-06-18,20,9,3,1200.0,boutique
1702,2026-06-19,20,9,3,1200.0,boutique
1703,2026-06-20,20,9,4,1200.0,boutique
1704,2026-06-21,20,9,3,1200.0,boutique
1705,2026-06-22,20,9,4,1200.0,boutique
1706,2026-06-23,20,9,3,1200.0,boutique
1707,2026-06-24,20,9,4,1200.0,boutique
1708,2026-06-25,20,9,4,1200.0,boutique
1709,2026-06-26,20,9,3,1200.0,revendeur
1710,2026-06-27,20,9,4,1200.0,boutique
1711,2026-06-28,20,9,3,1200.0,boutique
1712,2026-06-29,20,9,3,1200.0,boutique
1713,2026-06-30,20,9,3,1200.0,boutique
1714,2026-07-01,20,9,4,1200.0,boutique
1715,2026-07-02,20,9,4,1200.0,boutique
1716,2026-07-03,20,9,4,1200.0,en_ligne
1717,2026-07-04,20,9,3,1200.0,boutique
1718,2026-07-05,20,9,3,1200.0,boutique
1719,2026-07-06,20,9,2,1200.0,boutique
1720,2026-07-07,20,9,2,1200.0,en_ligne
1721,2026-07-08,20,9,4,1200.0,revendeur
1722,2026-07-09,20,9,4,1200.0,boutique
1723,2026-07-10,20,9,2,1200.0,en_ligne
1724,2026-07-11,20,9,4,1200.0,boutique
1725,2026-07-12,20,9,3,1200.0,boutique
1726,2026-07-13,20,9,3,1200.0,boutique
1727,2026-07-14,20,9,4,1200.0,boutique
1728,2026-07-15,20,9,3,1200.0,boutique
1729,2026-07-16,20,9,4,1200.0,boutique
1730,2026-07-17,20,9,2,1200.0,boutique
1731,2026-07-18,20,9,3,1200.0,boutique
1732,2026-07-19,20,9,3,1200.0,en_ligne
1733,2026-07-20,20,9,4,1200.0,revendeur
1734,2026-07-21,20,9,3,1200.0,boutique
1735,2026-07-22,20,9,3,1200.0,boutique
1736,2026-07-23,20,9,3,1200.0,boutique
1737,2026-07-24,20,9,3,1200.0,en_ligne
1738,2026-07-25,20,9,2,1200.0,boutique
1739,2026-07-26,20,9,2,1200.0,boutique
1740,2026-07-27,20,9,3,1200.0,boutique
1741,2026-07-28,20,9,2,1200.0,boutique
1742,2026-07-29,20,9,3,1200.0,boutique
1743,2026-07-30,20,9,3,1200.0,boutique
1744,2026-07-31,20,9,4,1200.0,boutique
1745,2026-08-01,20,9,4,1200.0,revendeur
1746,2026-08-02,20,9,3,1200.0,boutique
1747,2026-08-03,20,9,3,1200.0,en_ligne
1748,2026-08-04,20,9,3,1200.0,en_ligne
1749,2026-08-05,20,9,3,1200.0,boutique
1750,2026-08-06,20,9,3,1200.0,boutique
1751,2026-05-29,20,10,5,1100.0,boutique
1752,2026-05-30,20,10,4,1100.0,boutique
1753,2026-05-31,20,10,4,1100.0,boutique
1754,2026-06-01,20,10,5,1100.0,en_ligne
1755,2026-06-02,20,10,3,1100.0,boutique
1756,2026-06-03,20,10,5,1100.0,boutique
1757,2026-06-04,20,10,3,1100.0,boutique
1758,2026-06-05,20,10,4,1100.0,boutique
1759,2026-06-06,20,10,4,1100.0,boutique
1760,2026-06-07,20,10,4,1100.0,boutique
1761,2026-06-08,20,10,4,1100.0,boutique
1762,2026-06-09,20,10,4,1100.0,boutique
1763,2026-06-10,20,10,3,1100.0,boutique
1764,2026-06-11,20,10,3,1100.0,boutique
1765,2026-06-12,20,10,5,1100.0,boutique
1766,2026-06-13,20,10,5,1100.0,boutique
1767,2026-06-14,20,10,3,1100.0,boutique
1768,2026-06-15,20,10,5,1100.0,boutique
1769,2026-06-16,20,10,4,1100.0,boutique
1770,2026-06-17,20,10,4,1100.0,en_ligne
1771,2026-06-18,20,10,5,1100.0,boutique
1772,2026-06-19,20,10,4,1100.0,boutique
1773,2026-06-20,20,10,5,1100.0,boutique
1774,2026-06-21,20,10,5,1100.0,boutique
1775,2026-06-22,20,10,4,1100.0,boutique
1776,2026-06-23,20,10,4,1100.0,boutique
1777,2026-06-24,20,10,5,1100.0,boutique
1778,2026-06-25,20,10,4,1100.0,en_ligne
1779,2026-06-26,20,10,4,1100.0,boutique
1780,2026-06-27,20,10,4,1100.0,revendeur
1781,2026-06-28,20,10,5,1100.0,en_ligne
1782,2026-06-29,20,10,3,1100.0,boutique
1783,2026-06-30,20,10,3,1100.0,boutique
1784,2026-07-01,20,10,3,1100.0,boutique
1785,2026-07-02,20,10,4,1100.0,revendeur
1786,2026-07-03,20,10,4,1100.0,en_ligne
1787,2026-07-04,20,10,3,1100.0,revendeur
1788,2026-07-05,20,10,5,1100.0,boutique
1789,2026-07-06,20,10,3,1100.0,boutique
1790,2026-07-07,20,10,4,1100.0,boutique
1791,2026-07-08,20,10,3,1100.0,boutique
1792,2026-07-09,20,10,3,1100.0,boutique
1793,2026-07-10,20,10,6,1100.0,en_ligne
1794,2026-07-11,20,10,4,1100.0,boutique
1795,2026-07-12,20,10,7,1100.0,boutique
1796,2026-07-13,20,10,4,1100.0,boutique
1797,2026-07-14,20,10,3,1100.0,boutique
1798,2026-07-15,20,10,5,1100.0,boutique
1799,2026-07-16,20,10,4,1100.0,boutique
1800,2026-07-17,20,10,3,1100.0,revendeur
1801,2026-07-18,20,10,4,1100.0,boutique
1802,2026-07-19,20,10,4,1100.0,boutique
1803,2026-07-20,20,10,4,1100.0,revendeur
1804,2026-07-21,20,10,5,1100.0,boutique
1805,2026-07-22,20,10,5,1100.0,boutique
1806,2026-07-23,20,10,4,1100.0,boutique
1807,2026-07-24,20,10,5,1100.0,boutique
1808,2026-07-25,20,10,5,1100.0,boutique
1809,2026-07-26,20,10,4,1100.0,boutique
1810,2026-07-27,20,10,4,1100.0,en_ligne
1811,2026-07-28,20,10,4,1100.0,en_ligne
1812,2026-07-29,20,10,6,1100.0,boutique
1813,2026-07-30,20,10,5,1100.0,boutique
1814,2026-07-31,20,10,4,1100.0,boutique
1815,2026-08-01,20,10,4,1100.0,boutique
1816,2026-08-02,20,10,4,1100.0,boutique
1817,2026-08-03,20,10,5,1100.0,boutique
1818,2026-08-04,20,10,3,1100.0,en_ligne
1819,2026-08-05,20,10,6,1100.0,boutique
1820,2026-08-06,20,10,5,1100.0,en_ligne
1821,2026-05-29,20,11,6,500.0,boutique
1822,2026-05-30,20,11,4,500.0,boutique
1823,2026-05-31,20,11,7,500.0,en_ligne
1824,2026-06-01,20,11,9,500.0,boutique
1825,2026-06-02,20,11,5,500.0,boutique
1826,2026-06-03,20,11,4,500.0,revendeur
1827,2026-06-04,20,11,8,500.0,boutique
1828,2026-06-05,20,11,6,500.0,boutique
1829,2026-06-06,20,11,7,500.0,en_ligne
1830,2026-06-07,20,11,8,500.0,en_ligne
1831,2026-06-08,20,11,8,500.0,boutique
1832,2026-06-09,20,11,4,500.0,boutique
1833,2026-06-10,20,11,7,500.0,boutique
1834,2026-06-11,20,11,5,500.0,en_ligne
1835,2026-06-12,20,11,8,500.0,boutique
1836,2026-06-13,20,11,6,500.0,boutique
1837,2026-06-14,20,11,7,500.0,boutique
1838,2026-06-15,20,11,7,500.0,boutique
1839,2026-06-16,20,11,5,500.0,boutique
1840,2026-06-17,20,11,7,500.0,boutique
1841,2026-06-18,20,11,7,500.0,boutique
1842,2026-06-19,20,11,8,500.0,boutique
1843,2026-06-20,20,11,7,500.0,boutique
1844,2026-06-21,20,11,8,500.0,revendeur
1845,2026-06-22,20,11,5,500.0,boutique
1846,2026-06-23,20,11,5,500.0,boutique
1847,2026-06-24,20,11,5,500.0,boutique
1848,2026-06-25,20,11,8,500.0,boutique
1849,2026-06-26,20,11,7,500.0,boutique
1850,2026-06-27,20,11,7,500.0,boutique
1851,2026-06-28,20,11,6,500.0,boutique
1852,2026-06-29,20,11,6,500.0,boutique
1853,2026-06-30,20,11,6,500.0,boutique
1854,2026-07-01,20,11,8,500.0,en_ligne
1855,2026-07-02,20,11,2,500.0,en_ligne
1856,2026-07-03,20,11,6,500.0,revendeur
1857,2026-07-04,20,11,9,500.0,boutique
1858,2026-07-05,20,11,7,500.0,revendeur
1859,2026-07-06,20,11,5,500.0,revendeur
1860,2026-07-07,20,11,5,500.0,boutique
1861,2026-07-08,20,11,5,500.0,revendeur
1862,2026-07-09,20,11,9,500.0,boutique
1863,2026-07-10,20,11,6,500.0,revendeur
1864,2026-07-11,20,11,6,500.0,en_ligne
1865,2026-07-12,20,11,5,500.0,boutique
1866,2026-07-13,20,11,8,500.0,boutique
1867,2026-07-14,20,11,7,500.0,boutique
1868,2026-07-15,20,11,6,500.0,revendeur
1869,2026-07-16,20,11,8,500.0,boutique
1870,2026-07-17,20,11,9,500.0,boutique
1871,2026-07-18,20,11,8,500.0,en_ligne
1872,2026-07-19,20,11,7,500.0,en_ligne
1873,2026-07-20,20,11,6,500.0,boutique
1874,2026-07-21,20,11,7,500.0,boutique
1875,2026-07-22,20,11,9,500.0,boutique
1876,2026-07-23,20,11,6,500.0,revendeur
1877,2026-07-24,20,11,7,500.0,boutique
1878,2026-07-25,20,11,6,500.0,boutique
1879,2026-07-26,20,11,7,500.0,en_ligne
1880,2026-07-27,20,11,7,500.0,boutique
1881,2026-07-28,20,11,6,500.0,boutique
1882,2026-07-29,20,11,6,500.0,boutique
1883,2026-07-30,20,11,6,500.0,boutique
1884,2026-07-31,20,11,6,500.0,boutique
1885,2026-08-01,20,11,5,500.0,boutique
1886,2026-08-02,20,11,6,500.0,en_ligne
1887,2026-08-03,20,11,5,500.0,boutique
1888,2026-08-04,20,11,6,500.0,revendeur
1889,2026-08-05,20,11,8,500.0,boutique
1890,2026-08-06,20,11,8,500.0,boutique
1891,2026-05-29,20,12,6,600.0,boutique
1892,2026-05-30,20,12,4,600.0,boutique
1893,2026-05-31,20,12,4,600.0,boutique
1894,2026-06-01,20,12,6,600.0,boutique
1895,2026-06-02,20,12,6,600.0,revendeur
1896,2026-06-03,20,12,4,600.0,boutique
1897,2026-06-04,20,12,4,600.0,en_ligne
1898,2026-06-05,20,12,3,600.0,boutique
1899,2026-06-06,20,12,4,600.0,boutique
1900,2026-06-07,20,12,7,600.0,boutique
1901,2026-06-08,20,12,6,600.0,boutique
1902,2026-06-09,20,12,6,600.0,boutique
1903,2026-06-10,20,12,6,600.0,boutique
1904,2026-06-11,20,12,5,600.0,revendeur
1905,2026-06-12,20,12,5,600.0,boutique
1906,2026-06-13,20,12,6,600.0,boutique
1907,2026-06-14,20,12,6,600.0,en_ligne
1908,2026-06-15,20,12,6,600.0,boutique
1909,2026-06-16,20,12,6,600.0,en_ligne
1910,2026-06-17,20,12,7,600.0,en_ligne
1911,2026-06-18,20,12,9,600.0,boutique
1912,2026-06-19,20,12,4,600.0,boutique
1913,2026-06-20,20,12,5,600.0,boutique
1914,2026-06-21,20,12,6,600.0,boutique
1915,2026-06-22,20,12,5,600.0,boutique
1916,2026-06-23,20,12,6,600.0,boutique
1917,2026-06-24,20,12,7,600.0,revendeur
1918,2026-06-25,20,12,6,600.0,boutique
1919,2026-06-26,20,12,4,600.0,boutique
1920,2026-06-27,20,12,6,600.0,boutique
1921,2026-06-28,20,12,5,600.0,boutique
1922,2026-06-29,20,12,5,600.0,boutique
1923,2026-06-30,20,12,6,600.0,boutique
1924,2026-07-01,20,12,6,600.0,boutique
1925,2026-07-02,20,12,4,600.0,boutique
1926,2026-07-03,20,12,6,600.0,boutique
1927,2026-07-04,20,12,6,600.0,boutique
1928,2026-07-05,20,12,5,600.0,boutique
1929,2026-07-06,20,12,5,600.0,boutique
1930,2026-07-07,20,12,5,600.0,en_ligne
1931,2026-07-08,20,12,6,600.0,boutique
1932,2026-07-09,20,12,5,600.0,boutique
1933,2026-07-10,20,12,6,600.0,boutique
1934,2026-07-11,20,12,5,600.0,boutique
1935,2026-07-12,20,12,5,600.0,boutique
1936,2026-07-13,20,12,5,600.0,boutique
1937,2026-07-14,20,12,3,600.0,boutique
1938,2026-07-15,20,12,4,600.0,boutique
1939,2026-07-16,20,12,7,600.0,en_ligne
1940,2026-07-17,20,12,5,600.0,boutique
1941,2026-07-18,20,12,6,600.0,boutique
1942,2026-07-19,20,12,7,600.0,boutique
1943,2026-07-20,20,12,4,600.0,boutique
1944,2026-07-21,20,12,6,600.0,boutique
1945,2026-07-22,20,12,4,600.0,en_ligne
1946,2026-07-23,20,12,4,600.0,boutique
1947,2026-07-24,20,12,6,600.0,boutique
1948,2026-07-25,20,12,7,600.0,boutique
1949,2026-07-26,20,12,7,600.0,revendeur
1950,2026-07-27,20,12,5,600.0,boutique
1951,2026-07-28,20,12,4,600.0,boutique
1952,2026-07-29,20,12,6,600.0,boutique
1953,2026-07-30,20,12,6,600.0,boutique
1954,2026-07-31,20,12,6,600.0,boutique
1955,2026-08-01,20,12,6,600.0,boutique
1956,2026-08-02,20,12,5,600.0,boutique
1957,2026-08-03,20,12,8,600.0,boutique
1958,2026-08-04,20,12,6,600.0,boutique
1959,2026-08-05,20,12,3,600.0,en_ligne
1960,2026-08-06,20,12,5,600.0,boutique
1961,2026-05-29,20,13,3,1500.0,boutique
1962,2026-05-30,20,13,3,1500.0,boutique
1963,2026-05-31,20,13,3,1500.0,boutique
1964,2026-06-01,20,13,2,1500.0,boutique
1965,2026-06-02,20,13,4,1500.0,boutique
1966,2026-06-03,20,13,3,1500.0,en_ligne
1967,2026-06-04,20,13,3,1500.0,boutique
1968,2026-06-05,20,13,3,1500.0,boutique
1969,2026-06-06,20,13,4,1500.0,boutique
1970,2026-06-07,20,13,4,1500.0,boutique
1971,2026-06-08,20,13,3,1500.0,boutique
1972,2026-06-09,20,13,4,1500.0,boutique
1973,2026-06-10,20,13,4,1500.0,en_ligne
1974,2026-06-11,20,13,4,1500.0,boutique
1975,2026-06-12,20,13,3,1500.0,boutique
1976,2026-06-13,20,13,3,1500.0,boutique
1977,2026-06-14,20,13,3,1500.0,boutique
1978,2026-06-15,20,13,3,1500.0,boutique
1979,2026-06-16,20,13,4,1500.0,boutique
1980,2026-06-17,20,13,4,1500.0,boutique
1981,2026-06-18,20,13,4,1500.0,boutique
1982,2026-06-19,20,13,3,1500.0,revendeur
1983,2026-06-20,20,13,3,1500.0,boutique
1984,2026-06-21,20,13,3,1500.0,boutique
1985,2026-06-22,20,13,3,1500.0,boutique
1986,2026-06-23,20,13,3,1500.0,boutique
1987,2026-06-24,20,13,5,1500.0,boutique
1988,2026-06-25,20,13,3,1500.0,en_ligne
1989,2026-06-26,20,13,2,1500.0,en_ligne
1990,2026-06-27,20,13,3,1500.0,boutique
1991,2026-06-28,20,13,3,1500.0,boutique
1992,2026-06-29,20,13,3,1500.0,boutique
1993,2026-06-30,20,13,2,1500.0,boutique
1994,2026-07-01,20,13,4,1500.0,boutique
1995,2026-07-02,20,13,4,1500.0,en_ligne
1996,2026-07-03,20,13,4,1500.0,boutique
1997,2026-07-04,20,13,3,1500.0,boutique
1998,2026-07-05,20,13,3,1500.0,boutique
1999,2026-07-06,20,13,3,1500.0,en_ligne
2000,2026-07-07,20,13,3,1500.0,boutique
2001,2026-07-08,20,13,4,1500.0,boutique
2002,2026-07-09,20,13,4,1500.0,boutique
2003,2026-07-10,20,13,4,1500.0,en_ligne
2004,2026-07-11,20,13,2,1500.0,boutique
2005,2026-07-12,20,13,3,1500.0,boutique
2006,2026-07-13,20,13,3,1500.0,boutique
2007,2026-07-14,20,13,3,1500.0,en_ligne
2008,2026-07-15,20,13,4,1500.0,boutique
2009,2026-07-16,20,13,2,1500.0,en_ligne
2010,2026-07-17,20,13,3,1500.0,boutique
2011,2026-07-18,20,13,4,1500.0,boutique
2012,2026-07-19,20,13,4,1500.0,boutique
2013,2026-07-20,20,13,4,1500.0,en_ligne
2014,2026-07-21,20,13,3,1500.0,boutique
2015,2026-07-22,20,13,4,1500.0,en_ligne
2016,2026-07-23,20,13,4,1500.0,boutique
2017,2026-07-24,20,13,3,1500.0,boutique
2018,2026-07-25,20,13,3,1500.0,boutique
2019,2026-07-26,20,13,3,1500.0,boutique
2020,2026-07-27,20,13,4,1500.0,boutique
2021,2026-07-28,20,13,3,1500.0,boutique
2022,2026-07-29,20,13,5,1500.0,boutique
2023,2026-07-30,20,13,3,1500.0,en_ligne
2024,2026-07-31,20,13,4,1500.0,boutique
2025,2026-08-01,20,13,3,1500.0,boutique
2026,2026-08-02,20,13,3,1500.0,boutique
2027,2026-08-03,20,13,3,1500.0,boutique
2028,2026-08-04,20,13,4,1500.0,boutique
2029,2026-08-05,20,13,3,1500.0,boutique
2030,2026-08-06,20,13,2,1500.0,boutique
2031,2026-05-29,20,14,7,450.0,boutique
2032,2026-05-30,20,14,15,450.0,boutique
2033,2026-05-31,20,14,11,450.0,boutique
2034,2026-06-01,20,14,11,450.0,boutique
2035,2026-06-02,20,14,10,450.0,revendeur
2036,2026-06-03,20,14,9,450.0,boutique
2037,2026-06-04,20,14,11,450.0,revendeur
2038,2026-06-05,20,14,11,450.0,boutique
2039,2026-06-06,20,14,15,450.0,boutique
2040,2026-06-07,20,14,14,450.0,boutique
2041,2026-06-08,20,14,6,450.0,boutique
2042,2026-06-09,20,14,14,450.0,boutique
2043,2026-06-10,20,14,9,450.0,revendeur
2044,2026-06-11,20,14,7,450.0,en_ligne
2045,2026-06-12,20,14,9,450.0,boutique
2046,2026-06-13,20,14,11,450.0,boutique
2047,2026-06-14,20,14,14,450.0,boutique
2048,2026-06-15,20,14,8,450.0,boutique
2049,2026-06-16,20,14,8,450.0,boutique
2050,2026-06-17,20,14,10,450.0,boutique
2051,2026-06-18,20,14,10,450.0,boutique
2052,2026-06-19,20,14,10,450.0,revendeur
2053,2026-06-20,20,14,14,450.0,boutique
2054,2026-06-21,20,14,11,450.0,boutique
2055,2026-06-22,20,14,7,450.0,boutique
2056,2026-06-23,20,14,10,450.0,boutique
2057,2026-06-24,20,14,9,450.0,revendeur
2058,2026-06-25,20,14,14,450.0,boutique
2059,2026-06-26,20,14,11,450.0,boutique
2060,2026-06-27,20,14,13,450.0,boutique
2061,2026-06-28,20,14,17,450.0,boutique
2062,2026-06-29,20,14,9,450.0,boutique
2063,2026-06-30,20,14,11,450.0,boutique
2064,2026-07-01,20,14,10,450.0,revendeur
2065,2026-07-02,20,14,12,450.0,en_ligne
2066,2026-07-03,20,14,5,450.0,en_ligne
2067,2026-07-04,20,14,10,450.0,revendeur
2068,2026-07-05,20,14,11,450.0,boutique
2069,2026-07-06,20,14,10,450.0,revendeur
2070,2026-07-07,20,14,7,450.0,boutique
2071,2026-07-08,20,14,7,450.0,boutique
2072,2026-07-09,20,14,11,450.0,boutique
2073,2026-07-10,20,14,12,450.0,revendeur
2074,2026-07-11,20,14,15,450.0,boutique
2075,2026-07-12,20,14,14,450.0,revendeur
2076,2026-07-13,20,14,12,450.0,boutique
2077,2026-07-14,20,14,14,450.0,boutique
2078,2026-07-15,20,14,10,450.0,boutique
2079,2026-07-16,20,14,8,450.0,boutique
2080,2026-07-17,20,14,7,450.0,revendeur
2081,2026-07-18,20,14,11,450.0,en_ligne
2082,2026-07-19,20,14,14,450.0,boutique
2083,2026-07-20,20,14,13,450.0,revendeur
2084,2026-07-21,20,14,9,450.0,boutique
2085,2026-07-22,20,14,11,450.0,en_ligne
2086,2026-07-23,20,14,13,450.0,boutique
2087,2026-07-24,20,14,10,450.0,boutique
2088,2026-07-25,20,14,15,450.0,boutique
2089,2026-07-26,20,14,18,450.0,boutique
2090,2026-07-27,20,14,13,450.0,boutique
2091,2026-07-28,20,14,7,450.0,boutique
2092,2026-07-29,20,14,8,450.0,boutique
2093,2026-07-30,20,14,7,450.0,boutique
2094,2026-07-31,20,14,10,450.0,revendeur
2095,2026-08-01,20,14,18,450.0,boutique
2096,2026-08-02,20,14,10,450.0,revendeur
2097,2026-08-03,20,14,11,450.0,boutique
2098,2026-08-04,20,14,9,450.0,boutique
2099,2026-08-05,20,14,13,450.0,boutique
2100,2026-08-06,20,14,11,450.0,boutique
2101,2026-05-29,20,15,7,500.0,boutique
2102,2026-05-30,20,15,12,500.0,boutique
2103,2026-05-31,20,15,16,500.0,boutique
2104,2026-06-01,20,15,8,500.0,boutique
2105,2026-06-02,20,15,10,500.0,boutique
2106,2026-06-03,20,15,9,500.0,boutique
2107,2026-06-04,20,15,8,500.0,boutique
2108,2026-06-05,20,15,8,500.0,boutique
2109,2026-06-06,20,15,9,500.0,boutique
2110,2026-06-07,20,15,12,500.0,boutique
2111,2026-06-08,20,15,9,500.0,boutique
2112,2026-06-09,20,15,11,500.0,en_ligne
2113,2026-06-10,20,15,9,500.0,boutique
2114,2026-06-11,20,15,10,500.0,boutique
2115,2026-06-12,20,15,9,500.0,boutique
2116,2026-06-13,20,15,13,500.0,boutique
2117,2026-06-14,20,15,10,500.0,boutique
2118,2026-06-15,20,15,10,500.0,revendeur
2119,2026-06-16,20,15,11,500.0,boutique
2120,2026-06-17,20,15,11,500.0,boutique
2121,2026-06-18,20,15,12,500.0,boutique
2122,2026-06-19,20,15,9,500.0,boutique
2123,2026-06-20,20,15,12,500.0,boutique
2124,2026-06-21,20,15,10,500.0,boutique
2125,2026-06-22,20,15,7,500.0,boutique
2126,2026-06-23,20,15,10,500.0,en_ligne
2127,2026-06-24,20,15,6,500.0,boutique
2128,2026-06-25,20,15,9,500.0,boutique
2129,2026-06-26,20,15,7,500.0,revendeur
2130,2026-06-27,20,15,14,500.0,boutique
2131,2026-06-28,20,15,13,500.0,en_ligne
2132,2026-06-29,20,15,9,500.0,revendeur
2133,2026-06-30,20,15,10,500.0,boutique
2134,2026-07-01,20,15,11,500.0,boutique
2135,2026-07-02,20,15,9,500.0,boutique
2136,2026-07-03,20,15,7,500.0,boutique
2137,2026-07-04,20,15,11,500.0,boutique
2138,2026-07-05,20,15,7,500.0,boutique
2139,2026-07-06,20,15,8,500.0,boutique
2140,2026-07-07,20,15,8,500.0,en_ligne
2141,2026-07-08,20,15,8,500.0,boutique
2142,2026-07-09,20,15,11,500.0,en_ligne
2143,2026-07-10,20,15,10,500.0,boutique
2144,2026-07-11,20,15,12,500.0,boutique
2145,2026-07-12,20,15,11,500.0,boutique
2146,2026-07-13,20,15,10,500.0,boutique
2147,2026-07-14,20,15,6,500.0,boutique
2148,2026-07-15,20,15,10,500.0,boutique
2149,2026-07-16,20,15,11,500.0,boutique
2150,2026-07-17,20,15,8,500.0,boutique
2151,2026-07-18,20,15,11,500.0,revendeur
2152,2026-07-19,20,15,8,500.0,boutique
2153,2026-07-20,20,15,10,500.0,boutique
2154,2026-07-21,20,15,9,500.0,boutique
2155,2026-07-22,20,15,10,500.0,boutique
2156,2026-07-23,20,15,7,500.0,boutique
2157,2026-07-24,20,15,9,500.0,boutique
2158,2026-07-25,20,15,11,500.0,boutique
2159,2026-07-26,20,15,9,500.0,boutique
2160,2026-07-27,20,15,6,500.0,boutique
2161,2026-07-28,20,15,8,500.0,boutique
2162,2026-07-29,20,15,11,500.0,en_ligne
2163,2026-07-30,20,15,11,500.0,en_ligne
2164,2026-07-31,20,15,9,500.0,boutique
2165,2026-08-01,20,15,5,500.0,boutique
2166,2026-08-02,20,15,13,500.0,boutique
2167,2026-08-03,20,15,4,500.0,boutique
2168,2026-08-04,20,15,10,500.0,boutique
2169,2026-08-05,20,15,7,500.0,boutique
2170,2026-08-06,20,15,7,500.0,boutique
2171,2026-05-29,20,16,6,400.0,boutique
2172,2026-05-30,20,16,10,400.0,boutique
2173,2026-05-31,20,16,7,400.0,boutique
2174,2026-06-01,20,16,7,400.0,boutique
2175,2026-06-02,20,16,8,400.0,boutique
2176,2026-06-03,20,16,9,400.0,en_ligne
2177,2026-06-04,20,16,9,400.0,boutique
2178,2026-06-05,20,16,7,400.0,boutique
2179,2026-06-06,20,16,15,400.0,boutique
2180,2026-06-07,20,16,8,400.0,boutique
2181,2026-06-08,20,16,7,400.0,boutique
2182,2026-06-09,20,16,8,400.0,boutique
2183,2026-06-10,20,16,7,400.0,boutique
2184,2026-06-11,20,16,9,400.0,boutique
2185,2026-06-12,20,16,9,400.0,boutique
2186,2026-06-13,20,16,13,400.0,boutique
2187,2026-06-14,20,16,10,400.0,boutique
2188,2026-06-15,20,16,9,400.0,en_ligne
2189,2026-06-16,20,16,10,400.0,boutique
2190,2026-06-17,20,16,6,400.0,boutique
2191,2026-06-18,20,16,8,400.0,boutique
2192,2026-06-19,20,16,5,400.0,en_ligne
2193,2026-06-20,20,16,11,400.0,boutique
2194,2026-06-21,20,16,12,400.0,boutique
2195,2026-06-22,20,16,7,400.0,boutique
2196,2026-06-23,20,16,10,400.0,boutique
2197,2026-06-24,20,16,10,400.0,boutique
2198,2026-06-25,20,16,8,400.0,boutique
2199,2026-06-26,20,16,7,400.0,boutique
2200,2026-06-27,20,16,14,400.0,boutique
2201,2026-06-28,20,16,12,400.0,boutique
2202,2026-06-29,20,16,9,400.0,boutique
2203,2026-06-30,20,16,9,400.0,boutique
2204,2026-07-01,20,16,3,400.0,en_ligne
2205,2026-07-02,20,16,6,400.0,revendeur
2206,2026-07-03,20,16,10,400.0,boutique
2207,2026-07-04,20,16,11,400.0,boutique
2208,2026-07-05,20,16,10,400.0,boutique
2209,2026-07-06,20,16,9,400.0,en_ligne
2210,2026-07-07,20,16,5,400.0,boutique
2211,2026-07-08,20,16,8,400.0,en_ligne
2212,2026-07-09,20,16,7,400.0,boutique
2213,2026-07-10,20,16,8,400.0,boutique
2214,2026-07-11,20,16,10,400.0,en_ligne
2215,2026-07-12,20,16,5,400.0,boutique
2216,2026-07-13,20,16,7,400.0,boutique
2217,2026-07-14,20,16,7,400.0,boutique
2218,2026-07-15,20,16,9,400.0,boutique
2219,2026-07-16,20,16,9,400.0,boutique
2220,2026-07-17,20,16,7,400.0,boutique
2221,2026-07-18,20,16,12,400.0,en_ligne
2222,2026-07-19,20,16,15,400.0,boutique
2223,2026-07-20,20,16,9,400.0,boutique
2224,2026-07-21,20,16,9,400.0,boutique
2225,2026-07-22,20,16,8,400.0,en_ligne
2226,2026-07-23,20,16,8,400.0,boutique
2227,2026-07-24,20,16,10,400.0,boutique
2228,2026-07-25,20,16,11,400.0,boutique
2229,2026-07-26,20,16,10,400.0,boutique
2230,2026-07-27,20,16,8,400.0,boutique
2231,2026-07-28,20,16,5,400.0,revendeur
2232,2026-07-29,20,16,5,400.0,boutique
2233,2026-07-30,20,16,10,400.0,boutique
2234,2026-07-31,20,16,9,400.0,en_ligne
2235,2026-08-01,20,16,11,400.0,revendeur
2236,2026-08-02,20,16,11,400.0,en_ligne
2237,2026-08-03,20,16,8,400.0,boutique
2238,2026-08-04,20,16,5,400.0,boutique
2239,2026-08-05,20,16,7,400.0,boutique
2240,2026-08-06,20,16,6,400.0,en_ligne
2241,2026-05-29,30,1,6,800.0,boutique
2242,2026-05-30,30,1,7,800.0,boutique
2243,2026-05-31,30,1,7,800.0,boutique
2244,2026-06-01,30,1,8,800.0,boutique
2245,2026-06-02,30,1,7,800.0,revendeur
2246,2026-06-03,30,1,10,800.0,boutique
2247,2026-06-04,30,1,8,800.0,boutique
2248,2026-06-05,30,1,7,800.0,boutique
2249,2026-06-06,30,1,7,800.0,boutique
2250,2026-06-07,30,1,7,800.0,boutique
2251,2026-06-08,30,1,7,800.0,en_ligne
2252,2026-06-09,30,1,7,800.0,en_ligne
2253,2026-06-10,30,1,7,800.0,boutique
2254,2026-06-11,30,1,9,800.0,boutique
2255,2026-06-12,30,1,6,800.0,boutique
2256,2026-06-13,30,1,8,800.0,boutique
2257,2026-06-14,30,1,6,800.0,boutique
2258,2026-06-15,30,1,6,800.0,boutique
2259,2026-06-16,30,1,6,800.0,en_ligne
2260,2026-06-17,30,1,7,800.0,boutique
2261,2026-06-18,30,1,8,800.0,boutique
2262,2026-06-19,30,1,6,800.0,boutique
2263,2026-06-20,30,1,5,800.0,boutique
2264,2026-06-21,30,1,6,800.0,boutique
2265,2026-06-22,30,1,7,800.0,boutique
2266,2026-06-23,30,1,6,800.0,boutique
2267,2026-06-24,30,1,10,800.0,boutique
2268,2026-06-25,30,1,8,800.0,boutique
2269,2026-06-26,30,1,7,800.0,en_ligne
2270,2026-06-27,30,1,7,800.0,boutique
2271,2026-06-28,30,1,4,800.0,boutique
2272,2026-06-29,30,1,6,800.0,boutique
2273,2026-06-30,30,1,6,800.0,boutique
2274,2026-07-01,30,1,4,800.0,boutique
2275,2026-07-02,30,1,8,800.0,revendeur
2276,2026-07-03,30,1,8,800.0,revendeur
2277,2026-07-04,30,1,9,800.0,boutique
2278,2026-07-05,30,1,8,800.0,boutique
2279,2026-07-06,30,1,6,800.0,boutique
2280,2026-07-07,30,1,7,800.0,boutique
2281,2026-07-08,30,1,7,800.0,boutique
2282,2026-07-09,30,1,6,800.0,boutique
2283,2026-07-10,30,1,6,800.0,boutique
2284,2026-07-11,30,1,8,800.0,en_ligne
2285,2026-07-12,30,1,7,800.0,boutique
2286,2026-07-13,30,1,8,800.0,boutique
2287,2026-07-14,30,1,10,800.0,boutique
2288,2026-07-15,30,1,11,800.0,boutique
2289,2026-07-16,30,1,5,800.0,boutique
2290,2026-07-17,30,1,11,800.0,boutique
2291,2026-07-18,30,1,7,800.0,boutique
2292,2026-07-19,30,1,6,800.0,boutique
2293,2026-07-20,30,1,6,800.0,en_ligne
2294,2026-07-21,30,1,7,800.0,revendeur
2295,2026-07-22,30,1,7,800.0,boutique
2296,2026-07-23,30,1,11,800.0,boutique
2297,2026-07-24,30,1,6,800.0,boutique
2298,2026-07-25,30,1,3,800.0,boutique
2299,2026-07-26,30,1,8,800.0,boutique
2300,2026-07-27,30,1,7,800.0,boutique
2301,2026-07-28,30,1,7,800.0,en_ligne
2302,2026-07-29,30,1,7,800.0,boutique
2303,2026-07-30,30,1,7,800.0,boutique
2304,2026-07-31,30,1,9,800.0,revendeur
2305,2026-08-01,30,1,7,800.0,boutique
2306,2026-08-02,30,1,7,800.0,boutique
2307,2026-08-03,30,1,6,800.0,boutique
2308,2026-08-04,30,1,8,800.0,en_ligne
2309,2026-08-05,30,1,8,800.0,revendeur
2310,2026-08-06,30,1,8,800.0,boutique
2311,2026-05-29,30,2,4,4200.0,boutique
2312,2026-05-30,30,2,3,4200.0,en_ligne
2313,2026-05-31,30,2,4,4200.0,revendeur
2314,2026-06-01,30,2,3,4200.0,boutique
2315,2026-06-02,30,2,4,4200.0,boutique
2316,2026-06-03,30,2,5,4200.0,boutique
2317,2026-06-04,30,2,5,4200.0,boutique
2318,2026-06-05,30,2,4,4200.0,en_ligne
2319,2026-06-06,30,2,3,4200.0,en_ligne
2320,2026-06-07,30,2,5,4200.0,boutique
2321,2026-06-08,30,2,3,4200.0,boutique
2322,2026-06-09,30,2,3,4200.0,en_ligne
2323,2026-06-10,30,2,3,4200.0,boutique
2324,2026-06-11,30,2,4,4200.0,boutique
2325,2026-06-12,30,2,5,4200.0,boutique
2326,2026-06-13,30,2,5,4200.0,boutique
2327,2026-06-14,30,2,4,4200.0,boutique
2328,2026-06-15,30,2,3,4200.0,boutique
2329,2026-06-16,30,2,3,4200.0,boutique
2330,2026-06-17,30,2,4,4200.0,boutique
2331,2026-06-18,30,2,4,4200.0,boutique
2332,2026-06-19,30,2,4,4200.0,boutique
2333,2026-06-20,30,2,4,4200.0,boutique
2334,2026-06-21,30,2,4,4200.0,en_ligne
2335,2026-06-22,30,2,4,4200.0,boutique
2336,2026-06-23,30,2,4,4200.0,boutique
2337,2026-06-24,30,2,4,4200.0,boutique
2338,2026-06-25,30,2,4,4200.0,boutique
2339,2026-06-26,30,2,4,4200.0,en_ligne
2340,2026-06-27,30,2,4,4200.0,boutique
2341,2026-06-28,30,2,4,4200.0,boutique
2342,2026-06-29,30,2,4,4200.0,boutique
2343,2026-06-30,30,2,4,4200.0,boutique
2344,2026-07-01,30,2,5,4200.0,boutique
2345,2026-07-02,30,2,3,4200.0,boutique
2346,2026-07-03,30,2,6,4200.0,revendeur
2347,2026-07-04,30,2,4,4200.0,boutique
2348,2026-07-05,30,2,4,4200.0,en_ligne
2349,2026-07-06,30,2,4,4200.0,en_ligne
2350,2026-07-07,30,2,5,4200.0,en_ligne
2351,2026-07-08,30,2,4,4200.0,revendeur
2352,2026-07-09,30,2,4,4200.0,revendeur
2353,2026-07-10,30,2,5,4200.0,boutique
2354,2026-07-11,30,2,3,4200.0,boutique
2355,2026-07-12,30,2,5,4200.0,boutique
2356,2026-07-13,30,2,5,4200.0,boutique
2357,2026-07-14,30,2,3,4200.0,boutique
2358,2026-07-15,30,2,4,4200.0,boutique
2359,2026-07-16,30,2,3,4200.0,boutique
2360,2026-07-17,30,2,4,4200.0,boutique
2361,2026-07-18,30,2,5,4200.0,boutique
2362,2026-07-19,30,2,4,4200.0,boutique
2363,2026-07-20,30,2,4,4200.0,en_ligne
2364,2026-07-21,30,2,5,4200.0,boutique
2365,2026-07-22,30,2,5,4200.0,boutique
2366,2026-07-23,30,2,4,4200.0,boutique
2367,2026-07-24,30,2,4,4200.0,boutique
2368,2026-07-25,30,2,6,4200.0,en_ligne
2369,2026-07-26,30,2,6,4200.0,boutique
2370,2026-07-27,30,2,4,4200.0,boutique
2371,2026-07-28,30,2,2,4200.0,boutique
2372,2026-07-29,30,2,5,4200.0,boutique
2373,2026-07-30,30,2,5,4200.0,boutique
2374,2026-07-31,30,2,3,4200.0,boutique
2375,2026-08-01,30,2,2,4200.0,boutique
2376,2026-08-02,30,2,4,4200.0,boutique
2377,2026-08-03,30,2,3,4200.0,boutique
2378,2026-08-04,30,2,4,4200.0,boutique
2379,2026-08-05,30,2,4,4200.0,boutique
2380,2026-08-06,30,2,5,4200.0,boutique
2381,2026-05-29,30,3,6,650.0,en_ligne
2382,2026-05-30,30,3,5,650.0,boutique
2383,2026-05-31,30,3,7,650.0,en_ligne
2384,2026-06-01,30,3,4,650.0,boutique
2385,2026-06-02,30,3,4,650.0,boutique
2386,2026-06-03,30,3,5,650.0,en_ligne
2387,2026-06-04,30,3,5,650.0,boutique
2388,2026-06-05,30,3,5,650.0,revendeur
2389,2026-06-06,30,3,4,650.0,boutique
2390,2026-06-07,30,3,4,650.0,boutique
2391,2026-06-08,30,3,7,650.0,revendeur
2392,2026-06-09,30,3,7,650.0,boutique
2393,2026-06-10,30,3,4,650.0,boutique
2394,2026-06-11,30,3,5,650.0,boutique
2395,2026-06-12,30,3,6,650.0,boutique
2396,2026-06-13,30,3,3,650.0,boutique
2397,2026-06-14,30,3,4,650.0,revendeur
2398,2026-06-15,30,3,5,650.0,revendeur
2399,2026-06-16,30,3,6,650.0,revendeur
2400,2026-06-17,30,3,7,650.0,boutique
2401,2026-06-18,30,3,3,650.0,boutique
2402,2026-06-19,30,3,4,650.0,boutique
2403,2026-06-20,30,3,6,650.0,en_ligne
2404,2026-06-21,30,3,4,650.0,en_ligne
2405,2026-06-22,30,3,4,650.0,boutique
2406,2026-06-23,30,3,6,650.0,revendeur
2407,2026-06-24,30,3,7,650.0,boutique
2408,2026-06-25,30,3,4,650.0,en_ligne
2409,2026-06-26,30,3,6,650.0,en_ligne
2410,2026-06-27,30,3,5,650.0,boutique
2411,2026-06-28,30,3,5,650.0,boutique
2412,2026-06-29,30,3,6,650.0,boutique
2413,2026-06-30,30,3,5,650.0,boutique
2414,2026-07-01,30,3,4,650.0,boutique
2415,2026-07-02,30,3,4,650.0,boutique
2416,2026-07-03,30,3,5,650.0,boutique
2417,2026-07-04,30,3,6,650.0,boutique
2418,2026-07-05,30,3,4,650.0,boutique
2419,2026-07-06,30,3,7,650.0,boutique
2420,2026-07-07,30,3,5,650.0,boutique
2421,2026-07-08,30,3,4,650.0,revendeur
2422,2026-07-09,30,3,6,650.0,en_ligne
2423,2026-07-10,30,3,7,650.0,revendeur
2424,2026-07-11,30,3,6,650.0,en_ligne
2425,2026-07-12,30,3,4,650.0,boutique
2426,2026-07-13,30,3,5,650.0,boutique
2427,2026-07-14,30,3,5,650.0,boutique
2428,2026-07-15,30,3,5,650.0,boutique
2429,2026-07-16,30,3,4,650.0,boutique
2430,2026-07-17,30,3,6,650.0,boutique
2431,2026-07-18,30,3,3,650.0,en_ligne
2432,2026-07-19,30,3,5,650.0,boutique
2433,2026-07-20,30,3,3,650.0,boutique
2434,2026-07-21,30,3,6,650.0,revendeur
2435,2026-07-22,30,3,4,650.0,boutique
2436,2026-07-23,30,3,5,650.0,boutique
2437,2026-07-24,30,3,4,650.0,boutique
2438,2026-07-25,30,3,5,650.0,boutique
2439,2026-07-26,30,3,4,650.0,en_ligne
2440,2026-07-27,30,3,6,650.0,boutique
2441,2026-07-28,30,3,4,650.0,boutique
2442,2026-07-29,30,3,6,650.0,boutique
2443,2026-07-30,30,3,6,650.0,boutique
2444,2026-07-31,30,3,6,650.0,boutique
2445,2026-08-01,30,3,6,650.0,revendeur
2446,2026-08-02,30,3,6,650.0,boutique
2447,2026-08-03,30,3,6,650.0,boutique
2448,2026-08-04,30,3,6,650.0,boutique
2449,2026-08-05,30,3,4,650.0,boutique
2450,2026-08-06,30,3,4,650.0,boutique
2451,2026-05-29,30,4,15,400.0,revendeur
2452,2026-05-30,30,4,26,400.0,en_ligne
2453,2026-05-31,30,4,20,400.0,boutique
2454,2026-06-01,30,4,13,400.0,boutique
2455,2026-06-02,30,4,13,400.0,boutique
2456,2026-06-03,30,4,18,400.0,en_ligne
2457,2026-06-04,30,4,8,400.0,boutique
2458,2026-06-05,30,4,14,400.0,boutique
2459,2026-06-06,30,4,21,400.0,boutique
2460,2026-06-07,30,4,11,400.0,boutique
2461,2026-06-08,30,4,19,400.0,boutique
2462,2026-06-09,30,4,20,400.0,boutique
2463,2026-06-10,30,4,13,400.0,en_ligne
2464,2026-06-11,30,4,16,400.0,boutique
2465,2026-06-12,30,4,14,400.0,boutique
2466,2026-06-13,30,4,19,400.0,boutique
2467,2026-06-14,30,4,18,400.0,boutique
2468,2026-06-15,30,4,13,400.0,en_ligne
2469,2026-06-16,30,4,15,400.0,en_ligne
2470,2026-06-17,30,4,15,400.0,boutique
2471,2026-06-18,30,4,12,400.0,boutique
2472,2026-06-19,30,4,13,400.0,boutique
2473,2026-06-20,30,4,18,400.0,boutique
2474,2026-06-21,30,4,18,400.0,boutique
2475,2026-06-22,30,4,10,400.0,boutique
2476,2026-06-23,30,4,13,400.0,boutique
2477,2026-06-24,30,4,15,400.0,en_ligne
2478,2026-06-25,30,4,14,400.0,boutique
2479,2026-06-26,30,4,16,400.0,revendeur
2480,2026-06-27,30,4,17,400.0,boutique
2481,2026-06-28,30,4,18,400.0,boutique
2482,2026-06-29,30,4,16,400.0,boutique
2483,2026-06-30,30,4,14,400.0,en_ligne
2484,2026-07-01,30,4,11,400.0,boutique
2485,2026-07-02,30,4,11,400.0,revendeur
2486,2026-07-03,30,4,16,400.0,boutique
2487,2026-07-04,30,4,19,400.0,boutique
2488,2026-07-05,30,4,24,400.0,boutique
2489,2026-07-06,30,4,12,400.0,boutique
2490,2026-07-07,30,4,17,400.0,boutique
2491,2026-07-08,30,4,14,400.0,boutique
2492,2026-07-09,30,4,13,400.0,boutique
2493,2026-07-10,30,4,14,400.0,boutique
2494,2026-07-11,30,4,15,400.0,boutique
2495,2026-07-12,30,4,12,400.0,boutique
2496,2026-07-13,30,4,9,400.0,boutique
2497,2026-07-14,30,4,23,400.0,boutique
2498,2026-07-15,30,4,11,400.0,boutique
2499,2026-07-16,30,4,14,400.0,revendeur
2500,2026-07-17,30,4,18,400.0,boutique
2501,2026-07-18,30,4,24,400.0,boutique
2502,2026-07-19,30,4,24,400.0,boutique
2503,2026-07-20,30,4,13,400.0,boutique
2504,2026-07-21,30,4,15,400.0,boutique
2505,2026-07-22,30,4,15,400.0,boutique
2506,2026-07-23,30,4,15,400.0,boutique
2507,2026-07-24,30,4,19,400.0,en_ligne
2508,2026-07-25,30,4,26,400.0,revendeur
2509,2026-07-26,30,4,17,400.0,boutique
2510,2026-07-27,30,4,16,400.0,boutique
2511,2026-07-28,30,4,17,400.0,boutique
2512,2026-07-29,30,4,15,400.0,en_ligne
2513,2026-07-30,30,4,14,400.0,boutique
2514,2026-07-31,30,4,18,400.0,boutique
2515,2026-08-01,30,4,19,400.0,boutique
2516,2026-08-02,30,4,17,400.0,boutique
2517,2026-08-03,30,4,17,400.0,boutique
2518,2026-08-04,30,4,15,400.0,boutique
2519,2026-08-05,30,4,12,400.0,en_ligne
2520,2026-08-06,30,4,9,400.0,boutique
2521,2026-05-29,30,5,4,900.0,en_ligne
2522,2026-05-30,30,5,8,900.0,boutique
2523,2026-05-31,30,5,7,900.0,boutique
2524,2026-06-01,30,5,8,900.0,boutique
2525,2026-06-02,30,5,7,900.0,boutique
2526,2026-06-03,30,5,5,900.0,boutique
2527,2026-06-04,30,5,5,900.0,boutique
2528,2026-06-05,30,5,6,900.0,en_ligne
2529,2026-06-06,30,5,9,900.0,revendeur
2530,2026-06-07,30,5,7,900.0,boutique
2531,2026-06-08,30,5,9,900.0,boutique
2532,2026-06-09,30,5,7,900.0,en_ligne
2533,2026-06-10,30,5,5,900.0,boutique
2534,2026-06-11,30,5,5,900.0,en_ligne
2535,2026-06-12,30,5,6,900.0,boutique
2536,2026-06-13,30,5,6,900.0,boutique
2537,2026-06-14,30,5,6,900.0,boutique
2538,2026-06-15,30,5,7,900.0,boutique
2539,2026-06-16,30,5,7,900.0,boutique
2540,2026-06-17,30,5,6,900.0,boutique
2541,2026-06-18,30,5,6,900.0,revendeur
2542,2026-06-19,30,5,4,900.0,boutique
2543,2026-06-20,30,5,10,900.0,boutique
2544,2026-06-21,30,5,8,900.0,boutique
2545,2026-06-22,30,5,8,900.0,boutique
2546,2026-06-23,30,5,5,900.0,en_ligne
2547,2026-06-24,30,5,8,900.0,en_ligne
2548,2026-06-25,30,5,8,900.0,revendeur
2549,2026-06-26,30,5,6,900.0,boutique
2550,2026-06-27,30,5,7,900.0,boutique
2551,2026-06-28,30,5,8,900.0,boutique
2552,2026-06-29,30,5,5,900.0,revendeur
2553,2026-06-30,30,5,5,900.0,boutique
2554,2026-07-01,30,5,5,900.0,boutique
2555,2026-07-02,30,5,7,900.0,boutique
2556,2026-07-03,30,5,6,900.0,boutique
2557,2026-07-04,30,5,7,900.0,en_ligne
2558,2026-07-05,30,5,7,900.0,boutique
2559,2026-07-06,30,5,6,900.0,boutique
2560,2026-07-07,30,5,7,900.0,boutique
2561,2026-07-08,30,5,7,900.0,boutique
2562,2026-07-09,30,5,6,900.0,boutique
2563,2026-07-10,30,5,5,900.0,boutique
2564,2026-07-11,30,5,7,900.0,boutique
2565,2026-07-12,30,5,8,900.0,boutique
2566,2026-07-13,30,5,7,900.0,boutique
2567,2026-07-14,30,5,6,900.0,boutique
2568,2026-07-15,30,5,6,900.0,boutique
2569,2026-07-16,30,5,5,900.0,boutique
2570,2026-07-17,30,5,6,900.0,boutique
2571,2026-07-18,30,5,9,900.0,boutique
2572,2026-07-19,30,5,8,900.0,boutique
2573,2026-07-20,30,5,5,900.0,en_ligne
2574,2026-07-21,30,5,5,900.0,boutique
2575,2026-07-22,30,5,5,900.0,en_ligne
2576,2026-07-23,30,5,5,900.0,boutique
2577,2026-07-24,30,5,5,900.0,revendeur
2578,2026-07-25,30,5,6,900.0,en_ligne
2579,2026-07-26,30,5,7,900.0,en_ligne
2580,2026-07-27,30,5,6,900.0,revendeur
2581,2026-07-28,30,5,5,900.0,boutique
2582,2026-07-29,30,5,6,900.0,boutique
2583,2026-07-30,30,5,5,900.0,boutique
2584,2026-07-31,30,5,6,900.0,en_ligne
2585,2026-08-01,30,5,5,900.0,boutique
2586,2026-08-02,30,5,6,900.0,boutique
2587,2026-08-03,30,5,5,900.0,en_ligne
2588,2026-08-04,30,5,4,900.0,boutique
2589,2026-08-05,30,5,7,900.0,boutique
2590,2026-08-06,30,5,6,900.0,boutique
2591,2026-05-29,30,6,12,350.0,boutique
2592,2026-05-30,30,6,18,350.0,boutique
2593,2026-05-31,30,6,17,350.0,en_ligne
2594,2026-06-01,30,6,12,350.0,boutique
2595,2026-06-02,30,6,8,350.0,boutique
2596,2026-06-03,30,6,7,350.0,boutique
2597,2026-06-04,30,6,8,350.0,boutique
2598,2026-06-05,30,6,11,350.0,revendeur
2599,2026-06-06,30,6,12,350.0,en_ligne
2600,2026-06-07,30,6,15,350.0,boutique
2601,2026-06-08,30,6,10,350.0,en_ligne
2602,2026-06-09,30,6,8,350.0,boutique
2603,2026-06-10,30,6,10,350.0,boutique
2604,2026-06-11,30,6,13,350.0,revendeur
2605,2026-06-12,30,6,8,350.0,boutique
2606,2026-06-13,30,6,12,350.0,boutique
2607,2026-06-14,30,6,9,350.0,boutique
2608,2026-06-15,30,6,9,350.0,revendeur
2609,2026-06-16,30,6,11,350.0,en_ligne
2610,2026-06-17,30,6,10,350.0,en_ligne
2611,2026-06-18,30,6,8,350.0,boutique
2612,2026-06-19,30,6,12,350.0,boutique
2613,2026-06-20,30,6,16,350.0,revendeur
2614,2026-06-21,30,6,8,350.0,boutique
2615,2026-06-22,30,6,11,350.0,boutique
2616,2026-06-23,30,6,10,350.0,boutique
2617,2026-06-24,30,6,8,350.0,boutique
2618,2026-06-25,30,6,12,350.0,boutique
2619,2026-06-26,30,6,9,350.0,revendeur
2620,2026-06-27,30,6,17,350.0,boutique
2621,2026-06-28,30,6,16,350.0,revendeur
2622,2026-06-29,30,6,9,350.0,boutique
2623,2026-06-30,30,6,10,350.0,revendeur
2624,2026-07-01,30,6,10,350.0,boutique
2625,2026-07-02,30,6,11,350.0,boutique
2626,2026-07-03,30,6,11,350.0,boutique
2627,2026-07-04,30,6,17,350.0,en_ligne
2628,2026-07-05,30,6,15,350.0,boutique
2629,2026-07-06,30,6,13,350.0,boutique
2630,2026-07-07,30,6,7,350.0,boutique
2631,2026-07-08,30,6,9,350.0,boutique
2632,2026-07-09,30,6,11,350.0,boutique
2633,2026-07-10,30,6,7,350.0,boutique
2634,2026-07-11,30,6,12,350.0,boutique
2635,2026-07-12,30,6,9,350.0,en_ligne
2636,2026-07-13,30,6,13,350.0,boutique
2637,2026-07-14,30,6,13,350.0,boutique
2638,2026-07-15,30,6,10,350.0,boutique
2639,2026-07-16,30,6,13,350.0,boutique
2640,2026-07-17,30,6,10,350.0,boutique
2641,2026-07-18,30,6,15,350.0,boutique
2642,2026-07-19,30,6,13,350.0,boutique
2643,2026-07-20,30,6,7,350.0,boutique
2644,2026-07-21,30,6,11,350.0,boutique
2645,2026-07-22,30,6,11,350.0,boutique
2646,2026-07-23,30,6,12,350.0,boutique
2647,2026-07-24,30,6,9,350.0,boutique
2648,2026-07-25,30,6,15,350.0,boutique
2649,2026-07-26,30,6,15,350.0,boutique
2650,2026-07-27,30,6,9,350.0,boutique
2651,2026-07-28,30,6,8,350.0,revendeur
2652,2026-07-29,30,6,9,350.0,boutique
2653,2026-07-30,30,6,10,350.0,boutique
2654,2026-07-31,30,6,9,350.0,boutique
2655,2026-08-01,30,6,16,350.0,revendeur
2656,2026-08-02,30,6,17,350.0,revendeur
2657,2026-08-03,30,6,10,350.0,boutique
2658,2026-08-04,30,6,8,350.0,en_ligne
2659,2026-08-05,30,6,12,350.0,boutique
2660,2026-08-06,30,6,11,350.0,revendeur
2661,2026-05-29,30,7,10,700.0,en_ligne
2662,2026-05-30,30,7,9,700.0,boutique
2663,2026-05-31,30,7,9,700.0,en_ligne
2664,2026-06-01,30,7,8,700.0,boutique
2665,2026-06-02,30,7,6,700.0,boutique
2666,2026-06-03,30,7,8,700.0,boutique
2667,2026-06-04,30,7,11,700.0,boutique
2668,2026-06-05,30,7,7,700.0,boutique
2669,2026-06-06,30,7,10,700.0,boutique
2670,2026-06-07,30,7,7,700.0,boutique
2671,2026-06-08,30,7,10,700.0,boutique
2672,2026-06-09,30,7,9,700.0,boutique
2673,2026-06-10,30,7,11,700.0,boutique
2674,2026-06-11,30,7,8,700.0,boutique
2675,2026-06-12,30,7,10,700.0,en_ligne
2676,2026-06-13,30,7,9,700.0,boutique
2677,2026-06-14,30,7,9,700.0,en_ligne
2678,2026-06-15,30,7,9,700.0,boutique
2679,2026-06-16,30,7,9,700.0,boutique
2680,2026-06-17,30,7,9,700.0,boutique
2681,2026-06-18,30,7,5,700.0,boutique
2682,2026-06-19,30,7,9,700.0,boutique
2683,2026-06-20,30,7,5,700.0,en_ligne
2684,2026-06-21,30,7,8,700.0,boutique
2685,2026-06-22,30,7,9,700.0,revendeur
2686,2026-06-23,30,7,8,700.0,boutique
2687,2026-06-24,30,7,3,700.0,en_ligne
2688,2026-06-25,30,7,8,700.0,boutique
2689,2026-06-26,30,7,6,700.0,boutique
2690,2026-06-27,30,7,9,700.0,boutique
2691,2026-06-28,30,7,7,700.0,en_ligne
2692,2026-06-29,30,7,10,700.0,boutique
2693,2026-06-30,30,7,9,700.0,boutique
2694,2026-07-01,30,7,9,700.0,boutique
2695,2026-07-02,30,7,8,700.0,boutique
2696,2026-07-03,30,7,6,700.0,boutique
2697,2026-07-04,30,7,7,700.0,en_ligne
2698,2026-07-05,30,7,8,700.0,boutique
2699,2026-07-06,30,7,10,700.0,boutique
2700,2026-07-07,30,7,7,700.0,revendeur
2701,2026-07-08,30,7,8,700.0,revendeur
2702,2026-07-09,30,7,8,700.0,boutique
2703,2026-07-10,30,7,10,700.0,revendeur
2704,2026-07-11,30,7,8,700.0,en_ligne
2705,2026-07-12,30,7,7,700.0,boutique
2706,2026-07-13,30,7,9,700.0,boutique
2707,2026-07-14,30,7,6,700.0,boutique
2708,2026-07-15,30,7,10,700.0,boutique
2709,2026-07-16,30,7,7,700.0,boutique
2710,2026-07-17,30,7,7,700.0,boutique
2711,2026-07-18,30,7,9,700.0,boutique
2712,2026-07-19,30,7,10,700.0,en_ligne
2713,2026-07-20,30,7,9,700.0,boutique
2714,2026-07-21,30,7,8,700.0,boutique
2715,2026-07-22,30,7,8,700.0,boutique
2716,2026-07-23,30,7,9,700.0,boutique
2717,2026-07-24,30,7,11,700.0,boutique
2718,2026-07-25,30,7,10,700.0,en_ligne
2719,2026-07-26,30,7,10,700.0,boutique
2720,2026-07-27,30,7,7,700.0,boutique
2721,2026-07-28,30,7,9,700.0,boutique
2722,2026-07-29,30,7,7,700.0,en_ligne
2723,2026-07-30,30,7,4,700.0,en_ligne
2724,2026-07-31,30,7,6,700.0,boutique
2725,2026-08-01,30,7,8,700.0,revendeur
2726,2026-08-02,30,7,10,700.0,boutique
2727,2026-08-03,30,7,9,700.0,boutique
2728,2026-08-04,30,7,7,700.0,revendeur
2729,2026-08-05,30,7,8,700.0,boutique
2730,2026-08-06,30,7,7,700.0,boutique
2731,2026-05-29,30,8,5,850.0,boutique
2732,2026-05-30,30,8,4,850.0,boutique
2733,2026-05-31,30,8,6,850.0,boutique
2734,2026-06-01,30,8,5,850.0,boutique
2735,2026-06-02,30,8,6,850.0,boutique
2736,2026-06-03,30,8,4,850.0,boutique
2737,2026-06-04,30,8,6,850.0,boutique
2738,2026-06-05,30,8,6,850.0,boutique
2739,2026-06-06,30,8,6,850.0,boutique
2740,2026-06-07,30,8,4,850.0,boutique
2741,2026-06-08,30,8,4,850.0,boutique
2742,2026-06-09,30,8,5,850.0,en_ligne
2743,2026-06-10,30,8,6,850.0,revendeur
2744,2026-06-11,30,8,6,850.0,boutique
2745,2026-06-12,30,8,5,850.0,revendeur
2746,2026-06-13,30,8,7,850.0,boutique
2747,2026-06-14,30,8,3,850.0,boutique
2748,2026-06-15,30,8,5,850.0,boutique
2749,2026-06-16,30,8,6,850.0,en_ligne
2750,2026-06-17,30,8,4,850.0,boutique
2751,2026-06-18,30,8,7,850.0,en_ligne
2752,2026-06-19,30,8,5,850.0,boutique
2753,2026-06-20,30,8,3,850.0,boutique
2754,2026-06-21,30,8,4,850.0,boutique
2755,2026-06-22,30,8,4,850.0,revendeur
2756,2026-06-23,30,8,6,850.0,boutique
2757,2026-06-24,30,8,3,850.0,boutique
2758,2026-06-25,30,8,4,850.0,boutique
2759,2026-06-26,30,8,5,850.0,boutique
2760,2026-06-27,30,8,4,850.0,boutique
2761,2026-06-28,30,8,5,850.0,boutique
2762,2026-06-29,30,8,5,850.0,en_ligne
2763,2026-06-30,30,8,4,850.0,boutique
2764,2026-07-01,30,8,4,850.0,boutique
2765,2026-07-02,30,8,5,850.0,boutique
2766,2026-07-03,30,8,4,850.0,boutique
2767,2026-07-04,30,8,4,850.0,boutique
2768,2026-07-05,30,8,4,850.0,boutique
2769,2026-07-06,30,8,5,850.0,en_ligne
2770,2026-07-07,30,8,6,850.0,boutique
2771,2026-07-08,30,8,5,850.0,boutique
2772,2026-07-09,30,8,5,850.0,en_ligne
2773,2026-07-10,30,8,5,850.0,en_ligne
2774,2026-07-11,30,8,5,850.0,boutique
2775,2026-07-12,30,8,4,850.0,en_ligne
2776,2026-07-13,30,8,5,850.0,boutique
2777,2026-07-14,30,8,3,850.0,boutique
2778,2026-07-15,30,8,4,850.0,boutique
2779,2026-07-16,30,8,4,850.0,revendeur
2780,2026-07-17,30,8,4,850.0,boutique
2781,2026-07-18,30,8,5,850.0,boutique
2782,2026-07-19,30,8,4,850.0,boutique
2783,2026-07-20,30,8,4,850.0,boutique
2784,2026-07-21,30,8,7,850.0,boutique
2785,2026-07-22,30,8,3,850.0,boutique
2786,2026-07-23,30,8,4,850.0,boutique
2787,2026-07-24,30,8,5,850.0,en_ligne
2788,2026-07-25,30,8,4,850.0,boutique
2789,2026-07-26,30,8,6,850.0,boutique
2790,2026-07-27,30,8,2,850.0,boutique
2791,2026-07-28,30,8,6,850.0,boutique
2792,2026-07-29,30,8,5,850.0,en_ligne
2793,2026-07-30,30,8,5,850.0,boutique
2794,2026-07-31,30,8,3,850.0,boutique
2795,2026-08-01,30,8,5,850.0,boutique
2796,2026-08-02,30,8,5,850.0,boutique
2797,2026-08-03,30,8,4,850.0,revendeur
2798,2026-08-04,30,8,5,850.0,boutique
2799,2026-08-05,30,8,7,850.0,boutique
2800,2026-08-06,30,8,6,850.0,en_ligne
2801,2026-05-29,30,9,4,1200.0,boutique
2802,2026-05-30,30,9,3,1200.0,boutique
2803,2026-05-31,30,9,4,1200.0,en_ligne
2804,2026-06-01,30,9,3,1200.0,boutique
2805,2026-06-02,30,9,3,1200.0,boutique
2806,2026-06-03,30,9,2,1200.0,boutique
2807,2026-06-04,30,9,3,1200.0,boutique
2808,2026-06-05,30,9,2,1200.0,revendeur
2809,2026-06-06,30,9,3,1200.0,boutique
2810,2026-06-07,30,9,3,1200.0,boutique
2811,2026-06-08,30,9,4,1200.0,en_ligne
2812,2026-06-09,30,9,3,1200.0,boutique
2813,2026-06-10,30,9,3,1200.0,boutique
2814,2026-06-11,30,9,3,1200.0,boutique
2815,2026-06-12,30,9,3,1200.0,en_ligne
2816,2026-06-13,30,9,3,1200.0,boutique
2817,2026-06-14,30,9,3,1200.0,boutique
2818,2026-06-15,30,9,4,1200.0,boutique
2819,2026-06-16,30,9,3,1200.0,boutique
2820,2026-06-17,30,9,4,1200.0,revendeur
2821,2026-06-18,30,9,3,1200.0,boutique
2822,2026-06-19,30,9,3,1200.0,boutique
2823,2026-06-20,30,9,3,1200.0,boutique
2824,2026-06-21,30,9,3,1200.0,boutique
2825,2026-06-22,30,9,3,1200.0,boutique
2826,2026-06-23,30,9,2,1200.0,boutique
2827,2026-06-24,30,9,3,1200.0,en_ligne
2828,2026-06-25,30,9,3,1200.0,boutique
2829,2026-06-26,30,9,4,1200.0,boutique
2830,2026-06-27,30,9,4,1200.0,boutique
2831,2026-06-28,30,9,3,1200.0,boutique
2832,2026-06-29,30,9,3,1200.0,boutique
2833,2026-06-30,30,9,3,1200.0,boutique
2834,2026-07-01,30,9,2,1200.0,boutique
2835,2026-07-02,30,9,3,1200.0,boutique
2836,2026-07-03,30,9,3,1200.0,boutique
2837,2026-07-04,30,9,2,1200.0,boutique
2838,2026-07-05,30,9,3,1200.0,revendeur
2839,2026-07-06,30,9,2,1200.0,boutique
2840,2026-07-07,30,9,3,1200.0,boutique
2841,2026-07-08,30,9,2,1200.0,boutique
2842,2026-07-09,30,9,2,1200.0,boutique
2843,2026-07-10,30,9,3,1200.0,boutique
2844,2026-07-11,30,9,3,1200.0,en_ligne
2845,2026-07-12,30,9,3,1200.0,boutique
2846,2026-07-13,30,9,3,1200.0,en_ligne
2847,2026-07-14,30,9,2,1200.0,boutique
2848,2026-07-15,30,9,2,1200.0,boutique
2849,2026-07-16,30,9,4,1200.0,en_ligne
2850,2026-07-17,30,9,4,1200.0,boutique
2851,2026-07-18,30,9,3,1200.0,revendeur
2852,2026-07-19,30,9,2,1200.0,boutique
2853,2026-07-20,30,9,3,1200.0,boutique
2854,2026-07-21,30,9,3,1200.0,boutique
2855,2026-07-22,30,9,3,1200.0,boutique
2856,2026-07-23,30,9,4,1200.0,en_ligne
2857,2026-07-24,30,9,3,1200.0,boutique
2858,2026-07-25,30,9,3,1200.0,boutique
2859,2026-07-26,30,9,3,1200.0,boutique
2860,2026-07-27,30,9,3,1200.0,en_ligne
2861,2026-07-28,30,9,4,1200.0,boutique
2862,2026-07-29,30,9,3,1200.0,en_ligne
2863,2026-07-30,30,9,3,1200.0,boutique
2864,2026-07-31,30,9,2,1200.0,boutique
2865,2026-08-01,30,9,4,1200.0,revendeur
2866,2026-08-02,30,9,3,1200.0,boutique
2867,2026-08-03,30,9,3,1200.0,boutique
2868,2026-08-04,30,9,4,1200.0,boutique
2869,2026-08-05,30,9,3,1200.0,en_ligne
2870,2026-08-06,30,9,4,1200.0,boutique
2871,2026-05-29,30,10,5,1100.0,en_ligne
2872,2026-05-30,30,10,4,1100.0,en_ligne
2873,2026-05-31,30,10,3,1100.0,boutique
2874,2026-06-01,30,10,5,1100.0,boutique
2875,2026-06-02,30,10,3,1100.0,boutique
2876,2026-06-03,30,10,3,1100.0,en_ligne
2877,2026-06-04,30,10,4,1100.0,boutique
2878,2026-06-05,30,10,4,1100.0,boutique
2879,2026-06-06,30,10,5,1100.0,en_ligne
2880,2026-06-07,30,10,4,1100.0,en_ligne
2881,2026-06-08,30,10,5,1100.0,boutique
2882,2026-06-09,30,10,5,1100.0,boutique
2883,2026-06-10,30,10,5,1100.0,en_ligne
2884,2026-06-11,30,10,4,1100.0,boutique
2885,2026-06-12,30,10,3,1100.0,boutique
2886,2026-06-13,30,10,5,1100.0,boutique
2887,2026-06-14,30,10,4,1100.0,boutique
2888,2026-06-15,30,10,4,1100.0,boutique
2889,2026-06-16,30,10,5,1100.0,boutique
2890,2026-06-17,30,10,4,1100.0,boutique
2891,2026-06-18,30,10,5,1100.0,revendeur
2892,2026-06-19,30,10,4,1100.0,boutique
2893,2026-06-20,30,10,4,1100.0,boutique
2894,2026-06-21,30,10,3,1100.0,boutique
2895,2026-06-22,30,10,4,1100.0,boutique
2896,2026-06-23,30,10,3,1100.0,boutique
2897,2026-06-24,30,10,3,1100.0,boutique
2898,2026-06-25,30,10,4,1100.0,boutique
2899,2026-06-26,30,10,4,1100.0,boutique
2900,2026-06-27,30,10,3,1100.0,boutique
2901,2026-06-28,30,10,5,1100.0,en_ligne
2902,2026-06-29,30,10,2,1100.0,revendeur
2903,2026-06-30,30,10,6,1100.0,boutique
2904,2026-07-01,30,10,5,1100.0,boutique
2905,2026-07-02,30,10,5,1100.0,revendeur
2906,2026-07-03,30,10,4,1100.0,boutique
2907,2026-07-04,30,10,4,1100.0,boutique
2908,2026-07-05,30,10,5,1100.0,en_ligne
2909,2026-07-06,30,10,3,1100.0,boutique
2910,2026-07-07,30,10,4,1100.0,revendeur
2911,2026-07-08,30,10,4,1100.0,boutique
2912,2026-07-09,30,10,4,1100.0,boutique
2913,2026-07-10,30,10,4,1100.0,boutique
2914,2026-07-11,30,10,3,1100.0,en_ligne
2915,2026-07-12,30,10,4,1100.0,boutique
2916,2026-07-13,30,10,6,1100.0,boutique
2917,2026-07-14,30,10,3,1100.0,boutique
2918,2026-07-15,30,10,5,1100.0,boutique
2919,2026-07-16,30,10,3,1100.0,boutique
2920,2026-07-17,30,10,3,1100.0,boutique
2921,2026-07-18,30,10,5,1100.0,boutique
2922,2026-07-19,30,10,5,1100.0,boutique
2923,2026-07-20,30,10,2,1100.0,en_ligne
2924,2026-07-21,30,10,4,1100.0,boutique
2925,2026-07-22,30,10,3,1100.0,boutique
2926,2026-07-23,30,10,5,1100.0,revendeur
2927,2026-07-24,30,10,4,1100.0,revendeur
2928,2026-07-25,30,10,3,1100.0,en_ligne
2929,2026-07-26,30,10,4,1100.0,boutique
2930,2026-07-27,30,10,3,1100.0,boutique
2931,2026-07-28,30,10,5,1100.0,boutique
2932,2026-07-29,30,10,4,1100.0,boutique
2933,2026-07-30,30,10,4,1100.0,boutique
2934,2026-07-31,30,10,5,1100.0,boutique
2935,2026-08-01,30,10,4,1100.0,boutique
2936,2026-08-02,30,10,5,1100.0,boutique
2937,2026-08-03,30,10,3,1100.0,boutique
2938,2026-08-04,30,10,6,1100.0,boutique
2939,2026-08-05,30,10,5,1100.0,boutique
2940,2026-08-06,30,10,5,1100.0,boutique
2941,2026-05-29,30,11,6,500.0,boutique
2942,2026-05-30,30,11,3,500.0,boutique
2943,2026-05-31,30,11,5,500.0,revendeur
2944,2026-06-01,30,11,6,500.0,revendeur
2945,2026-06-02,30,11,5,500.0,boutique
2946,2026-06-03,30,11,6,500.0,revendeur
2947,2026-06-04,30,11,4,500.0,boutique
2948,2026-06-05,30,11,7,500.0,revendeur
2949,2026-06-06,30,11,7,500.0,boutique
2950,2026-06-07,30,11,7,500.0,boutique
2951,2026-06-08,30,11,7,500.0,boutique
2952,2026-06-09,30,11,5,500.0,boutique
2953,2026-06-10,30,11,5,500.0,boutique
2954,2026-06-11,30,11,5,500.0,revendeur
2955,2026-06-12,30,11,6,500.0,boutique
2956,2026-06-13,30,11,6,500.0,boutique
2957,2026-06-14,30,11,6,500.0,boutique
2958,2026-06-15,30,11,6,500.0,boutique
2959,2026-06-16,30,11,5,500.0,revendeur
2960,2026-06-17,30,11,7,500.0,revendeur
2961,2026-06-18,30,11,6,500.0,en_ligne
2962,2026-06-19,30,11,7,500.0,boutique
2963,2026-06-20,30,11,5,500.0,boutique
2964,2026-06-21,30,11,7,500.0,revendeur
2965,2026-06-22,30,11,6,500.0,boutique
2966,2026-06-23,30,11,6,500.0,boutique
2967,2026-06-24,30,11,8,500.0,boutique
2968,2026-06-25,30,11,6,500.0,en_ligne
2969,2026-06-26,30,11,7,500.0,en_ligne
2970,2026-06-27,30,11,6,500.0,boutique
2971,2026-06-28,30,11,6,500.0,boutique
2972,2026-06-29,30,11,6,500.0,boutique
2973,2026-06-30,30,11,8,500.0,boutique
2974,2026-07-01,30,11,3,500.0,revendeur
2975,2026-07-02,30,11,6,500.0,boutique
2976,2026-07-03,30,11,5,500.0,revendeur
2977,2026-07-04,30,11,5,500.0,boutique
2978,2026-07-05,30,11,7,500.0,en_ligne
2979,2026-07-06,30,11,7,500.0,boutique
2980,2026-07-07,30,11,7,500.0,boutique
2981,2026-07-08,30,11,8,500.0,en_ligne
2982,2026-07-09,30,11,7,500.0,boutique
2983,2026-07-10,30,11,5,500.0,boutique
2984,2026-07-11,30,11,6,500.0,boutique
2985,2026-07-12,30,11,6,500.0,en_ligne
2986,2026-07-13,30,11,9,500.0,boutique
2987,2026-07-14,30,11,5,500.0,boutique
2988,2026-07-15,30,11,4,500.0,boutique
2989,2026-07-16,30,11,6,500.0,boutique
2990,2026-07-17,30,11,5,500.0,boutique
2991,2026-07-18,30,11,6,500.0,boutique
2992,2026-07-19,30,11,6,500.0,boutique
2993,2026-07-20,30,11,4,500.0,boutique
2994,2026-07-21,30,11,5,500.0,boutique
2995,2026-07-22,30,11,6,500.0,boutique
2996,2026-07-23,30,11,5,500.0,boutique
2997,2026-07-24,30,11,6,500.0,boutique
2998,2026-07-25,30,11,5,500.0,boutique
2999,2026-07-26,30,11,6,500.0,boutique
3000,2026-07-27,30,11,6,500.0,boutique
3001,2026-07-28,30,11,4,500.0,boutique
3002,2026-07-29,30,11,7,500.0,boutique
3003,2026-07-30,30,11,3,500.0,boutique
3004,2026-07-31,30,11,5,500.0,en_ligne
3005,2026-08-01,30,11,6,500.0,en_ligne
3006,2026-08-02,30,11,6,500.0,boutique
3007,2026-08-03,30,11,8,500.0,boutique
3008,2026-08-04,30,11,4,500.0,boutique
3009,2026-08-05,30,11,5,500.0,boutique
3010,2026-08-06,30,11,4,500.0,boutique
3011,2026-05-29,30,12,5,600.0,boutique
3012,2026-05-30,30,12,5,600.0,boutique
3013,2026-05-31,30,12,4,600.0,revendeur
3014,2026-06-01,30,12,5,600.0,boutique
3015,2026-06-02,30,12,5,600.0,boutique
3016,2026-06-03,30,12,6,600.0,en_ligne
3017,2026-06-04,30,12,4,600.0,boutique
3018,2026-06-05,30,12,4,600.0,boutique
3019,2026-06-06,30,12,3,600.0,boutique
3020,2026-06-07,30,12,4,600.0,boutique
3021,2026-06-08,30,12,7,600.0,revendeur
3022,2026-06-09,30,12,6,600.0,boutique
3023,2026-06-10,30,12,5,600.0,en_ligne
3024,2026-06-11,30,12,6,600.0,en_ligne
3025,2026-06-12,30,12,4,600.0,boutique
3026,2026-06-13,30,12,4,600.0,boutique
3027,2026-06-14,30,12,7,600.0,boutique
3028,2026-06-15,30,12,5,600.0,en_ligne
3029,2026-06-16,30,12,5,600.0,boutique
3030,2026-06-17,30,12,6,600.0,boutique
3031,2026-06-18,30,12,6,600.0,en_ligne
3032,2026-06-19,30,12,6,600.0,boutique
3033,2026-06-20,30,12,5,600.0,boutique
3034,2026-06-21,30,12,3,600.0,boutique
3035,2026-06-22,30,12,5,600.0,boutique
3036,2026-06-23,30,12,4,600.0,boutique
3037,2026-06-24,30,12,5,600.0,boutique
3038,2026-06-25,30,12,5,600.0,en_ligne
3039,2026-06-26,30,12,5,600.0,boutique
3040,2026-06-27,30,12,3,600.0,revendeur
3041,2026-06-28,30,12,5,600.0,boutique
3042,2026-06-29,30,12,6,600.0,en_ligne
3043,2026-06-30,30,12,7,600.0,boutique
3044,2026-07-01,30,12,4,600.0,boutique
3045,2026-07-02,30,12,3,600.0,boutique
3046,2026-07-03,30,12,5,600.0,boutique
3047,2026-07-04,30,12,6,600.0,boutique
3048,2026-07-05,30,12,6,600.0,boutique
3049,2026-07-06,30,12,5,600.0,revendeur
3050,2026-07-07,30,12,6,600.0,boutique
3051,2026-07-08,30,12,5,600.0,boutique
3052,2026-07-09,30,12,5,600.0,boutique
3053,2026-07-10,30,12,5,600.0,boutique
3054,2026-07-11,30,12,4,600.0,boutique
3055,2026-07-12,30,12,6,600.0,boutique
3056,2026-07-13,30,12,5,600.0,boutique
3057,2026-07-14,30,12,5,600.0,boutique
3058,2026-07-15,30,12,6,600.0,revendeur
3059,2026-07-16,30,12,5,600.0,boutique
3060,2026-07-17,30,12,5,600.0,en_ligne
3061,2026-07-18,30,12,5,600.0,boutique
3062,2026-07-19,30,12,4,600.0,boutique
3063,2026-07-20,30,12,6,600.0,boutique
3064,2026-07-21,30,12,6,600.0,boutique
3065,2026-07-22,30,12,6,600.0,boutique
3066,2026-07-23,30,12,5,600.0,boutique
3067,2026-07-24,30,12,5,600.0,boutique
3068,2026-07-25,30,12,4,600.0,en_ligne
3069,2026-07-26,30,12,4,600.0,boutique
3070,2026-07-27,30,12,5,600.0,revendeur
3071,2026-07-28,30,12,5,600.0,boutique
3072,2026-07-29,30,12,5,600.0,boutique
3073,2026-07-30,30,12,5,600.0,boutique
3074,2026-07-31,30,12,5,600.0,boutique
3075,2026-08-01,30,12,7,600.0,revendeur
3076,2026-08-02,30,12,6,600.0,boutique
3077,2026-08-03,30,12,6,600.0,boutique
3078,2026-08-04,30,12,5,600.0,revendeur
3079,2026-08-05,30,12,6,600.0,boutique
3080,2026-08-06,30,12,6,600.0,boutique
3081,2026-05-29,30,13,3,1500.0,boutique
3082,2026-05-30,30,13,2,1500.0,en_ligne
3083,2026-05-31,30,13,3,1500.0,boutique
3084,2026-06-01,30,13,3,1500.0,boutique
3085,2026-06-02,30,13,2,1500.0,boutique
3086,2026-06-03,30,13,3,1500.0,en_ligne
3087,2026-06-04,30,13,3,1500.0,boutique
3088,2026-06-05,30,13,3,1500.0,boutique
3089,2026-06-06,30,13,3,1500.0,boutique
3090,2026-06-07,30,13,3,1500.0,boutique
3091,2026-06-08,30,13,2,1500.0,boutique
3092,2026-06-09,30,13,2,1500.0,boutique
3093,2026-06-10,30,13,3,1500.0,boutique
3094,2026-06-11,30,13,4,1500.0,boutique
3095,2026-06-12,30,13,3,1500.0,en_ligne
3096,2026-06-13,30,13,2,1500.0,boutique
3097,2026-06-14,30,13,3,1500.0,boutique
3098,2026-06-15,30,13,2,1500.0,boutique
3099,2026-06-16,30,13,3,1500.0,revendeur
3100,2026-06-17,30,13,2,1500.0,boutique
3101,2026-06-18,30,13,2,1500.0,boutique
3102,2026-06-19,30,13,4,1500.0,boutique
3103,2026-06-20,30,13,3,1500.0,boutique
3104,2026-06-21,30,13,3,1500.0,boutique
3105,2026-06-22,30,13,3,1500.0,boutique
3106,2026-06-23,30,13,3,1500.0,boutique
3107,2026-06-24,30,13,4,1500.0,boutique
3108,2026-06-25,30,13,4,1500.0,boutique
3109,2026-06-26,30,13,3,1500.0,boutique
3110,2026-06-27,30,13,2,1500.0,boutique
3111,2026-06-28,30,13,2,1500.0,boutique
3112,2026-06-29,30,13,3,1500.0,boutique
3113,2026-06-30,30,13,1,1500.0,boutique
3114,2026-07-01,30,13,3,1500.0,boutique
3115,2026-07-02,30,13,4,1500.0,boutique
3116,2026-07-03,30,13,3,1500.0,boutique
3117,2026-07-04,30,13,3,1500.0,boutique
3118,2026-07-05,30,13,3,1500.0,boutique
3119,2026-07-06,30,13,3,1500.0,boutique
3120,2026-07-07,30,13,3,1500.0,boutique
3121,2026-07-08,30,13,3,1500.0,boutique
3122,2026-07-09,30,13,3,1500.0,boutique
3123,2026-07-10,30,13,3,1500.0,revendeur
3124,2026-07-11,30,13,2,1500.0,boutique
3125,2026-07-12,30,13,3,1500.0,boutique
3126,2026-07-13,30,13,4,1500.0,boutique
3127,2026-07-14,30,13,2,1500.0,boutique
3128,2026-07-15,30,13,3,1500.0,revendeur
3129,2026-07-16,30,13,3,1500.0,boutique
3130,2026-07-17,30,13,4,1500.0,revendeur
3131,2026-07-18,30,13,3,1500.0,boutique
3132,2026-07-19,30,13,3,1500.0,en_ligne
3133,2026-07-20,30,13,4,1500.0,boutique
3134,2026-07-21,30,13,4,1500.0,boutique
3135,2026-07-22,30,13,3,1500.0,boutique
3136,2026-07-23,30,13,2,1500.0,boutique
3137,2026-07-24,30,13,2,1500.0,en_ligne
3138,2026-07-25,30,13,3,1500.0,en_ligne
3139,2026-07-26,30,13,3,1500.0,boutique
3140,2026-07-27,30,13,2,1500.0,boutique
3141,2026-07-28,30,13,4,1500.0,boutique
3142,2026-07-29,30,13,3,1500.0,boutique
3143,2026-07-30,30,13,4,1500.0,boutique
3144,2026-07-31,30,13,4,1500.0,boutique
3145,2026-08-01,30,13,4,1500.0,boutique
3146,2026-08-02,30,13,3,1500.0,boutique
3147,2026-08-03,30,13,3,1500.0,boutique
3148,2026-08-04,30,13,2,1500.0,en_ligne
3149,2026-08-05,30,13,2,1500.0,boutique
3150,2026-08-06,30,13,3,1500.0,boutique
3151,2026-05-29,30,14,8,450.0,en_ligne
3152,2026-05-30,30,14,10,450.0,boutique
3153,2026-05-31,30,14,16,450.0,en_ligne
3154,2026-06-01,30,14,9,450.0,boutique
3155,2026-06-02,30,14,10,450.0,boutique
3156,2026-06-03,30,14,13,450.0,boutique
3157,2026-06-04,30,14,11,450.0,boutique
3158,2026-06-05,30,14,8,450.0,en_ligne
3159,2026-06-06,30,14,9,450.0,boutique
3160,2026-06-07,30,14,13,450.0,boutique
3161,2026-06-08,30,14,8,450.0,boutique
3162,2026-06-09,30,14,10,450.0,boutique
3163,2026-06-10,30,14,8,450.0,boutique
3164,2026-06-11,30,14,11,450.0,en_ligne
3165,2026-06-12,30,14,10,450.0,boutique
3166,2026-06-13,30,14,13,450.0,en_ligne
3167,2026-06-14,30,14,11,450.0,boutique
3168,2026-06-15,30,14,8,450.0,boutique
3169,2026-06-16,30,14,10,450.0,boutique
3170,2026-06-17,30,14,10,450.0,en_ligne
3171,2026-06-18,30,14,7,450.0,boutique
3172,2026-06-19,30,14,10,450.0,boutique
3173,2026-06-20,30,14,14,450.0,boutique
3174,2026-06-21,30,14,12,450.0,boutique
3175,2026-06-22,30,14,10,450.0,boutique
3176,2026-06-23,30,14,7,450.0,en_ligne
3177,2026-06-24,30,14,11,450.0,boutique
3178,2026-06-25,30,14,9,450.0,en_ligne
3179,2026-06-26,30,14,11,450.0,en_ligne
3180,2026-06-27,30,14,14,450.0,revendeur
3181,2026-06-28,30,14,10,450.0,boutique
3182,2026-06-29,30,14,10,450.0,boutique
3183,2026-06-30,30,14,12,450.0,boutique
3184,2026-07-01,30,14,8,450.0,boutique
3185,2026-07-02,30,14,9,450.0,boutique
3186,2026-07-03,30,14,5,450.0,en_ligne
3187,2026-07-04,30,14,17,450.0,boutique
3188,2026-07-05,30,14,10,450.0,en_ligne
3189,2026-07-06,30,14,9,450.0,en_ligne
3190,2026-07-07,30,14,10,450.0,boutique
3191,2026-07-08,30,14,7,450.0,boutique
3192,2026-07-09,30,14,8,450.0,boutique
3193,2026-07-10,30,14,8,450.0,boutique
3194,2026-07-11,30,14,13,450.0,revendeur
3195,2026-07-12,30,14,10,450.0,boutique
3196,2026-07-13,30,14,10,450.0,boutique
3197,2026-07-14,30,14,6,450.0,boutique
3198,2026-07-15,30,14,12,450.0,boutique
3199,2026-07-16,30,14,7,450.0,en_ligne
3200,2026-07-17,30,14,5,450.0,revendeur
3201,2026-07-18,30,14,10,450.0,en_ligne
3202,2026-07-19,30,14,15,450.0,boutique
3203,2026-07-20,30,14,11,450.0,en_ligne
3204,2026-07-21,30,14,8,450.0,boutique
3205,2026-07-22,30,14,12,450.0,en_ligne
3206,2026-07-23,30,14,8,450.0,boutique
3207,2026-07-24,30,14,8,450.0,revendeur
3208,2026-07-25,30,14,11,450.0,boutique
3209,2026-07-26,30,14,13,450.0,en_ligne
3210,2026-07-27,30,14,8,450.0,en_ligne
3211,2026-07-28,30,14,6,450.0,boutique
3212,2026-07-29,30,14,12,450.0,revendeur
3213,2026-07-30,30,14,9,450.0,en_ligne
3214,2026-07-31,30,14,10,450.0,boutique
3215,2026-08-01,30,14,13,450.0,revendeur
3216,2026-08-02,30,14,17,450.0,boutique
3217,2026-08-03,30,14,11,450.0,boutique
3218,2026-08-04,30,14,7,450.0,boutique
3219,2026-08-05,30,14,11,450.0,revendeur
3220,2026-08-06,30,14,7,450.0,boutique
3221,2026-05-29,30,15,5,500.0,boutique
3222,2026-05-30,30,15,13,500.0,en_ligne
3223,2026-05-31,30,15,13,500.0,boutique
3224,2026-06-01,30,15,5,500.0,boutique
3225,2026-06-02,30,15,7,500.0,en_ligne
3226,2026-06-03,30,15,10,500.0,boutique
3227,2026-06-04,30,15,8,500.0,boutique
3228,2026-06-05,30,15,8,500.0,boutique
3229,2026-06-06,30,15,8,500.0,boutique
3230,2026-06-07,30,15,8,500.0,boutique
3231,2026-06-08,30,15,7,500.0,boutique
3232,2026-06-09,30,15,7,500.0,boutique
3233,2026-06-10,30,15,4,500.0,en_ligne
3234,2026-06-11,30,15,8,500.0,en_ligne
3235,2026-06-12,30,15,9,500.0,en_ligne
3236,2026-06-13,30,15,8,500.0,boutique
3237,2026-06-14,30,15,7,500.0,boutique
3238,2026-06-15,30,15,8,500.0,boutique
3239,2026-06-16,30,15,9,500.0,boutique
3240,2026-06-17,30,15,5,500.0,boutique
3241,2026-06-18,30,15,9,500.0,revendeur
3242,2026-06-19,30,15,11,500.0,en_ligne
3243,2026-06-20,30,15,12,500.0,revendeur
3244,2026-06-21,30,15,16,500.0,boutique
3245,2026-06-22,30,15,6,500.0,revendeur
3246,2026-06-23,30,15,6,500.0,boutique
3247,2026-06-24,30,15,8,500.0,boutique
3248,2026-06-25,30,15,7,500.0,boutique
3249,2026-06-26,30,15,8,500.0,boutique
3250,2026-06-27,30,15,12,500.0,revendeur
3251,2026-06-28,30,15,13,500.0,boutique
3252,2026-06-29,30,15,10,500.0,revendeur
3253,2026-06-30,30,15,6,500.0,boutique
3254,2026-07-01,30,15,9,500.0,boutique
3255,2026-07-02,30,15,9,500.0,en_ligne
3256,2026-07-03,30,15,11,500.0,boutique
3257,2026-07-04,30,15,10,500.0,en_ligne
3258,2026-07-05,30,15,11,500.0,boutique
3259,2026-07-06,30,15,9,500.0,boutique
3260,2026-07-07,30,15,8,500.0,boutique
3261,2026-07-08,30,15,7,500.0,boutique
3262,2026-07-09,30,15,8,500.0,boutique
3263,2026-07-10,30,15,5,500.0,boutique
3264,2026-07-11,30,15,8,500.0,boutique
3265,2026-07-12,30,15,10,500.0,boutique
3266,2026-07-13,30,15,8,500.0,boutique
3267,2026-07-14,30,15,7,500.0,boutique
3268,2026-07-15,30,15,6,500.0,boutique
3269,2026-07-16,30,15,8,500.0,boutique
3270,2026-07-17,30,15,7,500.0,boutique
3271,2026-07-18,30,15,10,500.0,revendeur
3272,2026-07-19,30,15,12,500.0,revendeur
3273,2026-07-20,30,15,12,500.0,boutique
3274,2026-07-21,30,15,6,500.0,boutique
3275,2026-07-22,30,15,9,500.0,boutique
3276,2026-07-23,30,15,8,500.0,boutique
3277,2026-07-24,30,15,7,500.0,revendeur
3278,2026-07-25,30,15,12,500.0,boutique
3279,2026-07-26,30,15,9,500.0,boutique
3280,2026-07-27,30,15,7,500.0,revendeur
3281,2026-07-28,30,15,9,500.0,boutique
3282,2026-07-29,30,15,7,500.0,boutique
3283,2026-07-30,30,15,9,500.0,boutique
3284,2026-07-31,30,15,9,500.0,boutique
3285,2026-08-01,30,15,14,500.0,boutique
3286,2026-08-02,30,15,8,500.0,revendeur
3287,2026-08-03,30,15,7,500.0,boutique
3288,2026-08-04,30,15,11,500.0,en_ligne
3289,2026-08-05,30,15,8,500.0,en_ligne
3290,2026-08-06,30,15,9,500.0,boutique
3291,2026-05-29,30,16,9,400.0,boutique
3292,2026-05-30,30,16,9,400.0,en_ligne
3293,2026-05-31,30,16,8,400.0,boutique
3294,2026-06-01,30,16,5,400.0,boutique
3295,2026-06-02,30,16,7,400.0,boutique
3296,2026-06-03,30,16,7,400.0,boutique
3297,2026-06-04,30,16,3,400.0,revendeur
3298,2026-06-05,30,16,9,400.0,boutique
3299,2026-06-06,30,16,8,400.0,boutique
3300,2026-06-07,30,16,12,400.0,boutique
3301,2026-06-08,30,16,9,400.0,boutique
3302,2026-06-09,30,16,5,400.0,boutique
3303,2026-06-10,30,16,8,400.0,boutique
3304,2026-06-11,30,16,6,400.0,boutique
3305,2026-06-12,30,16,7,400.0,boutique
3306,2026-06-13,30,16,13,400.0,boutique
3307,2026-06-14,30,16,12,400.0,boutique
3308,2026-06-15,30,16,7,400.0,boutique
3309,2026-06-16,30,16,9,400.0,boutique
3310,2026-06-17,30,16,8,400.0,en_ligne
3311,2026-06-18,30,16,9,400.0,boutique
3312,2026-06-19,30,16,7,400.0,boutique
3313,2026-06-20,30,16,6,400.0,en_ligne
3314,2026-06-21,30,16,7,400.0,boutique
3315,2026-06-22,30,16,9,400.0,boutique
3316,2026-06-23,30,16,8,400.0,boutique
3317,2026-06-24,30,16,9,400.0,boutique
3318,2026-06-25,30,16,6,400.0,revendeur
3319,2026-06-26,30,16,5,400.0,boutique
3320,2026-06-27,30,16,6,400.0,boutique
3321,2026-06-28,30,16,9,400.0,boutique
3322,2026-06-29,30,16,3,400.0,boutique
3323,2026-06-30,30,16,9,400.0,boutique
3324,2026-07-01,30,16,8,400.0,boutique
3325,2026-07-02,30,16,10,400.0,boutique
3326,2026-07-03,30,16,8,400.0,boutique
3327,2026-07-04,30,16,12,400.0,en_ligne
3328,2026-07-05,30,16,14,400.0,boutique
3329,2026-07-06,30,16,8,400.0,en_ligne
3330,2026-07-07,30,16,6,400.0,boutique
3331,2026-07-08,30,16,7,400.0,boutique
3332,2026-07-09,30,16,5,400.0,boutique
3333,2026-07-10,30,16,5,400.0,boutique
3334,2026-07-11,30,16,11,400.0,boutique
3335,2026-07-12,30,16,11,400.0,en_ligne
3336,2026-07-13,30,16,9,400.0,boutique
3337,2026-07-14,30,16,4,400.0,boutique
3338,2026-07-15,30,16,7,400.0,boutique
3339,2026-07-16,30,16,5,400.0,en_ligne
3340,2026-07-17,30,16,8,400.0,boutique
3341,2026-07-18,30,16,8,400.0,boutique
3342,2026-07-19,30,16,10,400.0,boutique
3343,2026-07-20,30,16,6,400.0,boutique
3344,2026-07-21,30,16,7,400.0,boutique
3345,2026-07-22,30,16,5,400.0,boutique
3346,2026-07-23,30,16,7,400.0,boutique
3347,2026-07-24,30,16,4,400.0,boutique
3348,2026-07-25,30,16,11,400.0,boutique
3349,2026-07-26,30,16,12,400.0,en_ligne
3350,2026-07-27,30,16,9,400.0,boutique
3351,2026-07-28,30,16,7,400.0,boutique
3352,2026-07-29,30,16,7,400.0,boutique
3353,2026-07-30,30,16,8,400.0,boutique
3354,2026-07-31,30,16,8,400.0,boutique
3355,2026-08-01,30,16,8,400.0,boutique
3356,2026-08-02,30,16,9,400.0,boutique
3357,2026-08-03,30,16,6,400.0,boutique
3358,2026-08-04,30,16,7,400.0,boutique
3359,2026-08-05,30,16,8,400.0,boutique
3360,2026-08-06,30,16,8,400.0,en_ligne
3361,2026-05-29,40,1,5,800.0,boutique
3362,2026-05-30,40,1,7,800.0,boutique
3363,2026-05-31,40,1,5,800.0,revendeur
3364,2026-06-01,40,1,5,800.0,en_ligne
3365,2026-06-02,40,1,6,800.0,boutique
3366,2026-06-03,40,1,6,800.0,boutique
3367,2026-06-04,40,1,6,800.0,boutique
3368,2026-06-05,40,1,5,800.0,boutique
3369,2026-06-06,40,1,6,800.0,boutique
3370,2026-06-07,40,1,6,800.0,boutique
3371,2026-06-08,40,1,8,800.0,boutique
3372,2026-06-09,40,1,3,800.0,boutique
3373,2026-06-10,40,1,3,800.0,boutique
3374,2026-06-11,40,1,4,800.0,boutique
3375,2026-06-12,40,1,5,800.0,boutique
3376,2026-06-13,40,1,5,800.0,boutique
3377,2026-06-14,40,1,6,800.0,boutique
3378,2026-06-15,40,1,6,800.0,revendeur
3379,2026-06-16,40,1,6,800.0,boutique
3380,2026-06-17,40,1,5,800.0,boutique
3381,2026-06-18,40,1,4,800.0,en_ligne
3382,2026-06-19,40,1,6,800.0,boutique
3383,2026-06-20,40,1,5,800.0,boutique
3384,2026-06-21,40,1,7,800.0,boutique
3385,2026-06-22,40,1,6,800.0,boutique
3386,2026-06-23,40,1,6,800.0,revendeur
3387,2026-06-24,40,1,3,800.0,boutique
3388,2026-06-25,40,1,6,800.0,boutique
3389,2026-06-26,40,1,4,800.0,boutique
3390,2026-06-27,40,1,5,800.0,boutique
3391,2026-06-28,40,1,4,800.0,revendeur
3392,2026-06-29,40,1,4,800.0,en_ligne
3393,2026-06-30,40,1,5,800.0,boutique
3394,2026-07-01,40,1,4,800.0,boutique
3395,2026-07-02,40,1,4,800.0,boutique
3396,2026-07-03,40,1,6,800.0,boutique
3397,2026-07-04,40,1,5,800.0,boutique
3398,2026-07-05,40,1,4,800.0,boutique
3399,2026-07-06,40,1,4,800.0,boutique
3400,2026-07-07,40,1,5,800.0,boutique
3401,2026-07-08,40,1,7,800.0,boutique
3402,2026-07-09,40,1,5,800.0,boutique
3403,2026-07-10,40,1,7,800.0,boutique
3404,2026-07-11,40,1,5,800.0,boutique
3405,2026-07-12,40,1,5,800.0,boutique
3406,2026-07-13,40,1,6,800.0,boutique
3407,2026-07-14,40,1,6,800.0,boutique
3408,2026-07-15,40,1,8,800.0,boutique
3409,2026-07-16,40,1,6,800.0,boutique
3410,2026-07-17,40,1,4,800.0,boutique
3411,2026-07-18,40,1,5,800.0,en_ligne
3412,2026-07-19,40,1,3,800.0,boutique
3413,2026-07-20,40,1,5,800.0,en_ligne
3414,2026-07-21,40,1,4,800.0,en_ligne
3415,2026-07-22,40,1,5,800.0,boutique
3416,2026-07-23,40,1,5,800.0,boutique
3417,2026-07-24,40,1,6,800.0,boutique
3418,2026-07-25,40,1,6,800.0,boutique
3419,2026-07-26,40,1,3,800.0,boutique
3420,2026-07-27,40,1,7,800.0,boutique
3421,2026-07-28,40,1,6,800.0,en_ligne
3422,2026-07-29,40,1,6,800.0,boutique
3423,2026-07-30,40,1,7,800.0,en_ligne
3424,2026-07-31,40,1,7,800.0,boutique
3425,2026-08-01,40,1,7,800.0,boutique
3426,2026-08-02,40,1,6,800.0,boutique
3427,2026-08-03,40,1,6,800.0,boutique
3428,2026-08-04,40,1,6,800.0,boutique
3429,2026-08-05,40,1,8,800.0,boutique
3430,2026-08-06,40,1,6,800.0,boutique
3431,2026-05-29,40,2,3,4200.0,boutique
3432,2026-05-30,40,2,2,4200.0,boutique
3433,2026-05-31,40,2,4,4200.0,boutique
3434,2026-06-01,40,2,3,4200.0,en_ligne
3435,2026-06-02,40,2,3,4200.0,boutique
3436,2026-06-03,40,2,3,4200.0,en_ligne
3437,2026-06-04,40,2,4,4200.0,boutique
3438,2026-06-05,40,2,3,4200.0,boutique
3439,2026-06-06,40,2,2,4200.0,revendeur
3440,2026-06-07,40,2,2,4200.0,boutique
3441,2026-06-08,40,2,3,4200.0,boutique
3442,2026-06-09,40,2,4,4200.0,boutique
3443,2026-06-10,40,2,4,4200.0,boutique
3444,2026-06-11,40,2,4,4200.0,boutique
3445,2026-06-12,40,2,4,4200.0,boutique
3446,2026-06-13,40,2,3,4200.0,en_ligne
3447,2026-06-14,40,2,3,4200.0,boutique
3448,2026-06-15,40,2,4,4200.0,boutique
3449,2026-06-16,40,2,4,4200.0,en_ligne
3450,2026-06-17,40,2,4,4200.0,boutique
3451,2026-06-18,40,2,3,4200.0,en_ligne
3452,2026-06-19,40,2,3,4200.0,boutique
3453,2026-06-20,40,2,3,4200.0,boutique
3454,2026-06-21,40,2,4,4200.0,boutique
3455,2026-06-22,40,2,2,4200.0,en_ligne
3456,2026-06-23,40,2,4,4200.0,boutique
3457,2026-06-24,40,2,4,4200.0,boutique
3458,2026-06-25,40,2,3,4200.0,en_ligne
3459,2026-06-26,40,2,3,4200.0,boutique
3460,2026-06-27,40,2,3,4200.0,revendeur
3461,2026-06-28,40,2,3,4200.0,en_ligne
3462,2026-06-29,40,2,3,4200.0,boutique
3463,2026-06-30,40,2,2,4200.0,boutique
3464,2026-07-01,40,2,2,4200.0,boutique
3465,2026-07-02,40,2,3,4200.0,boutique
3466,2026-07-03,40,2,2,4200.0,boutique
3467,2026-07-04,40,2,2,4200.0,boutique
3468,2026-07-05,40,2,4,4200.0,boutique
3469,2026-07-06,40,2,3,4200.0,boutique
3470,2026-07-07,40,2,2,4200.0,boutique
3471,2026-07-08,40,2,2,4200.0,boutique
3472,2026-07-09,40,2,3,4200.0,boutique
3473,2026-07-10,40,2,3,4200.0,en_ligne
3474,2026-07-11,40,2,4,4200.0,boutique
3475,2026-07-12,40,2,3,4200.0,en_ligne
3476,2026-07-13,40,2,2,4200.0,boutique
3477,2026-07-14,40,2,3,4200.0,boutique
3478,2026-07-15,40,2,4,4200.0,boutique
3479,2026-07-16,40,2,3,4200.0,boutique
3480,2026-07-17,40,2,2,4200.0,revendeur
3481,2026-07-18,40,2,3,4200.0,boutique
3482,2026-07-19,40,2,3,4200.0,boutique
3483,2026-07-20,40,2,3,4200.0,boutique
3484,2026-07-21,40,2,3,4200.0,en_ligne
3485,2026-07-22,40,2,3,4200.0,en_ligne
3486,2026-07-23,40,2,3,4200.0,boutique
3487,2026-07-24,40,2,4,4200.0,boutique
3488,2026-07-25,40,2,3,4200.0,boutique
3489,2026-07-26,40,2,3,4200.0,boutique
3490,2026-07-27,40,2,3,4200.0,boutique
3491,2026-07-28,40,2,4,4200.0,boutique
3492,2026-07-29,40,2,4,4200.0,boutique
3493,2026-07-30,40,2,4,4200.0,revendeur
3494,2026-07-31,40,2,3,4200.0,boutique
3495,2026-08-01,40,2,4,4200.0,boutique
3496,2026-08-02,40,2,3,4200.0,boutique
3497,2026-08-03,40,2,3,4200.0,en_ligne
3498,2026-08-04,40,2,4,4200.0,boutique
3499,2026-08-05,40,2,3,4200.0,boutique
3500,2026-08-06,40,2,2,4200.0,boutique
3501,2026-05-29,40,3,4,650.0,en_ligne
3502,2026-05-30,40,3,5,650.0,boutique
3503,2026-05-31,40,3,5,650.0,en_ligne
3504,2026-06-01,40,3,5,650.0,boutique
3505,2026-06-02,40,3,6,650.0,boutique
3506,2026-06-03,40,3,5,650.0,boutique
3507,2026-06-04,40,3,3,650.0,boutique
3508,2026-06-05,40,3,5,650.0,boutique
3509,2026-06-06,40,3,4,650.0,boutique
3510,2026-06-07,40,3,4,650.0,boutique
3511,2026-06-08,40,3,2,650.0,boutique
3512,2026-06-09,40,3,5,650.0,revendeur
3513,2026-06-10,40,3,4,650.0,boutique
3514,2026-06-11,40,3,4,650.0,boutique
3515,2026-06-12,40,3,5,650.0,en_ligne
3516,2026-06-13,40,3,5,650.0,boutique
3517,2026-06-14,40,3,4,650.0,boutique
3518,2026-06-15,40,3,5,650.0,revendeur
3519,2026-06-16,40,3,3,650.0,boutique
3520,2026-06-17,40,3,5,650.0,boutique
3521,2026-06-18,40,3,5,650.0,boutique
3522,2026-06-19,40,3,5,650.0,boutique
3523,2026-06-20,40,3,2,650.0,boutique
3524,2026-06-21,40,3,6,650.0,boutique
3525,2026-06-22,40,3,4,650.0,boutique
3526,2026-06-23,40,3,4,650.0,boutique
3527,2026-06-24,40,3,5,650.0,boutique
3528,2026-06-25,40,3,3,650.0,en_ligne
3529,2026-06-26,40,3,4,650.0,boutique
3530,2026-06-27,40,3,4,650.0,en_ligne
3531,2026-06-28,40,3,3,650.0,boutique
3532,2026-06-29,40,3,5,650.0,revendeur
3533,2026-06-30,40,3,4,650.0,boutique
3534,2026-07-01,40,3,3,650.0,boutique
3535,2026-07-02,40,3,4,650.0,boutique
3536,2026-07-03,40,3,3,650.0,boutique
3537,2026-07-04,40,3,2,650.0,boutique
3538,2026-07-05,40,3,5,650.0,en_ligne
3539,2026-07-06,40,3,4,650.0,boutique
3540,2026-07-07,40,3,3,650.0,boutique
3541,2026-07-08,40,3,2,650.0,en_ligne
3542,2026-07-09,40,3,3,650.0,boutique
3543,2026-07-10,40,3,3,650.0,boutique
3544,2026-07-11,40,3,3,650.0,boutique
3545,2026-07-12,40,3,4,650.0,boutique
3546,2026-07-13,40,3,3,650.0,boutique
3547,2026-07-14,40,3,4,650.0,boutique
3548,2026-07-15,40,3,4,650.0,boutique
3549,2026-07-16,40,3,5,650.0,boutique
3550,2026-07-17,40,3,4,650.0,boutique
3551,2026-07-18,40,3,4,650.0,revendeur
3552,2026-07-19,40,3,4,650.0,boutique
3553,2026-07-20,40,3,5,650.0,boutique
3554,2026-07-21,40,3,4,650.0,boutique
3555,2026-07-22,40,3,5,650.0,en_ligne
3556,2026-07-23,40,3,3,650.0,boutique
3557,2026-07-24,40,3,4,650.0,en_ligne
3558,2026-07-25,40,3,4,650.0,boutique
3559,2026-07-26,40,3,3,650.0,en_ligne
3560,2026-07-27,40,3,4,650.0,boutique
3561,2026-07-28,40,3,4,650.0,boutique
3562,2026-07-29,40,3,4,650.0,boutique
3563,2026-07-30,40,3,4,650.0,boutique
3564,2026-07-31,40,3,4,650.0,boutique
3565,2026-08-01,40,3,4,650.0,boutique
3566,2026-08-02,40,3,4,650.0,boutique
3567,2026-08-03,40,3,4,650.0,boutique
3568,2026-08-04,40,3,4,650.0,boutique
3569,2026-08-05,40,3,3,650.0,boutique
3570,2026-08-06,40,3,4,650.0,en_ligne
3571,2026-05-29,40,4,13,400.0,en_ligne
3572,2026-05-30,40,4,18,400.0,boutique
3573,2026-05-31,40,4,11,400.0,boutique
3574,2026-06-01,40,4,12,400.0,boutique
3575,2026-06-02,40,4,14,400.0,boutique
3576,2026-06-03,40,4,13,400.0,boutique
3577,2026-06-04,40,4,11,400.0,en_ligne
3578,2026-06-05,40,4,13,400.0,boutique
3579,2026-06-06,40,4,21,400.0,boutique
3580,2026-06-07,40,4,15,400.0,boutique
3581,2026-06-08,40,4,12,400.0,boutique
3582,2026-06-09,40,4,10,400.0,boutique
3583,2026-06-10,40,4,11,400.0,revendeur
3584,2026-06-11,40,4,11,400.0,boutique
3585,2026-06-12,40,4,16,400.0,boutique
3586,2026-06-13,40,4,16,400.0,boutique
3587,2026-06-14,40,4,19,400.0,boutique
3588,2026-06-15,40,4,11,400.0,boutique
3589,2026-06-16,40,4,13,400.0,revendeur
3590,2026-06-17,40,4,10,400.0,boutique
3591,2026-06-18,40,4,15,400.0,boutique
3592,2026-06-19,40,4,11,400.0,en_ligne
3593,2026-06-20,40,4,14,400.0,boutique
3594,2026-06-21,40,4,18,400.0,boutique
3595,2026-06-22,40,4,11,400.0,boutique
3596,2026-06-23,40,4,12,400.0,boutique
3597,2026-06-24,40,4,11,400.0,boutique
3598,2026-06-25,40,4,14,400.0,boutique
3599,2026-06-26,40,4,10,400.0,boutique
3600,2026-06-27,40,4,15,400.0,boutique
3601,2026-06-28,40,4,19,400.0,boutique
3602,2026-06-29,40,4,11,400.0,boutique
3603,2026-06-30,40,4,12,400.0,boutique
3604,2026-07-01,40,4,16,400.0,boutique
3605,2026-07-02,40,4,14,400.0,boutique
3606,2026-07-03,40,4,12,400.0,boutique
3607,2026-07-04,40,4,21,400.0,boutique
3608,2026-07-05,40,4,17,400.0,boutique
3609,2026-07-06,40,4,7,400.0,boutique
3610,2026-07-07,40,4,13,400.0,boutique
3611,2026-07-08,40,4,15,400.0,en_ligne
3612,2026-07-09,40,4,10,400.0,boutique
3613,2026-07-10,40,4,13,400.0,boutique
3614,2026-07-11,40,4,12,400.0,boutique
3615,2026-07-12,40,4,19,400.0,boutique
3616,2026-07-13,40,4,9,400.0,boutique
3617,2026-07-14,40,4,14,400.0,boutique
3618,2026-07-15,40,4,8,400.0,boutique
3619,2026-07-16,40,4,12,400.0,boutique
3620,2026-07-17,40,4,8,400.0,boutique
3621,2026-07-18,40,4,19,400.0,boutique
3622,2026-07-19,40,4,15,400.0,boutique
3623,2026-07-20,40,4,11,400.0,boutique
3624,2026-07-21,40,4,17,400.0,boutique
3625,2026-07-22,40,4,10,400.0,boutique
3626,2026-07-23,40,4,11,400.0,boutique
3627,2026-07-24,40,4,10,400.0,boutique
3628,2026-07-25,40,4,16,400.0,revendeur
3629,2026-07-26,40,4,16,400.0,boutique
3630,2026-07-27,40,4,10,400.0,en_ligne
3631,2026-07-28,40,4,8,400.0,boutique
3632,2026-07-29,40,4,15,400.0,boutique
3633,2026-07-30,40,4,9,400.0,boutique
3634,2026-07-31,40,4,11,400.0,boutique
3635,2026-08-01,40,4,15,400.0,boutique
3636,2026-08-02,40,4,16,400.0,boutique
3637,2026-08-03,40,4,12,400.0,boutique
3638,2026-08-04,40,4,15,400.0,boutique
3639,2026-08-05,40,4,12,400.0,boutique
3640,2026-08-06,40,4,10,400.0,revendeur
3641,2026-05-29,40,5,4,900.0,boutique
3642,2026-05-30,40,5,5,900.0,boutique
3643,2026-05-31,40,5,4,900.0,boutique
3644,2026-06-01,40,5,5,900.0,revendeur
3645,2026-06-02,40,5,7,900.0,boutique
3646,2026-06-03,40,5,6,900.0,revendeur
3647,2026-06-04,40,5,5,900.0,boutique
3648,2026-06-05,40,5,6,900.0,boutique
3649,2026-06-06,40,5,7,900.0,boutique
3650,2026-06-07,40,5,4,900.0,boutique
3651,2026-06-08,40,5,4,900.0,boutique
3652,2026-06-09,40,5,5,900.0,boutique
3653,2026-06-10,40,5,6,900.0,boutique
3654,2026-06-11,40,5,5,900.0,boutique
3655,2026-06-12,40,5,6,900.0,boutique
3656,2026-06-13,40,5,6,900.0,boutique
3657,2026-06-14,40,5,7,900.0,boutique
3658,2026-06-15,40,5,6,900.0,boutique
3659,2026-06-16,40,5,3,900.0,boutique
3660,2026-06-17,40,5,5,900.0,boutique
3661,2026-06-18,40,5,4,900.0,boutique
3662,2026-06-19,40,5,5,900.0,boutique
3663,2026-06-20,40,5,6,900.0,boutique
3664,2026-06-21,40,5,7,900.0,en_ligne
3665,2026-06-22,40,5,6,900.0,boutique
3666,2026-06-23,40,5,4,900.0,en_ligne
3667,2026-06-24,40,5,4,900.0,boutique
3668,2026-06-25,40,5,4,900.0,boutique
3669,2026-06-26,40,5,6,900.0,en_ligne
3670,2026-06-27,40,5,7,900.0,boutique
3671,2026-06-28,40,5,9,900.0,boutique
3672,2026-06-29,40,5,6,900.0,boutique
3673,2026-06-30,40,5,5,900.0,boutique
3674,2026-07-01,40,5,5,900.0,boutique
3675,2026-07-02,40,5,5,900.0,boutique
3676,2026-07-03,40,5,6,900.0,en_ligne
3677,2026-07-04,40,5,7,900.0,boutique
3678,2026-07-05,40,5,8,900.0,boutique
3679,2026-07-06,40,5,4,900.0,en_ligne
3680,2026-07-07,40,5,6,900.0,boutique
3681,2026-07-08,40,5,4,900.0,en_ligne
3682,2026-07-09,40,5,7,900.0,boutique
3683,2026-07-10,40,5,5,900.0,boutique
3684,2026-07-11,40,5,7,900.0,boutique
3685,2026-07-12,40,5,9,900.0,boutique
3686,2026-07-13,40,5,5,900.0,boutique
3687,2026-07-14,40,5,4,900.0,boutique
3688,2026-07-15,40,5,4,900.0,boutique
3689,2026-07-16,40,5,4,900.0,en_ligne
3690,2026-07-17,40,5,5,900.0,boutique
3691,2026-07-18,40,5,6,900.0,revendeur
3692,2026-07-19,40,5,8,900.0,en_ligne
3693,2026-07-20,40,5,4,900.0,en_ligne
3694,2026-07-21,40,5,7,900.0,boutique
3695,2026-07-22,40,5,4,900.0,boutique
3696,2026-07-23,40,5,6,900.0,boutique
3697,2026-07-24,40,5,4,900.0,boutique
3698,2026-07-25,40,5,5,900.0,boutique
3699,2026-07-26,40,5,8,900.0,boutique
3700,2026-07-27,40,5,3,900.0,boutique
3701,2026-07-28,40,5,5,900.0,en_ligne
3702,2026-07-29,40,5,7,900.0,boutique
3703,2026-07-30,40,5,4,900.0,revendeur
3704,2026-07-31,40,5,4,900.0,boutique
3705,2026-08-01,40,5,6,900.0,revendeur
3706,2026-08-02,40,5,8,900.0,boutique
3707,2026-08-03,40,5,4,900.0,boutique
3708,2026-08-04,40,5,5,900.0,en_ligne
3709,2026-08-05,40,5,5,900.0,boutique
3710,2026-08-06,40,5,5,900.0,boutique
3711,2026-05-29,40,6,8,350.0,boutique
3712,2026-05-30,40,6,14,350.0,boutique
3713,2026-05-31,40,6,13,350.0,boutique
3714,2026-06-01,40,6,8,350.0,boutique
3715,2026-06-02,40,6,10,350.0,boutique
3716,2026-06-03,40,6,12,350.0,boutique
3717,2026-06-04,40,6,9,350.0,boutique
3718,2026-06-05,40,6,8,350.0,boutique
3719,2026-06-06,40,6,8,350.0,boutique
3720,2026-06-07,40,6,9,350.0,boutique
3721,2026-06-08,40,6,8,350.0,en_ligne
3722,2026-06-09,40,6,9,350.0,boutique
3723,2026-06-10,40,6,7,350.0,boutique
3724,2026-06-11,40,6,10,350.0,boutique
3725,2026-06-12,40,6,10,350.0,boutique
3726,2026-06-13,40,6,7,350.0,boutique
3727,2026-06-14,40,6,8,350.0,boutique
3728,2026-06-15,40,6,10,350.0,revendeur
3729,2026-06-16,40,6,8,350.0,en_ligne
3730,2026-06-17,40,6,9,350.0,boutique
3731,2026-06-18,40,6,12,350.0,revendeur
3732,2026-06-19,40,6,6,350.0,en_ligne
3733,2026-06-20,40,6,11,350.0,boutique
3734,2026-06-21,40,6,10,350.0,revendeur
3735,2026-06-22,40,6,8,350.0,boutique
3736,2026-06-23,40,6,7,350.0,boutique
3737,2026-06-24,40,6,4,350.0,boutique
3738,2026-06-25,40,6,5,350.0,boutique
3739,2026-06-26,40,6,7,350.0,boutique
3740,2026-06-27,40,6,10,350.0,en_ligne
3741,2026-06-28,40,6,10,350.0,en_ligne
3742,2026-06-29,40,6,8,350.0,en_ligne
3743,2026-06-30,40,6,11,350.0,en_ligne
3744,2026-07-01,40,6,5,350.0,boutique
3745,2026-07-02,40,6,10,350.0,boutique
3746,2026-07-03,40,6,9,350.0,boutique
3747,2026-07-04,40,6,7,350.0,boutique
3748,2026-07-05,40,6,11,350.0,boutique
3749,2026-07-06,40,6,6,350.0,boutique
3750,2026-07-07,40,6,8,350.0,boutique
3751,2026-07-08,40,6,7,350.0,boutique
3752,2026-07-09,40,6,6,350.0,boutique
3753,2026-07-10,40,6,5,350.0,boutique
3754,2026-07-11,40,6,14,350.0,boutique
3755,2026-07-12,40,6,11,350.0,en_ligne
3756,2026-07-13,40,6,9,350.0,boutique
3757,2026-07-14,40,6,7,350.0,boutique
3758,2026-07-15,40,6,11,350.0,revendeur
3759,2026-07-16,40,6,7,350.0,boutique
3760,2026-07-17,40,6,9,350.0,boutique
3761,2026-07-18,40,6,9,350.0,boutique
3762,2026-07-19,40,6,11,350.0,boutique
3763,2026-07-20,40,6,7,350.0,boutique
3764,2026-07-21,40,6,7,350.0,boutique
3765,2026-07-22,40,6,8,350.0,boutique
3766,2026-07-23,40,6,7,350.0,boutique
3767,2026-07-24,40,6,8,350.0,boutique
3768,2026-07-25,40,6,14,350.0,boutique
3769,2026-07-26,40,6,12,350.0,boutique
3770,2026-07-27,40,6,6,350.0,en_ligne
3771,2026-07-28,40,6,9,350.0,boutique
3772,2026-07-29,40,6,8,350.0,boutique
3773,2026-07-30,40,6,8,350.0,boutique
3774,2026-07-31,40,6,9,350.0,boutique
3775,2026-08-01,40,6,12,350.0,boutique
3776,2026-08-02,40,6,8,350.0,boutique
3777,2026-08-03,40,6,14,350.0,en_ligne
3778,2026-08-04,40,6,8,350.0,boutique
3779,2026-08-05,40,6,8,350.0,boutique
3780,2026-08-06,40,6,8,350.0,en_ligne
3781,2026-05-29,40,7,7,700.0,boutique
3782,2026-05-30,40,7,5,700.0,boutique
3783,2026-05-31,40,7,6,700.0,boutique
3784,2026-06-01,40,7,5,700.0,en_ligne
3785,2026-06-02,40,7,7,700.0,boutique
3786,2026-06-03,40,7,7,700.0,boutique
3787,2026-06-04,40,7,5,700.0,en_ligne
3788,2026-06-05,40,7,6,700.0,en_ligne
3789,2026-06-06,40,7,6,700.0,en_ligne
3790,2026-06-07,40,7,5,700.0,boutique
3791,2026-06-08,40,7,7,700.0,boutique
3792,2026-06-09,40,7,8,700.0,boutique
3793,2026-06-10,40,7,4,700.0,boutique
3794,2026-06-11,40,7,6,700.0,boutique
3795,2026-06-12,40,7,7,700.0,boutique
3796,2026-06-13,40,7,7,700.0,en_ligne
3797,2026-06-14,40,7,6,700.0,boutique
3798,2026-06-15,40,7,4,700.0,boutique
3799,2026-06-16,40,7,4,700.0,boutique
3800,2026-06-17,40,7,6,700.0,boutique
3801,2026-06-18,40,7,7,700.0,revendeur
3802,2026-06-19,40,7,5,700.0,boutique
3803,2026-06-20,40,7,5,700.0,boutique
3804,2026-06-21,40,7,4,700.0,boutique
3805,2026-06-22,40,7,3,700.0,revendeur
3806,2026-06-23,40,7,3,700.0,boutique
3807,2026-06-24,40,7,4,700.0,boutique
3808,2026-06-25,40,7,5,700.0,boutique
3809,2026-06-26,40,7,3,700.0,en_ligne
3810,2026-06-27,40,7,4,700.0,boutique
3811,2026-06-28,40,7,5,700.0,boutique
3812,2026-06-29,40,7,5,700.0,boutique
3813,2026-06-30,40,7,4,700.0,boutique
3814,2026-07-01,40,7,4,700.0,revendeur
3815,2026-07-02,40,7,4,700.0,boutique
3816,2026-07-03,40,7,4,700.0,boutique
3817,2026-07-04,40,7,4,700.0,boutique
3818,2026-07-05,40,7,4,700.0,en_ligne
3819,2026-07-06,40,7,3,700.0,boutique
3820,2026-07-07,40,7,4,700.0,boutique
3821,2026-07-08,40,7,3,700.0,revendeur
3822,2026-07-09,40,7,4,700.0,en_ligne
3823,2026-07-10,40,7,3,700.0,boutique
3824,2026-07-11,40,7,3,700.0,boutique
3825,2026-07-12,40,7,2,700.0,revendeur
3826,2026-07-13,40,7,3,700.0,boutique
3827,2026-07-14,40,7,2,700.0,boutique
3828,2026-07-15,40,7,3,700.0,boutique
3829,2026-07-16,40,7,3,700.0,boutique
3830,2026-07-17,40,7,3,700.0,en_ligne
3831,2026-07-18,40,7,1,700.0,en_ligne
3832,2026-07-19,40,7,2,700.0,boutique
3833,2026-07-20,40,7,2,700.0,boutique
3834,2026-07-21,40,7,2,700.0,en_ligne
3835,2026-07-22,40,7,2,700.0,boutique
3836,2026-07-23,40,7,3,700.0,boutique
3837,2026-07-24,40,7,2,700.0,boutique
3838,2026-07-25,40,7,2,700.0,boutique
3839,2026-07-26,40,7,3,700.0,boutique
3840,2026-07-27,40,7,2,700.0,revendeur
3841,2026-07-28,40,7,2,700.0,boutique
3842,2026-07-29,40,7,3,700.0,revendeur
3843,2026-07-30,40,7,2,700.0,boutique
3844,2026-07-31,40,7,3,700.0,boutique
3845,2026-08-01,40,7,2,700.0,boutique
3846,2026-08-02,40,7,3,700.0,boutique
3847,2026-08-03,40,7,2,700.0,revendeur
3848,2026-08-04,40,7,3,700.0,boutique
3849,2026-08-05,40,7,2,700.0,boutique
3850,2026-08-06,40,7,2,700.0,en_ligne
3851,2026-05-29,40,8,4,850.0,boutique
3852,2026-05-30,40,8,5,850.0,boutique
3853,2026-05-31,40,8,4,850.0,boutique
3854,2026-06-01,40,8,4,850.0,boutique
3855,2026-06-02,40,8,3,850.0,en_ligne
3856,2026-06-03,40,8,5,850.0,boutique
3857,2026-06-04,40,8,4,850.0,revendeur
3858,2026-06-05,40,8,4,850.0,boutique
3859,2026-06-06,40,8,4,850.0,boutique
3860,2026-06-07,40,8,3,850.0,boutique
3861,2026-06-08,40,8,4,850.0,boutique
3862,2026-06-09,40,8,6,850.0,en_ligne
3863,2026-06-10,40,8,4,850.0,boutique
3864,2026-06-11,40,8,4,850.0,boutique
3865,2026-06-12,40,8,4,850.0,boutique
3866,2026-06-13,40,8,5,850.0,boutique
3867,2026-06-14,40,8,4,850.0,boutique
3868,2026-06-15,40,8,3,850.0,boutique
3869,2026-06-16,40,8,4,850.0,boutique
3870,2026-06-17,40,8,4,850.0,boutique
3871,2026-06-18,40,8,3,850.0,en_ligne
3872,2026-06-19,40,8,3,850.0,boutique
3873,2026-06-20,40,8,4,850.0,boutique
3874,2026-06-21,40,8,2,850.0,boutique
3875,2026-06-22,40,8,4,850.0,en_ligne
3876,2026-06-23,40,8,4,850.0,en_ligne
3877,2026-06-24,40,8,5,850.0,boutique
3878,2026-06-25,40,8,4,850.0,boutique
3879,2026-06-26,40,8,2,850.0,boutique
3880,2026-06-27,40,8,5,850.0,boutique
3881,2026-06-28,40,8,4,850.0,en_ligne
3882,2026-06-29,40,8,4,850.0,en_ligne
3883,2026-06-30,40,8,4,850.0,boutique
3884,2026-07-01,40,8,4,850.0,boutique
3885,2026-07-02,40,8,5,850.0,boutique
3886,2026-07-03,40,8,4,850.0,boutique
3887,2026-07-04,40,8,4,850.0,revendeur
3888,2026-07-05,40,8,5,850.0,boutique
3889,2026-07-06,40,8,4,850.0,boutique
3890,2026-07-07,40,8,5,850.0,boutique
3891,2026-07-08,40,8,4,850.0,boutique
3892,2026-07-09,40,8,5,850.0,boutique
3893,2026-07-10,40,8,4,850.0,boutique
3894,2026-07-11,40,8,3,850.0,boutique
3895,2026-07-12,40,8,4,850.0,boutique
3896,2026-07-13,40,8,5,850.0,revendeur
3897,2026-07-14,40,8,5,850.0,revendeur
3898,2026-07-15,40,8,5,850.0,en_ligne
3899,2026-07-16,40,8,5,850.0,boutique
3900,2026-07-17,40,8,6,850.0,revendeur
3901,2026-07-18,40,8,4,850.0,revendeur
3902,2026-07-19,40,8,3,850.0,boutique
3903,2026-07-20,40,8,3,850.0,en_ligne
3904,2026-07-21,40,8,5,850.0,boutique
3905,2026-07-22,40,8,5,850.0,boutique
3906,2026-07-23,40,8,3,850.0,boutique
3907,2026-07-24,40,8,3,850.0,boutique
3908,2026-07-25,40,8,4,850.0,boutique
3909,2026-07-26,40,8,2,850.0,boutique
3910,2026-07-27,40,8,3,850.0,boutique
3911,2026-07-28,40,8,5,850.0,boutique
3912,2026-07-29,40,8,4,850.0,en_ligne
3913,2026-07-30,40,8,4,850.0,boutique
3914,2026-07-31,40,8,4,850.0,boutique
3915,2026-08-01,40,8,4,850.0,boutique
3916,2026-08-02,40,8,4,850.0,revendeur
3917,2026-08-03,40,8,2,850.0,boutique
3918,2026-08-04,40,8,3,850.0,boutique
3919,2026-08-05,40,8,4,850.0,en_ligne
3920,2026-08-06,40,8,5,850.0,boutique
3921,2026-05-29,40,9,3,1200.0,boutique
3922,2026-05-30,40,9,2,1200.0,boutique
3923,2026-05-31,40,9,3,1200.0,boutique
3924,2026-06-01,40,9,2,1200.0,boutique
3925,2026-06-02,40,9,3,1200.0,boutique
3926,2026-06-03,40,9,2,1200.0,boutique
3927,2026-06-04,40,9,2,1200.0,boutique
3928,2026-06-05,40,9,2,1200.0,boutique
3929,2026-06-06,40,9,2,1200.0,en_ligne
3930,2026-06-07,40,9,2,1200.0,boutique
3931,2026-06-08,40,9,3,1200.0,boutique
3932,2026-06-09,40,9,3,1200.0,boutique
3933,2026-06-10,40,9,3,1200.0,en_ligne
3934,2026-06-11,40,9,3,1200.0,revendeur
3935,2026-06-12,40,9,2,1200.0,boutique
3936,2026-06-13,40,9,3,1200.0,boutique
3937,2026-06-14,40,9,2,1200.0,boutique
3938,2026-06-15,40,9,2,1200.0,boutique
3939,2026-06-16,40,9,2,1200.0,boutique
3940,2026-06-17,40,9,3,1200.0,boutique
3941,2026-06-18,40,9,2,1200.0,revendeur
3942,2026-06-19,40,9,2,1200.0,boutique
3943,2026-06-20,40,9,3,1200.0,boutique
3944,2026-06-21,40,9,3,1200.0,boutique
3945,2026-06-22,40,9,2,1200.0,en_ligne
3946,2026-06-23,40,9,2,1200.0,boutique
3947,2026-06-24,40,9,2,1200.0,en_ligne
3948,2026-06-25,40,9,3,1200.0,revendeur
3949,2026-06-26,40,9,2,1200.0,boutique
3950,2026-06-27,40,9,2,1200.0,boutique
3951,2026-06-28,40,9,2,1200.0,boutique
3952,2026-06-29,40,9,3,1200.0,boutique
3953,2026-06-30,40,9,3,1200.0,boutique
3954,2026-07-01,40,9,3,1200.0,boutique
3955,2026-07-02,40,9,2,1200.0,boutique
3956,2026-07-03,40,9,2,1200.0,boutique
3957,2026-07-04,40,9,1,1200.0,revendeur
3958,2026-07-05,40,9,2,1200.0,revendeur
3959,2026-07-06,40,9,2,1200.0,boutique
3960,2026-07-07,40,9,3,1200.0,boutique
3961,2026-07-08,40,9,2,1200.0,revendeur
3962,2026-07-09,40,9,2,1200.0,boutique
3963,2026-07-10,40,9,2,1200.0,boutique
3964,2026-07-11,40,9,2,1200.0,boutique
3965,2026-07-12,40,9,3,1200.0,boutique
3966,2026-07-13,40,9,2,1200.0,boutique
3967,2026-07-14,40,9,2,1200.0,boutique
3968,2026-07-15,40,9,2,1200.0,revendeur
3969,2026-07-16,40,9,2,1200.0,boutique
3970,2026-07-17,40,9,2,1200.0,en_ligne
3971,2026-07-18,40,9,2,1200.0,boutique
3972,2026-07-19,40,9,2,1200.0,boutique
3973,2026-07-20,40,9,2,1200.0,boutique
3974,2026-07-21,40,9,3,1200.0,boutique
3975,2026-07-22,40,9,1,1200.0,en_ligne
3976,2026-07-23,40,9,2,1200.0,boutique
3977,2026-07-24,40,9,2,1200.0,revendeur
3978,2026-07-25,40,9,2,1200.0,boutique
3979,2026-07-26,40,9,2,1200.0,boutique
3980,2026-07-27,40,9,2,1200.0,boutique
3981,2026-07-28,40,9,2,1200.0,boutique
3982,2026-07-29,40,9,3,1200.0,boutique
3983,2026-07-30,40,9,3,1200.0,boutique
3984,2026-07-31,40,9,2,1200.0,boutique
3985,2026-08-01,40,9,2,1200.0,boutique
3986,2026-08-02,40,9,3,1200.0,boutique
3987,2026-08-03,40,9,2,1200.0,boutique
3988,2026-08-04,40,9,2,1200.0,boutique
3989,2026-08-05,40,9,2,1200.0,boutique
3990,2026-08-06,40,9,1,1200.0,boutique
3991,2026-05-29,40,10,4,1100.0,boutique
3992,2026-05-30,40,10,3,1100.0,boutique
3993,2026-05-31,40,10,3,1100.0,boutique
3994,2026-06-01,40,10,2,1100.0,boutique
3995,2026-06-02,40,10,3,1100.0,boutique
3996,2026-06-03,40,10,4,1100.0,boutique
3997,2026-06-04,40,10,4,1100.0,boutique
3998,2026-06-05,40,10,5,1100.0,en_ligne
3999,2026-06-06,40,10,3,1100.0,boutique
4000,2026-06-07,40,10,3,1100.0,en_ligne
4001,2026-06-08,40,10,3,1100.0,boutique
4002,2026-06-09,40,10,5,1100.0,boutique
4003,2026-06-10,40,10,2,1100.0,boutique
4004,2026-06-11,40,10,2,1100.0,boutique
4005,2026-06-12,40,10,3,1100.0,boutique
4006,2026-06-13,40,10,4,1100.0,boutique
4007,2026-06-14,40,10,2,1100.0,boutique
4008,2026-06-15,40,10,3,1100.0,boutique
4009,2026-06-16,40,10,3,1100.0,boutique
4010,2026-06-17,40,10,3,1100.0,revendeur
4011,2026-06-18,40,10,4,1100.0,boutique
4012,2026-06-19,40,10,4,1100.0,boutique
4013,2026-06-20,40,10,4,1100.0,revendeur
4014,2026-06-21,40,10,3,1100.0,boutique
4015,2026-06-22,40,10,3,1100.0,boutique
4016,2026-06-23,40,10,4,1100.0,en_ligne
4017,2026-06-24,40,10,4,1100.0,revendeur
4018,2026-06-25,40,10,3,1100.0,boutique
4019,2026-06-26,40,10,3,1100.0,boutique
4020,2026-06-27,40,10,3,1100.0,boutique
4021,2026-06-28,40,10,4,1100.0,boutique
4022,2026-06-29,40,10,4,1100.0,boutique
4023,2026-06-30,40,10,3,1100.0,boutique
4024,2026-07-01,40,10,3,1100.0,en_ligne
4025,2026-07-02,40,10,3,1100.0,en_ligne
4026,2026-07-03,40,10,4,1100.0,boutique
4027,2026-07-04,40,10,3,1100.0,boutique
4028,2026-07-05,40,10,3,1100.0,boutique
4029,2026-07-06,40,10,4,1100.0,revendeur
4030,2026-07-07,40,10,5,1100.0,en_ligne
4031,2026-07-08,40,10,4,1100.0,boutique
4032,2026-07-09,40,10,3,1100.0,en_ligne
4033,2026-07-10,40,10,3,1100.0,boutique
4034,2026-07-11,40,10,4,1100.0,boutique
4035,2026-07-12,40,10,3,1100.0,boutique
4036,2026-07-13,40,10,3,1100.0,revendeur
4037,2026-07-14,40,10,5,1100.0,en_ligne
4038,2026-07-15,40,10,2,1100.0,revendeur
4039,2026-07-16,40,10,3,1100.0,boutique
4040,2026-07-17,40,10,3,1100.0,boutique
4041,2026-07-18,40,10,2,1100.0,en_ligne
4042,2026-07-19,40,10,3,1100.0,boutique
4043,2026-07-20,40,10,4,1100.0,boutique
4044,2026-07-21,40,10,4,1100.0,boutique
4045,2026-07-22,40,10,2,1100.0,boutique
4046,2026-07-23,40,10,3,1100.0,boutique
4047,2026-07-24,40,10,4,1100.0,boutique
4048,2026-07-25,40,10,4,1100.0,boutique
4049,2026-07-26,40,10,3,1100.0,boutique
4050,2026-07-27,40,10,2,1100.0,boutique
4051,2026-07-28,40,10,3,1100.0,revendeur
4052,2026-07-29,40,10,3,1100.0,revendeur
4053,2026-07-30,40,10,3,1100.0,boutique
4054,2026-07-31,40,10,3,1100.0,boutique
4055,2026-08-01,40,10,3,1100.0,boutique
4056,2026-08-02,40,10,3,1100.0,boutique
4057,2026-08-03,40,10,3,1100.0,boutique
4058,2026-08-04,40,10,3,1100.0,en_ligne
4059,2026-08-05,40,10,4,1100.0,boutique
4060,2026-08-06,40,10,3,1100.0,boutique
4061,2026-05-29,40,11,4,500.0,boutique
4062,2026-05-30,40,11,6,500.0,boutique
4063,2026-05-31,40,11,4,500.0,en_ligne
4064,2026-06-01,40,11,4,500.0,en_ligne
4065,2026-06-02,40,11,5,500.0,boutique
4066,2026-06-03,40,11,5,500.0,boutique
4067,2026-06-04,40,11,5,500.0,boutique
4068,2026-06-05,40,11,3,500.0,boutique
4069,2026-06-06,40,11,4,500.0,revendeur
4070,2026-06-07,40,11,6,500.0,boutique
4071,2026-06-08,40,11,5,500.0,boutique
4072,2026-06-09,40,11,5,500.0,en_ligne
4073,2026-06-10,40,11,6,500.0,boutique
4074,2026-06-11,40,11,5,500.0,boutique
4075,2026-06-12,40,11,5,500.0,boutique
4076,2026-06-13,40,11,4,500.0,boutique
4077,2026-06-14,40,11,4,500.0,boutique
4078,2026-06-15,40,11,6,500.0,boutique
4079,2026-06-16,40,11,7,500.0,boutique
4080,2026-06-17,40,11,4,500.0,boutique
4081,2026-06-18,40,11,4,500.0,boutique
4082,2026-06-19,40,11,4,500.0,en_ligne
4083,2026-06-20,40,11,4,500.0,boutique
4084,2026-06-21,40,11,4,500.0,revendeur
4085,2026-06-22,40,11,7,500.0,boutique
4086,2026-06-23,40,11,7,500.0,boutique
4087,2026-06-24,40,11,5,500.0,boutique
4088,2026-06-25,40,11,4,500.0,boutique
4089,2026-06-26,40,11,6,500.0,en_ligne
4090,2026-06-27,40,11,5,500.0,boutique
4091,2026-06-28,40,11,5,500.0,boutique
4092,2026-06-29,40,11,3,500.0,boutique
4093,2026-06-30,40,11,5,500.0,boutique
4094,2026-07-01,40,11,4,500.0,boutique
4095,2026-07-02,40,11,6,500.0,en_ligne
4096,2026-07-03,40,11,5,500.0,revendeur
4097,2026-07-04,40,11,4,500.0,boutique
4098,2026-07-05,40,11,5,500.0,revendeur
4099,2026-07-06,40,11,5,500.0,boutique
4100,2026-07-07,40,11,4,500.0,boutique
4101,2026-07-08,40,11,5,500.0,en_ligne
4102,2026-07-09,40,11,4,500.0,boutique
4103,2026-07-10,40,11,6,500.0,boutique
4104,2026-07-11,40,11,6,500.0,en_ligne
4105,2026-07-12,40,11,6,500.0,boutique
4106,2026-07-13,40,11,4,500.0,boutique
4107,2026-07-14,40,11,6,500.0,boutique
4108,2026-07-15,40,11,6,500.0,boutique
4109,2026-07-16,40,11,5,500.0,boutique
4110,2026-07-17,40,11,6,500.0,boutique
4111,2026-07-18,40,11,5,500.0,boutique
4112,2026-07-19,40,11,4,500.0,revendeur
4113,2026-07-20,40,11,6,500.0,boutique
4114,2026-07-21,40,11,7,500.0,en_ligne
4115,2026-07-22,40,11,5,500.0,revendeur
4116,2026-07-23,40,11,5,500.0,boutique
4117,2026-07-24,40,11,7,500.0,boutique
4118,2026-07-25,40,11,6,500.0,boutique
4119,2026-07-26,40,11,6,500.0,boutique
4120,2026-07-27,40,11,5,500.0,boutique
4121,2026-07-28,40,11,5,500.0,boutique
4122,2026-07-29,40,11,6,500.0,revendeur
4123,2026-07-30,40,11,4,500.0,boutique
4124,2026-07-31,40,11,4,500.0,en_ligne
4125,2026-08-01,40,11,4,500.0,en_ligne
4126,2026-08-02,40,11,3,500.0,boutique
4127,2026-08-03,40,11,5,500.0,boutique
4128,2026-08-04,40,11,6,500.0,boutique
4129,2026-08-05,40,11,6,500.0,boutique
4130,2026-08-06,40,11,5,500.0,boutique
4131,2026-05-29,40,12,5,600.0,boutique
4132,2026-05-30,40,12,4,600.0,boutique
4133,2026-05-31,40,12,4,600.0,boutique
4134,2026-06-01,40,12,3,600.0,boutique
4135,2026-06-02,40,12,3,600.0,boutique
4136,2026-06-03,40,12,3,600.0,boutique
4137,2026-06-04,40,12,6,600.0,en_ligne
4138,2026-06-05,40,12,5,600.0,boutique
4139,2026-06-06,40,12,4,600.0,boutique
4140,2026-06-07,40,12,4,600.0,boutique
4141,2026-06-08,40,12,4,600.0,boutique
4142,2026-06-09,40,12,3,600.0,boutique
4143,2026-06-10,40,12,4,600.0,boutique
4144,2026-06-11,40,12,3,600.0,en_ligne
4145,2026-06-12,40,12,6,600.0,boutique
4146,2026-06-13,40,12,4,600.0,boutique
4147,2026-06-14,40,12,4,600.0,en_ligne
4148,2026-06-15,40,12,5,600.0,boutique
4149,2026-06-16,40,12,4,600.0,boutique
4150,2026-06-17,40,12,4,600.0,boutique
4151,2026-06-18,40,12,4,600.0,revendeur
4152,2026-06-19,40,12,4,600.0,boutique
4153,2026-06-20,40,12,3,600.0,boutique
4154,2026-06-21,40,12,5,600.0,revendeur
4155,2026-06-22,40,12,5,600.0,revendeur
4156,2026-06-23,40,12,4,600.0,boutique
4157,2026-06-24,40,12,4,600.0,boutique
4158,2026-06-25,40,12,3,600.0,boutique
4159,2026-06-26,40,12,4,600.0,revendeur
4160,2026-06-27,40,12,3,600.0,boutique
4161,2026-06-28,40,12,3,600.0,boutique
4162,2026-06-29,40,12,4,600.0,en_ligne
4163,2026-06-30,40,12,4,600.0,boutique
4164,2026-07-01,40,12,5,600.0,en_ligne
4165,2026-07-02,40,12,5,600.0,boutique
4166,2026-07-03,40,12,4,600.0,boutique
4167,2026-07-04,40,12,5,600.0,boutique
4168,2026-07-05,40,12,5,600.0,boutique
4169,2026-07-06,40,12,3,600.0,boutique
4170,2026-07-07,40,12,5,600.0,boutique
4171,2026-07-08,40,12,4,600.0,boutique
4172,2026-07-09,40,12,5,600.0,boutique
4173,2026-07-10,40,12,5,600.0,revendeur
4174,2026-07-11,40,12,5,600.0,boutique
4175,2026-07-12,40,12,4,600.0,boutique
4176,2026-07-13,40,12,5,600.0,en_ligne
4177,2026-07-14,40,12,3,600.0,boutique
4178,2026-07-15,40,12,3,600.0,revendeur
4179,2026-07-16,40,12,4,600.0,boutique
4180,2026-07-17,40,12,4,600.0,boutique
4181,2026-07-18,40,12,4,600.0,boutique
4182,2026-07-19,40,12,4,600.0,boutique
4183,2026-07-20,40,12,4,600.0,boutique
4184,2026-07-21,40,12,3,600.0,boutique
4185,2026-07-22,40,12,4,600.0,boutique
4186,2026-07-23,40,12,4,600.0,boutique
4187,2026-07-24,40,12,5,600.0,boutique
4188,2026-07-25,40,12,4,600.0,revendeur
4189,2026-07-26,40,12,5,600.0,boutique
4190,2026-07-27,40,12,5,600.0,en_ligne
4191,2026-07-28,40,12,3,600.0,boutique
4192,2026-07-29,40,12,4,600.0,en_ligne
4193,2026-07-30,40,12,3,600.0,en_ligne
4194,2026-07-31,40,12,4,600.0,boutique
4195,2026-08-01,40,12,5,600.0,boutique
4196,2026-08-02,40,12,4,600.0,boutique
4197,2026-08-03,40,12,5,600.0,boutique
4198,2026-08-04,40,12,4,600.0,en_ligne
4199,2026-08-05,40,12,4,600.0,boutique
4200,2026-08-06,40,12,4,600.0,boutique
4201,2026-05-29,40,13,3,1500.0,boutique
4202,2026-05-30,40,13,3,1500.0,boutique
4203,2026-05-31,40,13,3,1500.0,revendeur
4204,2026-06-01,40,13,3,1500.0,boutique
4205,2026-06-02,40,13,2,1500.0,boutique
4206,2026-06-03,40,13,3,1500.0,boutique
4207,2026-06-04,40,13,3,1500.0,boutique
4208,2026-06-05,40,13,2,1500.0,boutique
4209,2026-06-06,40,13,1,1500.0,en_ligne
4210,2026-06-07,40,13,3,1500.0,en_ligne
4211,2026-06-08,40,13,2,1500.0,revendeur
4212,2026-06-09,40,13,3,1500.0,boutique
4213,2026-06-10,40,13,2,1500.0,boutique
4214,2026-06-11,40,13,3,1500.0,boutique
4215,2026-06-12,40,13,3,1500.0,boutique
4216,2026-06-13,40,13,2,1500.0,boutique
4217,2026-06-14,40,13,2,1500.0,en_ligne
4218,2026-06-15,40,13,2,1500.0,revendeur
4219,2026-06-16,40,13,2,1500.0,boutique
4220,2026-06-17,40,13,3,1500.0,boutique
4221,2026-06-18,40,13,1,1500.0,en_ligne
4222,2026-06-19,40,13,2,1500.0,boutique
4223,2026-06-20,40,13,2,1500.0,revendeur
4224,2026-06-21,40,13,3,1500.0,boutique
4225,2026-06-22,40,13,2,1500.0,boutique
4226,2026-06-23,40,13,2,1500.0,boutique
4227,2026-06-24,40,13,2,1500.0,en_ligne
4228,2026-06-25,40,13,1,1500.0,en_ligne
4229,2026-06-26,40,13,2,1500.0,boutique
4230,2026-06-27,40,13,2,1500.0,revendeur
4231,2026-06-28,40,13,2,1500.0,boutique
4232,2026-06-29,40,13,2,1500.0,boutique
4233,2026-06-30,40,13,3,1500.0,boutique
4234,2026-07-01,40,13,3,1500.0,revendeur
4235,2026-07-02,40,13,2,1500.0,boutique
4236,2026-07-03,40,13,3,1500.0,boutique
4237,2026-07-04,40,13,3,1500.0,boutique
4238,2026-07-05,40,13,2,1500.0,en_ligne
4239,2026-07-06,40,13,3,1500.0,boutique
4240,2026-07-07,40,13,3,1500.0,boutique
4241,2026-07-08,40,13,2,1500.0,boutique
4242,2026-07-09,40,13,2,1500.0,boutique
4243,2026-07-10,40,13,3,1500.0,en_ligne
4244,2026-07-11,40,13,2,1500.0,boutique
4245,2026-07-12,40,13,2,1500.0,boutique
4246,2026-07-13,40,13,3,1500.0,boutique
4247,2026-07-14,40,13,2,1500.0,boutique
4248,2026-07-15,40,13,2,1500.0,boutique
4249,2026-07-16,40,13,3,1500.0,boutique
4250,2026-07-17,40,13,2,1500.0,boutique
4251,2026-07-18,40,13,2,1500.0,boutique
4252,2026-07-19,40,13,2,1500.0,boutique
4253,2026-07-20,40,13,3,1500.0,boutique
4254,2026-07-21,40,13,3,1500.0,boutique
4255,2026-07-22,40,13,2,1500.0,boutique
4256,2026-07-23,40,13,3,1500.0,boutique
4257,2026-07-24,40,13,3,1500.0,boutique
4258,2026-07-25,40,13,3,1500.0,boutique
4259,2026-07-26,40,13,3,1500.0,boutique
4260,2026-07-27,40,13,2,1500.0,boutique
4261,2026-07-28,40,13,2,1500.0,boutique
4262,2026-07-29,40,13,3,1500.0,boutique
4263,2026-07-30,40,13,3,1500.0,boutique
4264,2026-07-31,40,13,3,1500.0,revendeur
4265,2026-08-01,40,13,3,1500.0,boutique
4266,2026-08-02,40,13,3,1500.0,boutique
4267,2026-08-03,40,13,2,1500.0,boutique
4268,2026-08-04,40,13,3,1500.0,en_ligne
4269,2026-08-05,40,13,2,1500.0,en_ligne
4270,2026-08-06,40,13,2,1500.0,en_ligne
4271,2026-05-29,40,14,4,450.0,en_ligne
4272,2026-05-30,40,14,10,450.0,boutique
4273,2026-05-31,40,14,10,450.0,boutique
4274,2026-06-01,40,14,8,450.0,boutique
4275,2026-06-02,40,14,5,450.0,boutique
4276,2026-06-03,40,14,7,450.0,boutique
4277,2026-06-04,40,14,5,450.0,boutique
4278,2026-06-05,40,14,11,450.0,boutique
4279,2026-06-06,40,14,9,450.0,en_ligne
4280,2026-06-07,40,14,12,450.0,boutique
4281,2026-06-08,40,14,8,450.0,boutique
4282,2026-06-09,40,14,9,450.0,en_ligne
4283,2026-06-10,40,14,10,450.0,boutique
4284,2026-06-11,40,14,4,450.0,en_ligne
4285,2026-06-12,40,14,8,450.0,en_ligne
4286,2026-06-13,40,14,13,450.0,boutique
4287,2026-06-14,40,14,8,450.0,revendeur
4288,2026-06-15,40,14,7,450.0,boutique
4289,2026-06-16,40,14,7,450.0,boutique
4290,2026-06-17,40,14,6,450.0,boutique
4291,2026-06-18,40,14,11,450.0,boutique
4292,2026-06-19,40,14,7,450.0,boutique
4293,2026-06-20,40,14,10,450.0,boutique
4294,2026-06-21,40,14,10,450.0,boutique
4295,2026-06-22,40,14,7,450.0,boutique
4296,2026-06-23,40,14,6,450.0,boutique
4297,2026-06-24,40,14,5,450.0,boutique
4298,2026-06-25,40,14,7,450.0,boutique
4299,2026-06-26,40,14,7,450.0,boutique
4300,2026-06-27,40,14,11,450.0,boutique
4301,2026-06-28,40,14,10,450.0,boutique
4302,2026-06-29,40,14,7,450.0,boutique
4303,2026-06-30,40,14,8,450.0,revendeur
4304,2026-07-01,40,14,9,450.0,boutique
4305,2026-07-02,40,14,9,450.0,boutique
4306,2026-07-03,40,14,10,450.0,boutique
4307,2026-07-04,40,14,10,450.0,boutique
4308,2026-07-05,40,14,10,450.0,en_ligne
4309,2026-07-06,40,14,6,450.0,boutique
4310,2026-07-07,40,14,9,450.0,en_ligne
4311,2026-07-08,40,14,6,450.0,boutique
4312,2026-07-09,40,14,7,450.0,boutique
4313,2026-07-10,40,14,5,450.0,boutique
4314,2026-07-11,40,14,12,450.0,boutique
4315,2026-07-12,40,14,12,450.0,revendeur
4316,2026-07-13,40,14,9,450.0,boutique
4317,2026-07-14,40,14,8,450.0,revendeur
4318,2026-07-15,40,14,9,450.0,boutique
4319,2026-07-16,40,14,6,450.0,boutique
4320,2026-07-17,40,14,7,450.0,revendeur
4321,2026-07-18,40,14,11,450.0,boutique
4322,2026-07-19,40,14,13,450.0,boutique
4323,2026-07-20,40,14,6,450.0,en_ligne
4324,2026-07-21,40,14,7,450.0,en_ligne
4325,2026-07-22,40,14,10,450.0,en_ligne
4326,2026-07-23,40,14,5,450.0,boutique
4327,2026-07-24,40,14,7,450.0,boutique
4328,2026-07-25,40,14,6,450.0,boutique
4329,2026-07-26,40,14,12,450.0,boutique
4330,2026-07-27,40,14,6,450.0,boutique
4331,2026-07-28,40,14,7,450.0,boutique
4332,2026-07-29,40,14,6,450.0,boutique
4333,2026-07-30,40,14,8,450.0,boutique
4334,2026-07-31,40,14,5,450.0,boutique
4335,2026-08-01,40,14,8,450.0,revendeur
4336,2026-08-02,40,14,6,450.0,boutique
4337,2026-08-03,40,14,7,450.0,en_ligne
4338,2026-08-04,40,14,6,450.0,boutique
4339,2026-08-05,40,14,7,450.0,boutique
4340,2026-08-06,40,14,8,450.0,boutique
4341,2026-05-29,40,15,6,500.0,en_ligne
4342,2026-05-30,40,15,5,500.0,boutique
4343,2026-05-31,40,15,8,500.0,boutique
4344,2026-06-01,40,15,5,500.0,boutique
4345,2026-06-02,40,15,6,500.0,boutique
4346,2026-06-03,40,15,5,500.0,boutique
4347,2026-06-04,40,15,6,500.0,boutique
4348,2026-06-05,40,15,7,500.0,en_ligne
4349,2026-06-06,40,15,10,500.0,en_ligne
4350,2026-06-07,40,15,8,500.0,boutique
4351,2026-06-08,40,15,6,500.0,boutique
4352,2026-06-09,40,15,9,500.0,boutique
4353,2026-06-10,40,15,5,500.0,boutique
4354,2026-06-11,40,15,8,500.0,boutique
4355,2026-06-12,40,15,6,500.0,boutique
4356,2026-06-13,40,15,7,500.0,boutique
4357,2026-06-14,40,15,7,500.0,boutique
4358,2026-06-15,40,15,6,500.0,en_ligne
4359,2026-06-16,40,15,7,500.0,revendeur
4360,2026-06-17,40,15,6,500.0,boutique
4361,2026-06-18,40,15,8,500.0,revendeur
4362,2026-06-19,40,15,6,500.0,en_ligne
4363,2026-06-20,40,15,9,500.0,boutique
4364,2026-06-21,40,15,8,500.0,boutique
4365,2026-06-22,40,15,5,500.0,boutique
4366,2026-06-23,40,15,4,500.0,boutique
4367,2026-06-24,40,15,7,500.0,boutique
4368,2026-06-25,40,15,6,500.0,boutique
4369,2026-06-26,40,15,7,500.0,boutique
4370,2026-06-27,40,15,6,500.0,boutique
4371,2026-06-28,40,15,8,500.0,revendeur
4372,2026-06-29,40,15,5,500.0,boutique
4373,2026-06-30,40,15,7,500.0,en_ligne
4374,2026-07-01,40,15,7,500.0,boutique
4375,2026-07-02,40,15,4,500.0,boutique
4376,2026-07-03,40,15,7,500.0,boutique
4377,2026-07-04,40,15,9,500.0,boutique
4378,2026-07-05,40,15,10,500.0,boutique
4379,2026-07-06,40,15,7,500.0,boutique
4380,2026-07-07,40,15,7,500.0,revendeur
4381,2026-07-08,40,15,7,500.0,boutique
4382,2026-07-09,40,15,6,500.0,boutique
4383,2026-07-10,40,15,7,500.0,boutique
4384,2026-07-11,40,15,6,500.0,boutique
4385,2026-07-12,40,15,10,500.0,boutique
4386,2026-07-13,40,15,4,500.0,boutique
4387,2026-07-14,40,15,6,500.0,boutique
4388,2026-07-15,40,15,7,500.0,boutique
4389,2026-07-16,40,15,10,500.0,revendeur
4390,2026-07-17,40,15,7,500.0,boutique
4391,2026-07-18,40,15,9,500.0,boutique
4392,2026-07-19,40,15,7,500.0,boutique
4393,2026-07-20,40,15,5,500.0,boutique
4394,2026-07-21,40,15,7,500.0,boutique
4395,2026-07-22,40,15,6,500.0,boutique
4396,2026-07-23,40,15,7,500.0,boutique
4397,2026-07-24,40,15,6,500.0,en_ligne
4398,2026-07-25,40,15,8,500.0,boutique
4399,2026-07-26,40,15,8,500.0,en_ligne
4400,2026-07-27,40,15,8,500.0,boutique
4401,2026-07-28,40,15,7,500.0,boutique
4402,2026-07-29,40,15,6,500.0,boutique
4403,2026-07-30,40,15,6,500.0,en_ligne
4404,2026-07-31,40,15,6,500.0,boutique
4405,2026-08-01,40,15,11,500.0,boutique
4406,2026-08-02,40,15,7,500.0,boutique
4407,2026-08-03,40,15,7,500.0,revendeur
4408,2026-08-04,40,15,7,500.0,boutique
4409,2026-08-05,40,15,6,500.0,revendeur
4410,2026-08-06,40,15,6,500.0,revendeur
4411,2026-05-29,40,16,7,400.0,boutique
4412,2026-05-30,40,16,6,400.0,boutique
4413,2026-05-31,40,16,6,400.0,boutique
4414,2026-06-01,40,16,5,400.0,boutique
4415,2026-06-02,40,16,5,400.0,boutique
4416,2026-06-03,40,16,8,400.0,boutique
4417,2026-06-04,40,16,7,400.0,revendeur
4418,2026-06-05,40,16,5,400.0,en_ligne
4419,2026-06-06,40,16,7,400.0,boutique
4420,2026-06-07,40,16,7,400.0,revendeur
4421,2026-06-08,40,16,7,400.0,boutique
4422,2026-06-09,40,16,7,400.0,boutique
4423,2026-06-10,40,16,5,400.0,boutique
4424,2026-06-11,40,16,4,400.0,boutique
4425,2026-06-12,40,16,3,400.0,boutique
4426,2026-06-13,40,16,6,400.0,boutique
4427,2026-06-14,40,16,9,400.0,boutique
4428,2026-06-15,40,16,6,400.0,boutique
4429,2026-06-16,40,16,4,400.0,boutique
4430,2026-06-17,40,16,6,400.0,en_ligne
4431,2026-06-18,40,16,5,400.0,boutique
4432,2026-06-19,40,16,7,400.0,boutique
4433,2026-06-20,40,16,6,400.0,boutique
4434,2026-06-21,40,16,8,400.0,boutique
4435,2026-06-22,40,16,6,400.0,boutique
4436,2026-06-23,40,16,5,400.0,boutique
4437,2026-06-24,40,16,4,400.0,boutique
4438,2026-06-25,40,16,5,400.0,boutique
4439,2026-06-26,40,16,6,400.0,revendeur
4440,2026-06-27,40,16,8,400.0,boutique
4441,2026-06-28,40,16,4,400.0,revendeur
4442,2026-06-29,40,16,5,400.0,boutique
4443,2026-06-30,40,16,4,400.0,en_ligne
4444,2026-07-01,40,16,7,400.0,en_ligne
4445,2026-07-02,40,16,5,400.0,en_ligne
4446,2026-07-03,40,16,6,400.0,revendeur
4447,2026-07-04,40,16,9,400.0,en_ligne
4448,2026-07-05,40,16,7,400.0,boutique
4449,2026-07-06,40,16,7,400.0,boutique
4450,2026-07-07,40,16,8,400.0,boutique
4451,2026-07-08,40,16,8,400.0,boutique
4452,2026-07-09,40,16,6,400.0,boutique
4453,2026-07-10,40,16,5,400.0,en_ligne
4454,2026-07-11,40,16,7,400.0,en_ligne
4455,2026-07-12,40,16,9,400.0,boutique
4456,2026-07-13,40,16,6,400.0,boutique
4457,2026-07-14,40,16,4,400.0,boutique
4458,2026-07-15,40,16,5,400.0,boutique
4459,2026-07-16,40,16,6,400.0,boutique
4460,2026-07-17,40,16,4,400.0,boutique
4461,2026-07-18,40,16,6,400.0,en_ligne
4462,2026-07-19,40,16,8,400.0,boutique
4463,2026-07-20,40,16,5,400.0,en_ligne
4464,2026-07-21,40,16,6,400.0,boutique
4465,2026-07-22,40,16,6,400.0,boutique
4466,2026-07-23,40,16,4,400.0,en_ligne
4467,2026-07-24,40,16,5,400.0,boutique
4468,2026-07-25,40,16,5,400.0,en_ligne
4469,2026-07-26,40,16,9,400.0,boutique
4470,2026-07-27,40,16,5,400.0,boutique
4471,2026-07-28,40,16,7,400.0,boutique
4472,2026-07-29,40,16,8,400.0,revendeur
4473,2026-07-30,40,16,6,400.0,boutique
4474,2026-07-31,40,16,6,400.0,boutique
4475,2026-08-01,40,16,9,400.0,boutique
4476,2026-08-02,40,16,10,400.0,en_ligne
4477,2026-08-03,40,16,6,400.0,boutique
4478,2026-08-04,40,16,4,400.0,boutique
4479,2026-08-05,40,16,6,400.0,en_ligne
4480,2026-08-06,40,16,5,400.0,boutique
4481,2026-05-29,50,1,4,800.0,boutique
4482,2026-05-30,50,1,5,800.0,boutique
4483,2026-05-31,50,1,4,800.0,boutique
4484,2026-06-01,50,1,4,800.0,boutique
4485,2026-06-02,50,1,5,800.0,en_ligne
4486,2026-06-03,50,1,5,800.0,boutique
4487,2026-06-04,50,1,3,800.0,boutique
4488,2026-06-05,50,1,4,800.0,boutique
4489,2026-06-06,50,1,5,800.0,boutique
4490,2026-06-07,50,1,4,800.0,en_ligne
4491,2026-06-08,50,1,5,800.0,revendeur
4492,2026-06-09,50,1,4,800.0,boutique
4493,2026-06-10,50,1,4,800.0,boutique
4494,2026-06-11,50,1,5,800.0,boutique
4495,2026-06-12,50,1,4,800.0,revendeur
4496,2026-06-13,50,1,3,800.0,boutique
4497,2026-06-14,50,1,5,800.0,boutique
4498,2026-06-15,50,1,5,800.0,boutique
4499,2026-06-16,50,1,4,800.0,boutique
4500,2026-06-17,50,1,4,800.0,boutique
4501,2026-06-18,50,1,3,800.0,boutique
4502,2026-06-19,50,1,3,800.0,boutique
4503,2026-06-20,50,1,2,800.0,boutique
4504,2026-06-21,50,1,5,800.0,boutique
4505,2026-06-22,50,1,5,800.0,boutique
4506,2026-06-23,50,1,3,800.0,en_ligne
4507,2026-06-24,50,1,5,800.0,boutique
4508,2026-06-25,50,1,6,800.0,boutique
4509,2026-06-26,50,1,3,800.0,boutique
4510,2026-06-27,50,1,3,800.0,en_ligne
4511,2026-06-28,50,1,4,800.0,en_ligne
4512,2026-06-29,50,1,5,800.0,boutique
4513,2026-06-30,50,1,5,800.0,boutique
4514,2026-07-01,50,1,3,800.0,boutique
4515,2026-07-02,50,1,4,800.0,boutique
4516,2026-07-03,50,1,4,800.0,boutique
4517,2026-07-04,50,1,3,800.0,boutique
4518,2026-07-05,50,1,4,800.0,en_ligne
4519,2026-07-06,50,1,2,800.0,en_ligne
4520,2026-07-07,50,1,4,800.0,boutique
4521,2026-07-08,50,1,5,800.0,revendeur
4522,2026-07-09,50,1,5,800.0,boutique
4523,2026-07-10,50,1,4,800.0,boutique
4524,2026-07-11,50,1,5,800.0,boutique
4525,2026-07-12,50,1,4,800.0,boutique
4526,2026-07-13,50,1,4,800.0,boutique
4527,2026-07-14,50,1,5,800.0,boutique
4528,2026-07-15,50,1,3,800.0,boutique
4529,2026-07-16,50,1,4,800.0,en_ligne
4530,2026-07-17,50,1,4,800.0,boutique
4531,2026-07-18,50,1,5,800.0,boutique
4532,2026-07-19,50,1,3,800.0,boutique
4533,2026-07-20,50,1,5,800.0,boutique
4534,2026-07-21,50,1,2,800.0,boutique
4535,2026-07-22,50,1,4,800.0,en_ligne
4536,2026-07-23,50,1,4,800.0,boutique
4537,2026-07-24,50,1,3,800.0,boutique
4538,2026-07-25,50,1,3,800.0,boutique
4539,2026-07-26,50,1,4,800.0,en_ligne
4540,2026-07-27,50,1,4,800.0,boutique
4541,2026-07-28,50,1,5,800.0,boutique
4542,2026-07-29,50,1,5,800.0,boutique
4543,2026-07-30,50,1,4,800.0,boutique
4544,2026-07-31,50,1,4,800.0,boutique
4545,2026-08-01,50,1,5,800.0,boutique
4546,2026-08-02,50,1,4,800.0,boutique
4547,2026-08-03,50,1,6,800.0,en_ligne
4548,2026-08-04,50,1,3,800.0,boutique
4549,2026-08-05,50,1,4,800.0,revendeur
4550,2026-08-06,50,1,5,800.0,boutique
4551,2026-05-29,50,2,2,4200.0,boutique
4552,2026-05-30,50,2,2,4200.0,boutique
4553,2026-05-31,50,2,3,4200.0,boutique
4554,2026-06-01,50,2,3,4200.0,boutique
4555,2026-06-02,50,2,3,4200.0,boutique
4556,2026-06-03,50,2,3,4200.0,revendeur
4557,2026-06-04,50,2,2,4200.0,boutique
4558,2026-06-05,50,2,3,4200.0,boutique
4559,2026-06-06,50,2,3,4200.0,boutique
4560,2026-06-07,50,2,2,4200.0,boutique
4561,2026-06-08,50,2,2,4200.0,boutique
4562,2026-06-09,50,2,2,4200.0,boutique
4563,2026-06-10,50,2,2,4200.0,en_ligne
4564,2026-06-11,50,2,3,4200.0,boutique
4565,2026-06-12,50,2,2,4200.0,en_ligne
4566,2026-06-13,50,2,2,4200.0,boutique
4567,2026-06-14,50,2,3,4200.0,en_ligne
4568,2026-06-15,50,2,2,4200.0,boutique
4569,2026-06-16,50,2,2,4200.0,boutique
4570,2026-06-17,50,2,3,4200.0,boutique
4571,2026-06-18,50,2,3,4200.0,boutique
4572,2026-06-19,50,2,3,4200.0,boutique
4573,2026-06-20,50,2,2,4200.0,en_ligne
4574,2026-06-21,50,2,2,4200.0,boutique
4575,2026-06-22,50,2,3,4200.0,boutique
4576,2026-06-23,50,2,3,4200.0,boutique
4577,2026-06-24,50,2,4,4200.0,boutique
4578,2026-06-25,50,2,2,4200.0,boutique
4579,2026-06-26,50,2,2,4200.0,boutique
4580,2026-06-27,50,2,3,4200.0,boutique
4581,2026-06-28,50,2,3,4200.0,revendeur
4582,2026-06-29,50,2,2,4200.0,boutique
4583,2026-06-30,50,2,2,4200.0,boutique
4584,2026-07-01,50,2,2,4200.0,en_ligne
4585,2026-07-02,50,2,3,4200.0,revendeur
4586,2026-07-03,50,2,3,4200.0,boutique
4587,2026-07-04,50,2,3,4200.0,boutique
4588,2026-07-05,50,2,4,4200.0,boutique
4589,2026-07-06,50,2,3,4200.0,boutique
4590,2026-07-07,50,2,3,4200.0,revendeur
4591,2026-07-08,50,2,3,4200.0,boutique
4592,2026-07-09,50,2,2,4200.0,en_ligne
4593,2026-07-10,50,2,3,4200.0,boutique
4594,2026-07-11,50,2,3,4200.0,en_ligne
4595,2026-07-12,50,2,2,4200.0,boutique
4596,2026-07-13,50,2,2,4200.0,boutique
4597,2026-07-14,50,2,2,4200.0,boutique
4598,2026-07-15,50,2,3,4200.0,en_ligne
4599,2026-07-16,50,2,3,4200.0,boutique
4600,2026-07-17,50,2,3,4200.0,boutique
4601,2026-07-18,50,2,2,4200.0,boutique
4602,2026-07-19,50,2,2,4200.0,en_ligne
4603,2026-07-20,50,2,2,4200.0,boutique
4604,2026-07-21,50,2,2,4200.0,boutique
4605,2026-07-22,50,2,3,4200.0,revendeur
4606,2026-07-23,50,2,2,4200.0,en_ligne
4607,2026-07-24,50,2,3,4200.0,boutique
4608,2026-07-25,50,2,3,4200.0,boutique
4609,2026-07-26,50,2,2,4200.0,revendeur
4610,2026-07-27,50,2,2,4200.0,boutique
4611,2026-07-28,50,2,2,4200.0,boutique
4612,2026-07-29,50,2,3,4200.0,boutique
4613,2026-07-30,50,2,2,4200.0,boutique
4614,2026-07-31,50,2,3,4200.0,boutique
4615,2026-08-01,50,2,3,4200.0,boutique
4616,2026-08-02,50,2,3,4200.0,revendeur
4617,2026-08-03,50,2,3,4200.0,en_ligne
4618,2026-08-04,50,2,2,4200.0,boutique
4619,2026-08-05,50,2,2,4200.0,boutique
4620,2026-08-06,50,2,2,4200.0,boutique
4621,2026-05-29,50,3,3,650.0,boutique
4622,2026-05-30,50,3,4,650.0,en_ligne
4623,2026-05-31,50,3,3,650.0,boutique
4624,2026-06-01,50,3,2,650.0,revendeur
4625,2026-06-02,50,3,3,650.0,boutique
4626,2026-06-03,50,3,3,650.0,boutique
4627,2026-06-04,50,3,3,650.0,boutique
4628,2026-06-05,50,3,2,650.0,boutique
4629,2026-06-06,50,3,5,650.0,boutique
4630,2026-06-07,50,3,3,650.0,revendeur
4631,2026-06-08,50,3,3,650.0,en_ligne
4632,2026-06-09,50,3,4,650.0,en_ligne
4633,2026-06-10,50,3,3,650.0,boutique
4634,2026-06-11,50,3,3,650.0,revendeur
4635,2026-06-12,50,3,4,650.0,boutique
4636,2026-06-13,50,3,4,650.0,boutique
4637,2026-06-14,50,3,4,650.0,boutique
4638,2026-06-15,50,3,4,650.0,boutique
4639,2026-06-16,50,3,3,650.0,boutique
4640,2026-06-17,50,3,2,650.0,boutique
4641,2026-06-18,50,3,2,650.0,boutique
4642,2026-06-19,50,3,3,650.0,boutique
4643,2026-06-20,50,3,2,650.0,boutique
4644,2026-06-21,50,3,3,650.0,boutique
4645,2026-06-22,50,3,3,650.0,boutique
4646,2026-06-23,50,3,2,650.0,boutique
4647,2026-06-24,50,3,3,650.0,boutique
4648,2026-06-25,50,3,3,650.0,boutique
4649,2026-06-26,50,3,3,650.0,en_ligne
4650,2026-06-27,50,3,3,650.0,boutique
4651,2026-06-28,50,3,3,650.0,en_ligne
4652,2026-06-29,50,3,3,650.0,en_ligne
4653,2026-06-30,50,3,3,650.0,boutique
4654,2026-07-01,50,3,2,650.0,revendeur
4655,2026-07-02,50,3,2,650.0,boutique
4656,2026-07-03,50,3,2,650.0,boutique
4657,2026-07-04,50,3,2,650.0,boutique
4658,2026-07-05,50,3,3,650.0,boutique
4659,2026-07-06,50,3,3,650.0,boutique
4660,2026-07-07,50,3,3,650.0,boutique
4661,2026-07-08,50,3,3,650.0,boutique
4662,2026-07-09,50,3,2,650.0,boutique
4663,2026-07-10,50,3,4,650.0,boutique
4664,2026-07-11,50,3,4,650.0,boutique
4665,2026-07-12,50,3,3,650.0,revendeur
4666,2026-07-13,50,3,3,650.0,en_ligne
4667,2026-07-14,50,3,3,650.0,boutique
4668,2026-07-15,50,3,3,650.0,boutique
4669,2026-07-16,50,3,3,650.0,revendeur
4670,2026-07-17,50,3,3,650.0,revendeur
4671,2026-07-18,50,3,2,650.0,boutique
4672,2026-07-19,50,3,3,650.0,boutique
4673,2026-07-20,50,3,3,650.0,boutique
4674,2026-07-21,50,3,2,650.0,boutique
4675,2026-07-22,50,3,4,650.0,boutique
4676,2026-07-23,50,3,3,650.0,en_ligne
4677,2026-07-24,50,3,3,650.0,boutique
4678,2026-07-25,50,3,3,650.0,boutique
4679,2026-07-26,50,3,3,650.0,boutique
4680,2026-07-27,50,3,2,650.0,boutique
4681,2026-07-28,50,3,4,650.0,boutique
4682,2026-07-29,50,3,3,650.0,boutique
4683,2026-07-30,50,3,3,650.0,boutique
4684,2026-07-31,50,3,2,650.0,boutique
4685,2026-08-01,50,3,3,650.0,boutique
4686,2026-08-02,50,3,3,650.0,en_ligne
4687,2026-08-03,50,3,3,650.0,boutique
4688,2026-08-04,50,3,4,650.0,en_ligne
4689,2026-08-05,50,3,3,650.0,revendeur
4690,2026-08-06,50,3,4,650.0,boutique
4691,2026-05-29,50,4,10,400.0,boutique
4692,2026-05-30,50,4,10,400.0,en_ligne
4693,2026-05-31,50,4,10,400.0,boutique
4694,2026-06-01,50,4,7,400.0,boutique
4695,2026-06-02,50,4,7,400.0,boutique
4696,2026-06-03,50,4,11,400.0,boutique
4697,2026-06-04,50,4,11,400.0,boutique
4698,2026-06-05,50,4,9,400.0,boutique
4699,2026-06-06,50,4,14,400.0,revendeur
4700,2026-06-07,50,4,9,400.0,boutique
4701,2026-06-08,50,4,10,400.0,boutique
4702,2026-06-09,50,4,9,400.0,en_ligne
4703,2026-06-10,50,4,9,400.0,boutique
4704,2026-06-11,50,4,10,400.0,boutique
4705,2026-06-12,50,4,9,400.0,boutique
4706,2026-06-13,50,4,11,400.0,boutique
4707,2026-06-14,50,4,11,400.0,en_ligne
4708,2026-06-15,50,4,11,400.0,en_ligne
4709,2026-06-16,50,4,7,400.0,boutique
4710,2026-06-17,50,4,8,400.0,boutique
4711,2026-06-18,50,4,10,400.0,boutique
4712,2026-06-19,50,4,10,400.0,en_ligne
4713,2026-06-20,50,4,13,400.0,en_ligne
4714,2026-06-21,50,4,11,400.0,boutique
4715,2026-06-22,50,4,9,400.0,boutique
4716,2026-06-23,50,4,7,400.0,boutique
4717,2026-06-24,50,4,10,400.0,revendeur
4718,2026-06-25,50,4,7,400.0,boutique
4719,2026-06-26,50,4,10,400.0,boutique
4720,2026-06-27,50,4,13,400.0,boutique
4721,2026-06-28,50,4,10,400.0,boutique
4722,2026-06-29,50,4,8,400.0,en_ligne
4723,2026-06-30,50,4,13,400.0,boutique
4724,2026-07-01,50,4,9,400.0,en_ligne
4725,2026-07-02,50,4,6,400.0,revendeur
4726,2026-07-03,50,4,11,400.0,boutique
4727,2026-07-04,50,4,12,400.0,boutique
4728,2026-07-05,50,4,11,400.0,en_ligne
4729,2026-07-06,50,4,9,400.0,en_ligne
4730,2026-07-07,50,4,8,400.0,boutique
4731,2026-07-08,50,4,8,400.0,boutique
4732,2026-07-09,50,4,8,400.0,boutique
4733,2026-07-10,50,4,8,400.0,en_ligne
4734,2026-07-11,50,4,10,400.0,revendeur
4735,2026-07-12,50,4,14,400.0,boutique
4736,2026-07-13,50,4,10,400.0,boutique
4737,2026-07-14,50,4,9,400.0,boutique
4738,2026-07-15,50,4,9,400.0,boutique
4739,2026-07-16,50,4,8,400.0,boutique
4740,2026-07-17,50,4,7,400.0,boutique
4741,2026-07-18,50,4,14,400.0,revendeur
4742,2026-07-19,50,4,11,400.0,revendeur
4743,2026-07-20,50,4,12,400.0,boutique
4744,2026-07-21,50,4,8,400.0,en_ligne
4745,2026-07-22,50,4,12,400.0,boutique
4746,2026-07-23,50,4,12,400.0,boutique
4747,2026-07-24,50,4,6,400.0,boutique
4748,2026-07-25,50,4,9,400.0,boutique
4749,2026-07-26,50,4,14,400.0,boutique
4750,2026-07-27,50,4,11,400.0,en_ligne
4751,2026-07-28,50,4,9,400.0,revendeur
4752,2026-07-29,50,4,5,400.0,boutique
4753,2026-07-30,50,4,8,400.0,boutique
4754,2026-07-31,50,4,9,400.0,boutique
4755,2026-08-01,50,4,9,400.0,boutique
4756,2026-08-02,50,4,7,400.0,boutique
4757,2026-08-03,50,4,9,400.0,boutique
4758,2026-08-04,50,4,10,400.0,boutique
4759,2026-08-05,50,4,6,400.0,boutique
4760,2026-08-06,50,4,8,400.0,boutique
4761,2026-05-29,50,5,4,900.0,revendeur
4762,2026-05-30,50,5,5,900.0,boutique
4763,2026-05-31,50,5,6,900.0,en_ligne
4764,2026-06-01,50,5,4,900.0,boutique
4765,2026-06-02,50,5,4,900.0,boutique
4766,2026-06-03,50,5,4,900.0,boutique
4767,2026-06-04,50,5,4,900.0,boutique
4768,2026-06-05,50,5,3,900.0,boutique
4769,2026-06-06,50,5,6,900.0,revendeur
4770,2026-06-07,50,5,6,900.0,boutique
4771,2026-06-08,50,5,2,900.0,en_ligne
4772,2026-06-09,50,5,5,900.0,boutique
4773,2026-06-10,50,5,4,900.0,boutique
4774,2026-06-11,50,5,3,900.0,boutique
4775,2026-06-12,50,5,3,900.0,boutique
4776,2026-06-13,50,5,7,900.0,boutique
4777,2026-06-14,50,5,6,900.0,boutique
4778,2026-06-15,50,5,3,900.0,en_ligne
4779,2026-06-16,50,5,4,900.0,boutique
4780,2026-06-17,50,5,4,900.0,boutique
4781,2026-06-18,50,5,3,900.0,boutique
4782,2026-06-19,50,5,5,900.0,boutique
4783,2026-06-20,50,5,6,900.0,boutique
4784,2026-06-21,50,5,6,900.0,boutique
4785,2026-06-22,50,5,4,900.0,boutique
4786,2026-06-23,50,5,4,900.0,boutique
4787,2026-06-24,50,5,3,900.0,boutique
4788,2026-06-25,50,5,4,900.0,boutique
4789,2026-06-26,50,5,3,900.0,boutique
4790,2026-06-27,50,5,5,900.0,boutique
4791,2026-06-28,50,5,3,900.0,boutique
4792,2026-06-29,50,5,2,900.0,boutique
4793,2026-06-30,50,5,4,900.0,boutique
4794,2026-07-01,50,5,4,900.0,boutique
4795,2026-07-02,50,5,4,900.0,boutique
4796,2026-07-03,50,5,5,900.0,boutique
4797,2026-07-04,50,5,6,900.0,en_ligne
4798,2026-07-05,50,5,6,900.0,boutique
4799,2026-07-06,50,5,4,900.0,boutique
4800,2026-07-07,50,5,5,900.0,boutique
4801,2026-07-08,50,5,3,900.0,boutique
4802,2026-07-09,50,5,3,900.0,boutique
4803,2026-07-10,50,5,3,900.0,boutique
4804,2026-07-11,50,5,4,900.0,revendeur
4805,2026-07-12,50,5,5,900.0,boutique
4806,2026-07-13,50,5,4,900.0,boutique
4807,2026-07-14,50,5,4,900.0,boutique
4808,2026-07-15,50,5,3,900.0,boutique
4809,2026-07-16,50,5,3,900.0,boutique
4810,2026-07-17,50,5,4,900.0,boutique
4811,2026-07-18,50,5,4,900.0,boutique
4812,2026-07-19,50,5,3,900.0,revendeur
4813,2026-07-20,50,5,3,900.0,boutique
4814,2026-07-21,50,5,3,900.0,boutique
4815,2026-07-22,50,5,4,900.0,revendeur
4816,2026-07-23,50,5,3,900.0,en_ligne
4817,2026-07-24,50,5,3,900.0,boutique
4818,2026-07-25,50,5,5,900.0,boutique
4819,2026-07-26,50,5,4,900.0,boutique
4820,2026-07-27,50,5,5,900.0,boutique
4821,2026-07-28,50,5,4,900.0,boutique
4822,2026-07-29,50,5,4,900.0,boutique
4823,2026-07-30,50,5,4,900.0,boutique
4824,2026-07-31,50,5,4,900.0,en_ligne
4825,2026-08-01,50,5,5,900.0,revendeur
4826,2026-08-02,50,5,3,900.0,boutique
4827,2026-08-03,50,5,4,900.0,boutique
4828,2026-08-04,50,5,4,900.0,boutique
4829,2026-08-05,50,5,5,900.0,boutique
4830,2026-08-06,50,5,3,900.0,boutique
4831,2026-05-29,50,6,5,350.0,boutique
4832,2026-05-30,50,6,8,350.0,revendeur
4833,2026-05-31,50,6,6,350.0,boutique
4834,2026-06-01,50,6,8,350.0,revendeur
4835,2026-06-02,50,6,4,350.0,en_ligne
4836,2026-06-03,50,6,4,350.0,boutique
4837,2026-06-04,50,6,7,350.0,revendeur
4838,2026-06-05,50,6,5,350.0,boutique
4839,2026-06-06,50,6,8,350.0,en_ligne
4840,2026-06-07,50,6,11,350.0,boutique
4841,2026-06-08,50,6,3,350.0,boutique
4842,2026-06-09,50,6,8,350.0,boutique
4843,2026-06-10,50,6,5,350.0,boutique
4844,2026-06-11,50,6,6,350.0,boutique
4845,2026-06-12,50,6,3,350.0,en_ligne
4846,2026-06-13,50,6,9,350.0,boutique
4847,2026-06-14,50,6,10,350.0,boutique
4848,2026-06-15,50,6,6,350.0,boutique
4849,2026-06-16,50,6,8,350.0,boutique
4850,2026-06-17,50,6,9,350.0,boutique
4851,2026-06-18,50,6,6,350.0,en_ligne
4852,2026-06-19,50,6,7,350.0,boutique
4853,2026-06-20,50,6,9,350.0,boutique
4854,2026-06-21,50,6,8,350.0,boutique
4855,2026-06-22,50,6,6,350.0,boutique
4856,2026-06-23,50,6,7,350.0,boutique
4857,2026-06-24,50,6,6,350.0,boutique
4858,2026-06-25,50,6,7,350.0,en_ligne
4859,2026-06-26,50,6,5,350.0,boutique
4860,2026-06-27,50,6,6,350.0,boutique
4861,2026-06-28,50,6,7,350.0,boutique
4862,2026-06-29,50,6,10,350.0,boutique
4863,2026-06-30,50,6,7,350.0,boutique
4864,2026-07-01,50,6,6,350.0,boutique
4865,2026-07-02,50,6,7,350.0,boutique
4866,2026-07-03,50,6,4,350.0,revendeur
4867,2026-07-04,50,6,9,350.0,boutique
4868,2026-07-05,50,6,9,350.0,boutique
4869,2026-07-06,50,6,4,350.0,boutique
4870,2026-07-07,50,6,5,350.0,boutique
4871,2026-07-08,50,6,6,350.0,boutique
4872,2026-07-09,50,6,5,350.0,boutique
4873,2026-07-10,50,6,6,350.0,boutique
4874,2026-07-11,50,6,9,350.0,boutique
4875,2026-07-12,50,6,7,350.0,en_ligne
4876,2026-07-13,50,6,6,350.0,boutique
4877,2026-07-14,50,6,7,350.0,boutique
4878,2026-07-15,50,6,7,350.0,revendeur
4879,2026-07-16,50,6,6,350.0,boutique
4880,2026-07-17,50,6,5,350.0,boutique
4881,2026-07-18,50,6,8,350.0,boutique
4882,2026-07-19,50,6,8,350.0,revendeur
4883,2026-07-20,50,6,4,350.0,boutique
4884,2026-07-21,50,6,7,350.0,boutique
4885,2026-07-22,50,6,6,350.0,boutique
4886,2026-07-23,50,6,7,350.0,boutique
4887,2026-07-24,50,6,5,350.0,en_ligne
4888,2026-07-25,50,6,8,350.0,boutique
4889,2026-07-26,50,6,8,350.0,en_ligne
4890,2026-07-27,50,6,6,350.0,en_ligne
4891,2026-07-28,50,6,6,350.0,boutique
4892,2026-07-29,50,6,6,350.0,en_ligne
4893,2026-07-30,50,6,5,350.0,boutique
4894,2026-07-31,50,6,5,350.0,boutique
4895,2026-08-01,50,6,7,350.0,boutique
4896,2026-08-02,50,6,8,350.0,boutique
4897,2026-08-03,50,6,5,350.0,boutique
4898,2026-08-04,50,6,4,350.0,boutique
4899,2026-08-05,50,6,7,350.0,boutique
4900,2026-08-06,50,6,8,350.0,boutique
4901,2026-05-29,50,7,4,700.0,boutique
4902,2026-05-30,50,7,3,700.0,boutique
4903,2026-05-31,50,7,5,700.0,boutique
4904,2026-06-01,50,7,5,700.0,boutique
4905,2026-06-02,50,7,5,700.0,boutique
4906,2026-06-03,50,7,5,700.0,boutique
4907,2026-06-04,50,7,5,700.0,boutique
4908,2026-06-05,50,7,5,700.0,en_ligne
4909,2026-06-06,50,7,4,700.0,boutique
4910,2026-06-07,50,7,5,700.0,boutique
4911,2026-06-08,50,7,7,700.0,en_ligne
4912,2026-06-09,50,7,5,700.0,boutique
4913,2026-06-10,50,7,5,700.0,en_ligne
4914,2026-06-11,50,7,3,700.0,boutique
4915,2026-06-12,50,7,4,700.0,boutique
4916,2026-06-13,50,7,5,700.0,en_ligne
4917,2026-06-14,50,7,4,700.0,boutique
4918,2026-06-15,50,7,4,700.0,boutique
4919,2026-06-16,50,7,4,700.0,boutique
4920,2026-06-17,50,7,5,700.0,revendeur
4921,2026-06-18,50,7,3,700.0,boutique
4922,2026-06-19,50,7,5,700.0,boutique
4923,2026-06-20,50,7,6,700.0,boutique
4924,2026-06-21,50,7,5,700.0,boutique
4925,2026-06-22,50,7,4,700.0,boutique
4926,2026-06-23,50,7,5,700.0,boutique
4927,2026-06-24,50,7,4,700.0,boutique
4928,2026-06-25,50,7,3,700.0,boutique
4929,2026-06-26,50,7,7,700.0,boutique
4930,2026-06-27,50,7,3,700.0,boutique
4931,2026-06-28,50,7,4,700.0,boutique
4932,2026-06-29,50,7,7,700.0,en_ligne
4933,2026-06-30,50,7,4,700.0,boutique
4934,2026-07-01,50,7,5,700.0,boutique
4935,2026-07-02,50,7,6,700.0,boutique
4936,2026-07-03,50,7,5,700.0,boutique
4937,2026-07-04,50,7,4,700.0,en_ligne
4938,2026-07-05,50,7,6,700.0,boutique
4939,2026-07-06,50,7,5,700.0,boutique
4940,2026-07-07,50,7,4,700.0,revendeur
4941,2026-07-08,50,7,4,700.0,boutique
4942,2026-07-09,50,7,4,700.0,boutique
4943,2026-07-10,50,7,3,700.0,en_ligne
4944,2026-07-11,50,7,4,700.0,boutique
4945,2026-07-12,50,7,5,700.0,revendeur
4946,2026-07-13,50,7,5,700.0,boutique
4947,2026-07-14,50,7,4,700.0,boutique
4948,2026-07-15,50,7,4,700.0,en_ligne
4949,2026-07-16,50,7,5,700.0,boutique
4950,2026-07-17,50,7,5,700.0,revendeur
4951,2026-07-18,50,7,3,700.0,revendeur
4952,2026-07-19,50,7,5,700.0,en_ligne
4953,2026-07-20,50,7,5,700.0,en_ligne
4954,2026-07-21,50,7,4,700.0,boutique
4955,2026-07-22,50,7,6,700.0,boutique
4956,2026-07-23,50,7,4,700.0,boutique
4957,2026-07-24,50,7,4,700.0,en_ligne
4958,2026-07-25,50,7,4,700.0,boutique
4959,2026-07-26,50,7,5,700.0,en_ligne
4960,2026-07-27,50,7,3,700.0,revendeur
4961,2026-07-28,50,7,4,700.0,boutique
4962,2026-07-29,50,7,6,700.0,revendeur
4963,2026-07-30,50,7,4,700.0,boutique
4964,2026-07-31,50,7,5,700.0,boutique
4965,2026-08-01,50,7,5,700.0,boutique
4966,2026-08-02,50,7,5,700.0,en_ligne
4967,2026-08-03,50,7,5,700.0,boutique
4968,2026-08-04,50,7,4,700.0,boutique
4969,2026-08-05,50,7,4,700.0,en_ligne
4970,2026-08-06,50,7,4,700.0,en_ligne
4971,2026-05-29,50,8,3,850.0,boutique
4972,2026-05-30,50,8,3,850.0,boutique
4973,2026-05-31,50,8,3,850.0,revendeur
4974,2026-06-01,50,8,4,850.0,boutique
4975,2026-06-02,50,8,2,850.0,boutique
4976,2026-06-03,50,8,3,850.0,boutique
4977,2026-06-04,50,8,3,850.0,boutique
4978,2026-06-05,50,8,4,850.0,boutique
4979,2026-06-06,50,8,4,850.0,boutique
4980,2026-06-07,50,8,3,850.0,boutique
4981,2026-06-08,50,8,4,850.0,boutique
4982,2026-06-09,50,8,3,850.0,boutique
4983,2026-06-10,50,8,3,850.0,boutique
4984,2026-06-11,50,8,4,850.0,boutique
4985,2026-06-12,50,8,4,850.0,boutique
4986,2026-06-13,50,8,3,850.0,boutique
4987,2026-06-14,50,8,4,850.0,revendeur
4988,2026-06-15,50,8,4,850.0,boutique
4989,2026-06-16,50,8,2,850.0,revendeur
4990,2026-06-17,50,8,2,850.0,boutique
4991,2026-06-18,50,8,3,850.0,boutique
4992,2026-06-19,50,8,3,850.0,boutique
4993,2026-06-20,50,8,2,850.0,boutique
4994,2026-06-21,50,8,3,850.0,boutique
4995,2026-06-22,50,8,3,850.0,boutique
4996,2026-06-23,50,8,3,850.0,en_ligne
4997,2026-06-24,50,8,3,850.0,boutique
4998,2026-06-25,50,8,4,850.0,revendeur
4999,2026-06-26,50,8,2,850.0,boutique
5000,2026-06-27,50,8,2,850.0,boutique
5001,2026-06-28,50,8,4,850.0,boutique
5002,2026-06-29,50,8,3,850.0,en_ligne
5003,2026-06-30,50,8,5,850.0,revendeur
5004,2026-07-01,50,8,3,850.0,boutique
5005,2026-07-02,50,8,3,850.0,boutique
5006,2026-07-03,50,8,3,850.0,revendeur
5007,2026-07-04,50,8,3,850.0,boutique
5008,2026-07-05,50,8,3,850.0,boutique
5009,2026-07-06,50,8,3,850.0,boutique
5010,2026-07-07,50,8,2,850.0,en_ligne
5011,2026-07-08,50,8,3,850.0,boutique
5012,2026-07-09,50,8,3,850.0,en_ligne
5013,2026-07-10,50,8,3,850.0,en_ligne
5014,2026-07-11,50,8,2,850.0,boutique
5015,2026-07-12,50,8,3,850.0,boutique
5016,2026-07-13,50,8,2,850.0,en_ligne
5017,2026-07-14,50,8,3,850.0,boutique
5018,2026-07-15,50,8,2,850.0,boutique
5019,2026-07-16,50,8,2,850.0,revendeur
5020,2026-07-17,50,8,3,850.0,boutique
5021,2026-07-18,50,8,3,850.0,boutique
5022,2026-07-19,50,8,4,850.0,boutique
5023,2026-07-20,50,8,3,850.0,boutique
5024,2026-07-21,50,8,3,850.0,en_ligne
5025,2026-07-22,50,8,3,850.0,revendeur
5026,2026-07-23,50,8,2,850.0,boutique
5027,2026-07-24,50,8,3,850.0,boutique
5028,2026-07-25,50,8,2,850.0,boutique
5029,2026-07-26,50,8,3,850.0,boutique
5030,2026-07-27,50,8,3,850.0,boutique
5031,2026-07-28,50,8,3,850.0,boutique
5032,2026-07-29,50,8,3,850.0,boutique
5033,2026-07-30,50,8,3,850.0,boutique
5034,2026-07-31,50,8,3,850.0,boutique
5035,2026-08-01,50,8,2,850.0,boutique
5036,2026-08-02,50,8,3,850.0,revendeur
5037,2026-08-03,50,8,3,850.0,revendeur
5038,2026-08-04,50,8,4,850.0,en_ligne
5039,2026-08-05,50,8,3,850.0,boutique
5040,2026-08-06,50,8,4,850.0,boutique
5041,2026-05-29,50,9,2,1200.0,boutique
5042,2026-05-30,50,9,1,1200.0,revendeur
5043,2026-05-31,50,9,2,1200.0,boutique
5044,2026-06-01,50,9,1,1200.0,boutique
5045,2026-06-02,50,9,2,1200.0,boutique
5046,2026-06-03,50,9,3,1200.0,boutique
5047,2026-06-04,50,9,2,1200.0,en_ligne
5048,2026-06-05,50,9,2,1200.0,boutique
5049,2026-06-06,50,9,2,1200.0,boutique
5050,2026-06-07,50,9,2,1200.0,boutique
5051,2026-06-08,50,9,2,1200.0,boutique
5052,2026-06-09,50,9,2,1200.0,boutique
5053,2026-06-10,50,9,1,1200.0,boutique
5054,2026-06-11,50,9,2,1200.0,boutique
5055,2026-06-12,50,9,1,1200.0,en_ligne
5056,2026-06-13,50,9,2,1200.0,boutique
5057,2026-06-14,50,9,2,1200.0,boutique
5058,2026-06-15,50,9,2,1200.0,boutique
5059,2026-06-16,50,9,2,1200.0,boutique
5060,2026-06-17,50,9,2,1200.0,boutique
5061,2026-06-18,50,9,2,1200.0,en_ligne
5062,2026-06-19,50,9,2,1200.0,revendeur
5063,2026-06-20,50,9,2,1200.0,boutique
5064,2026-06-21,50,9,1,1200.0,en_ligne
5065,2026-06-22,50,9,1,1200.0,boutique
5066,2026-06-23,50,9,2,1200.0,boutique
5067,2026-06-24,50,9,2,1200.0,boutique
5068,2026-06-25,50,9,1,1200.0,boutique
5069,2026-06-26,50,9,1,1200.0,boutique
5070,2026-06-27,50,9,2,1200.0,en_ligne
5071,2026-06-28,50,9,2,1200.0,boutique
5072,2026-06-29,50,9,2,1200.0,boutique
5073,2026-06-30,50,9,2,1200.0,boutique
5074,2026-07-01,50,9,2,1200.0,boutique
5075,2026-07-02,50,9,2,1200.0,boutique
5076,2026-07-03,50,9,2,1200.0,en_ligne
5077,2026-07-04,50,9,2,1200.0,boutique
5078,2026-07-05,50,9,2,1200.0,boutique
5079,2026-07-06,50,9,2,1200.0,boutique
5080,2026-07-07,50,9,2,1200.0,boutique
5081,2026-07-08,50,9,1,1200.0,en_ligne
5082,2026-07-09,50,9,1,1200.0,boutique
5083,2026-07-10,50,9,2,1200.0,boutique
5084,2026-07-11,50,9,2,1200.0,boutique
5085,2026-07-12,50,9,2,1200.0,boutique
5086,2026-07-13,50,9,2,1200.0,boutique
5087,2026-07-14,50,9,2,1200.0,en_ligne
5088,2026-07-15,50,9,2,1200.0,boutique
5089,2026-07-16,50,9,3,1200.0,boutique
5090,2026-07-17,50,9,2,1200.0,boutique
5091,2026-07-18,50,9,2,1200.0,boutique
5092,2026-07-19,50,9,2,1200.0,en_ligne
5093,2026-07-20,50,9,2,1200.0,boutique
5094,2026-07-21,50,9,3,1200.0,boutique
5095,2026-07-22,50,9,2,1200.0,boutique
5096,2026-07-23,50,9,2,1200.0,boutique
5097,2026-07-24,50,9,2,1200.0,en_ligne
5098,2026-07-25,50,9,2,1200.0,boutique
5099,2026-07-26,50,9,2,1200.0,boutique
5100,2026-07-27,50,9,2,1200.0,boutique
5101,2026-07-28,50,9,2,1200.0,boutique
5102,2026-07-29,50,9,2,1200.0,en_ligne
5103,2026-07-30,50,9,1,1200.0,boutique
5104,2026-07-31,50,9,2,1200.0,boutique
5105,2026-08-01,50,9,2,1200.0,boutique
5106,2026-08-02,50,9,2,1200.0,boutique
5107,2026-08-03,50,9,2,1200.0,en_ligne
5108,2026-08-04,50,9,2,1200.0,boutique
5109,2026-08-05,50,9,1,1200.0,boutique
5110,2026-08-06,50,9,1,1200.0,boutique
5111,2026-05-29,50,10,3,1100.0,boutique
5112,2026-05-30,50,10,2,1100.0,boutique
5113,2026-05-31,50,10,1,1100.0,boutique
5114,2026-06-01,50,10,3,1100.0,boutique
5115,2026-06-02,50,10,3,1100.0,revendeur
5116,2026-06-03,50,10,3,1100.0,boutique
5117,2026-06-04,50,10,2,1100.0,boutique
5118,2026-06-05,50,10,2,1100.0,en_ligne
5119,2026-06-06,50,10,2,1100.0,boutique
5120,2026-06-07,50,10,2,1100.0,boutique
5121,2026-06-08,50,10,2,1100.0,boutique
5122,2026-06-09,50,10,2,1100.0,boutique
5123,2026-06-10,50,10,3,1100.0,boutique
5124,2026-06-11,50,10,2,1100.0,revendeur
5125,2026-06-12,50,10,2,1100.0,boutique
5126,2026-06-13,50,10,3,1100.0,boutique
5127,2026-06-14,50,10,2,1100.0,en_ligne
5128,2026-06-15,50,10,3,1100.0,boutique
5129,2026-06-16,50,10,3,1100.0,boutique
5130,2026-06-17,50,10,3,1100.0,boutique
5131,2026-06-18,50,10,2,1100.0,boutique
5132,2026-06-19,50,10,3,1100.0,boutique
5133,2026-06-20,50,10,2,1100.0,boutique
5134,2026-06-21,50,10,3,1100.0,boutique
5135,2026-06-22,50,10,2,1100.0,boutique
5136,2026-06-23,50,10,2,1100.0,boutique
5137,2026-06-24,50,10,3,1100.0,boutique
5138,2026-06-25,50,10,2,1100.0,boutique
5139,2026-06-26,50,10,3,1100.0,boutique
5140,2026-06-27,50,10,2,1100.0,boutique
5141,2026-06-28,50,10,2,1100.0,en_ligne
5142,2026-06-29,50,10,3,1100.0,boutique
5143,2026-06-30,50,10,2,1100.0,boutique
5144,2026-07-01,50,10,2,1100.0,boutique
5145,2026-07-02,50,10,3,1100.0,boutique
5146,2026-07-03,50,10,3,1100.0,boutique
5147,2026-07-04,50,10,3,1100.0,revendeur
5148,2026-07-05,50,10,3,1100.0,boutique
5149,2026-07-06,50,10,2,1100.0,en_ligne
5150,2026-07-07,50,10,2,1100.0,en_ligne
5151,2026-07-08,50,10,3,1100.0,boutique
5152,2026-07-09,50,10,2,1100.0,boutique
5153,2026-07-10,50,10,3,1100.0,boutique
5154,2026-07-11,50,10,2,1100.0,boutique
5155,2026-07-12,50,10,2,1100.0,revendeur
5156,2026-07-13,50,10,3,1100.0,boutique
5157,2026-07-14,50,10,3,1100.0,revendeur
5158,2026-07-15,50,10,2,1100.0,boutique
5159,2026-07-16,50,10,2,1100.0,boutique
5160,2026-07-17,50,10,3,1100.0,boutique
5161,2026-07-18,50,10,3,1100.0,boutique
5162,2026-07-19,50,10,2,1100.0,boutique
5163,2026-07-20,50,10,3,1100.0,boutique
5164,2026-07-21,50,10,2,1100.0,boutique
5165,2026-07-22,50,10,2,1100.0,boutique
5166,2026-07-23,50,10,3,1100.0,en_ligne
5167,2026-07-24,50,10,2,1100.0,boutique
5168,2026-07-25,50,10,3,1100.0,boutique
5169,2026-07-26,50,10,3,1100.0,revendeur
5170,2026-07-27,50,10,1,1100.0,boutique
5171,2026-07-28,50,10,3,1100.0,boutique
5172,2026-07-29,50,10,2,1100.0,boutique
5173,2026-07-30,50,10,2,1100.0,boutique
5174,2026-07-31,50,10,3,1100.0,boutique
5175,2026-08-01,50,10,3,1100.0,boutique
5176,2026-08-02,50,10,2,1100.0,boutique
5177,2026-08-03,50,10,1,1100.0,boutique
5178,2026-08-04,50,10,2,1100.0,en_ligne
5179,2026-08-05,50,10,2,1100.0,boutique
5180,2026-08-06,50,10,3,1100.0,boutique
5181,2026-05-29,50,11,4,500.0,boutique
5182,2026-05-30,50,11,5,500.0,revendeur
5183,2026-05-31,50,11,4,500.0,boutique
5184,2026-06-01,50,11,4,500.0,boutique
5185,2026-06-02,50,11,4,500.0,boutique
5186,2026-06-03,50,11,4,500.0,boutique
5187,2026-06-04,50,11,2,500.0,boutique
5188,2026-06-05,50,11,4,500.0,revendeur
5189,2026-06-06,50,11,5,500.0,revendeur
5190,2026-06-07,50,11,4,500.0,boutique
5191,2026-06-08,50,11,4,500.0,en_ligne
5192,2026-06-09,50,11,4,500.0,en_ligne
5193,2026-06-10,50,11,5,500.0,revendeur
5194,2026-06-11,50,11,4,500.0,boutique
5195,2026-06-12,50,11,4,500.0,en_ligne
5196,2026-06-13,50,11,4,500.0,boutique
5197,2026-06-14,50,11,4,500.0,boutique
5198,2026-06-15,50,11,5,500.0,boutique
5199,2026-06-16,50,11,2,500.0,boutique
5200,2026-06-17,50,11,3,500.0,boutique
5201,2026-06-18,50,11,3,500.0,boutique
5202,2026-06-19,50,11,2,500.0,boutique
5203,2026-06-20,50,11,3,500.0,revendeur
5204,2026-06-21,50,11,5,500.0,boutique
5205,2026-06-22,50,11,4,500.0,boutique
5206,2026-06-23,50,11,4,500.0,en_ligne
5207,2026-06-24,50,11,4,500.0,boutique
5208,2026-06-25,50,11,3,500.0,boutique
5209,2026-06-26,50,11,3,500.0,en_ligne
5210,2026-06-27,50,11,3,500.0,boutique
5211,2026-06-28,50,11,3,500.0,boutique
5212,2026-06-29,50,11,5,500.0,revendeur
5213,2026-06-30,50,11,4,500.0,en_ligne
5214,2026-07-01,50,11,3,500.0,boutique
5215,2026-07-02,50,11,4,500.0,boutique
5216,2026-07-03,50,11,3,500.0,boutique
5217,2026-07-04,50,11,4,500.0,revendeur
5218,2026-07-05,50,11,4,500.0,boutique
5219,2026-07-06,50,11,4,500.0,en_ligne
5220,2026-07-07,50,11,4,500.0,boutique
5221,2026-07-08,50,11,4,500.0,en_ligne
5222,2026-07-09,50,11,4,500.0,revendeur
5223,2026-07-10,50,11,4,500.0,boutique
5224,2026-07-11,50,11,3,500.0,boutique
5225,2026-07-12,50,11,3,500.0,boutique
5226,2026-07-13,50,11,3,500.0,boutique
5227,2026-07-14,50,11,4,500.0,boutique
5228,2026-07-15,50,11,4,500.0,boutique
5229,2026-07-16,50,11,3,500.0,boutique
5230,2026-07-17,50,11,4,500.0,boutique
5231,2026-07-18,50,11,4,500.0,boutique
5232,2026-07-19,50,11,4,500.0,en_ligne
5233,2026-07-20,50,11,3,500.0,boutique
5234,2026-07-21,50,11,4,500.0,boutique
5235,2026-07-22,50,11,5,500.0,en_ligne
5236,2026-07-23,50,11,5,500.0,boutique
5237,2026-07-24,50,11,4,500.0,boutique
5238,2026-07-25,50,11,3,500.0,boutique
5239,2026-07-26,50,11,3,500.0,boutique
5240,2026-07-27,50,11,4,500.0,boutique
5241,2026-07-28,50,11,3,500.0,boutique
5242,2026-07-29,50,11,2,500.0,en_ligne
5243,2026-07-30,50,11,3,500.0,boutique
5244,2026-07-31,50,11,4,500.0,boutique
5245,2026-08-01,50,11,2,500.0,en_ligne
5246,2026-08-02,50,11,4,500.0,boutique
5247,2026-08-03,50,11,4,500.0,boutique
5248,2026-08-04,50,11,3,500.0,boutique
5249,2026-08-05,50,11,3,500.0,revendeur
5250,2026-08-06,50,11,4,500.0,boutique
5251,2026-05-29,50,12,3,600.0,en_ligne
5252,2026-05-30,50,12,2,600.0,boutique
5253,2026-05-31,50,12,2,600.0,boutique
5254,2026-06-01,50,12,3,600.0,boutique
5255,2026-06-02,50,12,2,600.0,boutique
5256,2026-06-03,50,12,2,600.0,boutique
5257,2026-06-04,50,12,3,600.0,boutique
5258,2026-06-05,50,12,3,600.0,en_ligne
5259,2026-06-06,50,12,4,600.0,revendeur
5260,2026-06-07,50,12,4,600.0,en_ligne
5261,2026-06-08,50,12,2,600.0,boutique
5262,2026-06-09,50,12,3,600.0,boutique
5263,2026-06-10,50,12,3,600.0,boutique
5264,2026-06-11,50,12,3,600.0,en_ligne
5265,2026-06-12,50,12,3,600.0,revendeur
5266,2026-06-13,50,12,4,600.0,boutique
5267,2026-06-14,50,12,3,600.0,revendeur
5268,2026-06-15,50,12,4,600.0,boutique
5269,2026-06-16,50,12,4,600.0,boutique
5270,2026-06-17,50,12,3,600.0,boutique
5271,2026-06-18,50,12,3,600.0,boutique
5272,2026-06-19,50,12,3,600.0,boutique
5273,2026-06-20,50,12,3,600.0,boutique
5274,2026-06-21,50,12,3,600.0,boutique
5275,2026-06-22,50,12,3,600.0,boutique
5276,2026-06-23,50,12,2,600.0,boutique
5277,2026-06-24,50,12,3,600.0,boutique
5278,2026-06-25,50,12,3,600.0,boutique
5279,2026-06-26,50,12,3,600.0,boutique
5280,2026-06-27,50,12,2,600.0,en_ligne
5281,2026-06-28,50,12,3,600.0,boutique
5282,2026-06-29,50,12,3,600.0,en_ligne
5283,2026-06-30,50,12,3,600.0,boutique
5284,2026-07-01,50,12,4,600.0,boutique
5285,2026-07-02,50,12,3,600.0,boutique
5286,2026-07-03,50,12,3,600.0,boutique
5287,2026-07-04,50,12,3,600.0,boutique
5288,2026-07-05,50,12,4,600.0,boutique
5289,2026-07-06,50,12,4,600.0,boutique
5290,2026-07-07,50,12,4,600.0,boutique
5291,2026-07-08,50,12,4,600.0,boutique
5292,2026-07-09,50,12,3,600.0,boutique
5293,2026-07-10,50,12,2,600.0,boutique
5294,2026-07-11,50,12,3,600.0,boutique
5295,2026-07-12,50,12,3,600.0,revendeur
5296,2026-07-13,50,12,3,600.0,boutique
5297,2026-07-14,50,12,3,600.0,boutique
5298,2026-07-15,50,12,4,600.0,boutique
5299,2026-07-16,50,12,2,600.0,revendeur
5300,2026-07-17,50,12,4,600.0,boutique
5301,2026-07-18,50,12,4,600.0,boutique
5302,2026-07-19,50,12,4,600.0,boutique
5303,2026-07-20,50,12,4,600.0,boutique
5304,2026-07-21,50,12,4,600.0,boutique
5305,2026-07-22,50,12,3,600.0,en_ligne
5306,2026-07-23,50,12,3,600.0,boutique
5307,2026-07-24,50,12,3,600.0,boutique
5308,2026-07-25,50,12,4,600.0,boutique
5309,2026-07-26,50,12,2,600.0,boutique
5310,2026-07-27,50,12,3,600.0,boutique
5311,2026-07-28,50,12,3,600.0,boutique
5312,2026-07-29,50,12,2,600.0,boutique
5313,2026-07-30,50,12,3,600.0,boutique
5314,2026-07-31,50,12,3,600.0,boutique
5315,2026-08-01,50,12,4,600.0,boutique
5316,2026-08-02,50,12,2,600.0,boutique
5317,2026-08-03,50,12,3,600.0,en_ligne
5318,2026-08-04,50,12,2,600.0,boutique
5319,2026-08-05,50,12,3,600.0,boutique
5320,2026-08-06,50,12,3,600.0,revendeur
5321,2026-05-29,50,13,2,1500.0,boutique
5322,2026-05-30,50,13,2,1500.0,en_ligne
5323,2026-05-31,50,13,1,1500.0,boutique
5324,2026-06-01,50,13,2,1500.0,boutique
5325,2026-06-02,50,13,2,1500.0,boutique
5326,2026-06-03,50,13,2,1500.0,revendeur
5327,2026-06-04,50,13,2,1500.0,boutique
5328,2026-06-05,50,13,1,1500.0,boutique
5329,2026-06-06,50,13,2,1500.0,boutique
5330,2026-06-07,50,13,2,1500.0,boutique
5331,2026-06-08,50,13,1,1500.0,boutique
5332,2026-06-09,50,13,1,1500.0,boutique
5333,2026-06-10,50,13,1,1500.0,revendeur
5334,2026-06-11,50,13,2,1500.0,boutique
5335,2026-06-12,50,13,2,1500.0,boutique
5336,2026-06-13,50,13,2,1500.0,en_ligne
5337,2026-06-14,50,13,2,1500.0,boutique
5338,2026-06-15,50,13,2,1500.0,boutique
5339,2026-06-16,50,13,2,1500.0,boutique
5340,2026-06-17,50,13,2,1500.0,boutique
5341,2026-06-18,50,13,1,1500.0,boutique
5342,2026-06-19,50,13,2,1500.0,boutique
5343,2026-06-20,50,13,2,1500.0,boutique
5344,2026-06-21,50,13,2,1500.0,boutique
5345,2026-06-22,50,13,1,1500.0,boutique
5346,2026-06-23,50,13,1,1500.0,en_ligne
5347,2026-06-24,50,13,2,1500.0,boutique
5348,2026-06-25,50,13,1,1500.0,boutique
5349,2026-06-26,50,13,2,1500.0,boutique
5350,2026-06-27,50,13,2,1500.0,boutique
5351,2026-06-28,50,13,2,1500.0,boutique
5352,2026-06-29,50,13,2,1500.0,boutique
5353,2026-06-30,50,13,2,1500.0,en_ligne
5354,2026-07-01,50,13,2,1500.0,boutique
5355,2026-07-02,50,13,2,1500.0,en_ligne
5356,2026-07-03,50,13,1,1500.0,boutique
5357,2026-07-04,50,13,2,1500.0,en_ligne
5358,2026-07-05,50,13,2,1500.0,boutique
5359,2026-07-06,50,13,2,1500.0,en_ligne
5360,2026-07-07,50,13,2,1500.0,revendeur
5361,2026-07-08,50,13,2,1500.0,boutique
5362,2026-07-09,50,13,2,1500.0,boutique
5363,2026-07-10,50,13,2,1500.0,en_ligne
5364,2026-07-11,50,13,2,1500.0,boutique
5365,2026-07-12,50,13,1,1500.0,boutique
5366,2026-07-13,50,13,2,1500.0,boutique
5367,2026-07-14,50,13,2,1500.0,boutique
5368,2026-07-15,50,13,2,1500.0,boutique
5369,2026-07-16,50,13,1,1500.0,boutique
5370,2026-07-17,50,13,2,1500.0,boutique
5371,2026-07-18,50,13,1,1500.0,en_ligne
5372,2026-07-19,50,13,2,1500.0,revendeur
5373,2026-07-20,50,13,2,1500.0,boutique
5374,2026-07-21,50,13,2,1500.0,en_ligne
5375,2026-07-22,50,13,1,1500.0,en_ligne
5376,2026-07-23,50,13,2,1500.0,boutique
5377,2026-07-24,50,13,1,1500.0,boutique
5378,2026-07-25,50,13,2,1500.0,boutique
5379,2026-07-26,50,13,2,1500.0,boutique
5380,2026-07-27,50,13,2,1500.0,boutique
5381,2026-07-28,50,13,2,1500.0,revendeur
5382,2026-07-29,50,13,2,1500.0,revendeur
5383,2026-07-30,50,13,2,1500.0,boutique
5384,2026-07-31,50,13,2,1500.0,boutique
5385,2026-08-01,50,13,1,1500.0,boutique
5386,2026-08-02,50,13,2,1500.0,boutique
5387,2026-08-03,50,13,2,1500.0,boutique
5388,2026-08-04,50,13,2,1500.0,revendeur
5389,2026-08-05,50,13,2,1500.0,boutique
5390,2026-08-06,50,13,2,1500.0,boutique
5391,2026-05-29,50,14,7,450.0,boutique
5392,2026-05-30,50,14,8,450.0,boutique
5393,2026-05-31,50,14,10,450.0,en_ligne
5394,2026-06-01,50,14,5,450.0,revendeur
5395,2026-06-02,50,14,7,450.0,boutique
5396,2026-06-03,50,14,5,450.0,boutique
5397,2026-06-04,50,14,7,450.0,en_ligne
5398,2026-06-05,50,14,4,450.0,boutique
5399,2026-06-06,50,14,10,450.0,boutique
5400,2026-06-07,50,14,8,450.0,boutique
5401,2026-06-08,50,14,6,450.0,boutique
5402,2026-06-09,50,14,5,450.0,en_ligne
5403,2026-06-10,50,14,7,450.0,boutique
5404,2026-06-11,50,14,6,450.0,boutique
5405,2026-06-12,50,14,2,450.0,boutique
5406,2026-06-13,50,14,6,450.0,boutique
5407,2026-06-14,50,14,10,450.0,en_ligne
5408,2026-06-15,50,14,6,450.0,boutique
5409,2026-06-16,50,14,5,450.0,boutique
5410,2026-06-17,50,14,3,450.0,revendeur
5411,2026-06-18,50,14,3,450.0,boutique
5412,2026-06-19,50,14,5,450.0,en_ligne
5413,2026-06-20,50,14,7,450.0,en_ligne
5414,2026-06-21,50,14,7,450.0,boutique
5415,2026-06-22,50,14,5,450.0,boutique
5416,2026-06-23,50,14,5,450.0,boutique
5417,2026-06-24,50,14,6,450.0,boutique
5418,2026-06-25,50,14,7,450.0,boutique
5419,2026-06-26,50,14,5,450.0,boutique
5420,2026-06-27,50,14,7,450.0,boutique
5421,2026-06-28,50,14,6,450.0,boutique
5422,2026-06-29,50,14,7,450.0,boutique
5423,2026-06-30,50,14,5,450.0,boutique
5424,2026-07-01,50,14,6,450.0,boutique
5425,2026-07-02,50,14,6,450.0,revendeur
5426,2026-07-03,50,14,7,450.0,en_ligne
5427,2026-07-04,50,14,8,450.0,boutique
5428,2026-07-05,50,14,6,450.0,boutique
5429,2026-07-06,50,14,5,450.0,en_ligne
5430,2026-07-07,50,14,5,450.0,boutique
5431,2026-07-08,50,14,6,450.0,en_ligne
5432,2026-07-09,50,14,5,450.0,boutique
5433,2026-07-10,50,14,7,450.0,boutique
5434,2026-07-11,50,14,8,450.0,boutique
5435,2026-07-12,50,14,7,450.0,boutique
5436,2026-07-13,50,14,6,450.0,en_ligne
5437,2026-07-14,50,14,6,450.0,boutique
5438,2026-07-15,50,14,6,450.0,boutique
5439,2026-07-16,50,14,4,450.0,boutique
5440,2026-07-17,50,14,5,450.0,boutique
5441,2026-07-18,50,14,5,450.0,en_ligne
5442,2026-07-19,50,14,8,450.0,boutique
5443,2026-07-20,50,14,6,450.0,boutique
5444,2026-07-21,50,14,4,450.0,boutique
5445,2026-07-22,50,14,5,450.0,en_ligne
5446,2026-07-23,50,14,4,450.0,en_ligne
5447,2026-07-24,50,14,6,450.0,boutique
5448,2026-07-25,50,14,9,450.0,en_ligne
5449,2026-07-26,50,14,7,450.0,en_ligne
5450,2026-07-27,50,14,5,450.0,boutique
5451,2026-07-28,50,14,5,450.0,boutique
5452,2026-07-29,50,14,5,450.0,boutique
5453,2026-07-30,50,14,6,450.0,boutique
5454,2026-07-31,50,14,6,450.0,boutique
5455,2026-08-01,50,14,6,450.0,boutique
5456,2026-08-02,50,14,9,450.0,boutique
5457,2026-08-03,50,14,4,450.0,boutique
5458,2026-08-04,50,14,4,450.0,boutique
5459,2026-08-05,50,14,5,450.0,boutique
5460,2026-08-06,50,14,7,450.0,revendeur
5461,2026-05-29,50,15,4,500.0,boutique
5462,2026-05-30,50,15,8,500.0,boutique
5463,2026-05-31,50,15,7,500.0,boutique
5464,2026-06-01,50,15,4,500.0,boutique
5465,2026-06-02,50,15,3,500.0,boutique
5466,2026-06-03,50,15,6,500.0,boutique
5467,2026-06-04,50,15,4,500.0,boutique
5468,2026-06-05,50,15,6,500.0,revendeur
5469,2026-06-06,50,15,8,500.0,revendeur
5470,2026-06-07,50,15,5,500.0,boutique
5471,2026-06-08,50,15,3,500.0,revendeur
5472,2026-06-09,50,15,6,500.0,boutique
5473,2026-06-10,50,15,6,500.0,revendeur
5474,2026-06-11,50,15,5,500.0,en_ligne
5475,2026-06-12,50,15,7,500.0,boutique
5476,2026-06-13,50,15,6,500.0,revendeur
5477,2026-06-14,50,15,6,500.0,boutique
5478,2026-06-15,50,15,4,500.0,revendeur
5479,2026-06-16,50,15,6,500.0,en_ligne
5480,2026-06-17,50,15,5,500.0,en_ligne
5481,2026-06-18,50,15,4,500.0,boutique
5482,2026-06-19,50,15,5,500.0,boutique
5483,2026-06-20,50,15,7,500.0,boutique
5484,2026-06-21,50,15,6,500.0,boutique
5485,2026-06-22,50,15,5,500.0,boutique
5486,2026-06-23,50,15,5,500.0,boutique
5487,2026-06-24,50,15,5,500.0,boutique
5488,2026-06-25,50,15,4,500.0,boutique
5489,2026-06-26,50,15,3,500.0,boutique
5490,2026-06-27,50,15,7,500.0,revendeur
5491,2026-06-28,50,15,5,500.0,boutique
5492,2026-06-29,50,15,3,500.0,en_ligne
5493,2026-06-30,50,15,5,500.0,en_ligne
5494,2026-07-01,50,15,5,500.0,boutique
5495,2026-07-02,50,15,5,500.0,en_ligne
5496,2026-07-03,50,15,3,500.0,boutique
5497,2026-07-04,50,15,5,500.0,boutique
5498,2026-07-05,50,15,7,500.0,boutique
5499,2026-07-06,50,15,5,500.0,boutique
5500,2026-07-07,50,15,4,500.0,boutique
5501,2026-07-08,50,15,5,500.0,boutique
5502,2026-07-09,50,15,4,500.0,en_ligne
5503,2026-07-10,50,15,4,500.0,revendeur
5504,2026-07-11,50,15,5,500.0,boutique
5505,2026-07-12,50,15,7,500.0,boutique
5506,2026-07-13,50,15,5,500.0,boutique
5507,2026-07-14,50,15,4,500.0,boutique
5508,2026-07-15,50,15,6,500.0,boutique
5509,2026-07-16,50,15,3,500.0,boutique
5510,2026-07-17,50,15,6,500.0,revendeur
5511,2026-07-18,50,15,6,500.0,boutique
5512,2026-07-19,50,15,7,500.0,en_ligne
5513,2026-07-20,50,15,4,500.0,boutique
5514,2026-07-21,50,15,5,500.0,boutique
5515,2026-07-22,50,15,6,500.0,boutique
5516,2026-07-23,50,15,3,500.0,boutique
5517,2026-07-24,50,15,4,500.0,boutique
5518,2026-07-25,50,15,6,500.0,boutique
5519,2026-07-26,50,15,8,500.0,en_ligne
5520,2026-07-27,50,15,5,500.0,boutique
5521,2026-07-28,50,15,5,500.0,boutique
5522,2026-07-29,50,15,6,500.0,en_ligne
5523,2026-07-30,50,15,4,500.0,boutique
5524,2026-07-31,50,15,5,500.0,boutique
5525,2026-08-01,50,15,5,500.0,en_ligne
5526,2026-08-02,50,15,6,500.0,revendeur
5527,2026-08-03,50,15,4,500.0,boutique
5528,2026-08-04,50,15,5,500.0,boutique
5529,2026-08-05,50,15,4,500.0,boutique
5530,2026-08-06,50,15,7,500.0,boutique
5531,2026-05-29,50,16,5,400.0,boutique
5532,2026-05-30,50,16,4,400.0,boutique
5533,2026-05-31,50,16,6,400.0,boutique
5534,2026-06-01,50,16,5,400.0,boutique
5535,2026-06-02,50,16,5,400.0,boutique
5536,2026-06-03,50,16,3,400.0,boutique
5537,2026-06-04,50,16,4,400.0,boutique
5538,2026-06-05,50,16,6,400.0,boutique
5539,2026-06-06,50,16,6,400.0,boutique
5540,2026-06-07,50,16,6,400.0,boutique
5541,2026-06-08,50,16,4,400.0,boutique
5542,2026-06-09,50,16,4,400.0,boutique
5543,2026-06-10,50,16,4,400.0,boutique
5544,2026-06-11,50,16,5,400.0,boutique
5545,2026-06-12,50,16,4,400.0,boutique
5546,2026-06-13,50,16,5,400.0,revendeur
5547,2026-06-14,50,16,5,400.0,en_ligne
5548,2026-06-15,50,16,4,400.0,en_ligne
5549,2026-06-16,50,16,4,400.0,boutique
5550,2026-06-17,50,16,3,400.0,boutique
5551,2026-06-18,50,16,4,400.0,revendeur
5552,2026-06-19,50,16,5,400.0,boutique
5553,2026-06-20,50,16,6,400.0,revendeur
5554,2026-06-21,50,16,5,400.0,boutique
5555,2026-06-22,50,16,5,400.0,boutique
5556,2026-06-23,50,16,4,400.0,boutique
5557,2026-06-24,50,16,5,400.0,boutique
5558,2026-06-25,50,16,4,400.0,en_ligne
5559,2026-06-26,50,16,5,400.0,boutique
5560,2026-06-27,50,16,5,400.0,boutique
5561,2026-06-28,50,16,6,400.0,boutique
5562,2026-06-29,50,16,5,400.0,en_ligne
5563,2026-06-30,50,16,4,400.0,boutique
5564,2026-07-01,50,16,6,400.0,boutique
5565,2026-07-02,50,16,4,400.0,boutique
5566,2026-07-03,50,16,3,400.0,en_ligne
5567,2026-07-04,50,16,5,400.0,boutique
5568,2026-07-05,50,16,7,400.0,revendeur
5569,2026-07-06,50,16,4,400.0,boutique
5570,2026-07-07,50,16,4,400.0,boutique
5571,2026-07-08,50,16,4,400.0,boutique
5572,2026-07-09,50,16,4,400.0,boutique
5573,2026-07-10,50,16,5,400.0,boutique
5574,2026-07-11,50,16,6,400.0,boutique
5575,2026-07-12,50,16,5,400.0,boutique
5576,2026-07-13,50,16,4,400.0,boutique
5577,2026-07-14,50,16,5,400.0,boutique
5578,2026-07-15,50,16,3,400.0,boutique
5579,2026-07-16,50,16,3,400.0,boutique
5580,2026-07-17,50,16,5,400.0,boutique
5581,2026-07-18,50,16,5,400.0,boutique
5582,2026-07-19,50,16,7,400.0,boutique
5583,2026-07-20,50,16,5,400.0,boutique
5584,2026-07-21,50,16,5,400.0,boutique
5585,2026-07-22,50,16,6,400.0,revendeur
5586,2026-07-23,50,16,5,400.0,boutique
5587,2026-07-24,50,16,3,400.0,boutique
5588,2026-07-25,50,16,5,400.0,revendeur
5589,2026-07-26,50,16,5,400.0,boutique
5590,2026-07-27,50,16,5,400.0,boutique
5591,2026-07-28,50,16,5,400.0,boutique
5592,2026-07-29,50,16,4,400.0,boutique
5593,2026-07-30,50,16,2,400.0,boutique
5594,2026-07-31,50,16,5,400.0,revendeur
5595,2026-08-01,50,16,4,400.0,boutique
5596,2026-08-02,50,16,5,400.0,revendeur
5597,2026-08-03,50,16,5,400.0,en_ligne
5598,2026-08-04,50,16,5,400.0,boutique
5599,2026-08-05,50,16,5,400.0,boutique
5600,2026-08-06,50,16,7,400.0,boutique
5601,2026-05-29,60,1,4,800.0,boutique
5602,2026-05-30,60,1,5,800.0,boutique
5603,2026-05-31,60,1,3,800.0,boutique
5604,2026-06-01,60,1,4,800.0,boutique
5605,2026-06-02,60,1,3,800.0,boutique
5606,2026-06-03,60,1,4,800.0,en_ligne
5607,2026-06-04,60,1,5,800.0,boutique
5608,2026-06-05,60,1,3,800.0,boutique
5609,2026-06-06,60,1,2,800.0,boutique
5610,2026-06-07,60,1,4,800.0,boutique
5611,2026-06-08,60,1,4,800.0,revendeur
5612,2026-06-09,60,1,3,800.0,boutique
5613,2026-06-10,60,1,3,800.0,boutique
5614,2026-06-11,60,1,4,800.0,boutique
5615,2026-06-12,60,1,4,800.0,boutique
5616,2026-06-13,60,1,5,800.0,boutique
5617,2026-06-14,60,1,4,800.0,boutique
5618,2026-06-15,60,1,3,800.0,boutique
5619,2026-06-16,60,1,4,800.0,revendeur
5620,2026-06-17,60,1,4,800.0,boutique
5621,2026-06-18,60,1,3,800.0,boutique
5622,2026-06-19,60,1,2,800.0,boutique
5623,2026-06-20,60,1,3,800.0,boutique
5624,2026-06-21,60,1,3,800.0,boutique
5625,2026-06-22,60,1,3,800.0,boutique
5626,2026-06-23,60,1,2,800.0,boutique
5627,2026-06-24,60,1,4,800.0,boutique
5628,2026-06-25,60,1,2,800.0,boutique
5629,2026-06-26,60,1,4,800.0,revendeur
5630,2026-06-27,60,1,3,800.0,revendeur
5631,2026-06-28,60,1,3,800.0,en_ligne
5632,2026-06-29,60,1,4,800.0,boutique
5633,2026-06-30,60,1,3,800.0,boutique
5634,2026-07-01,60,1,4,800.0,revendeur
5635,2026-07-02,60,1,4,800.0,boutique
5636,2026-07-03,60,1,2,800.0,boutique
5637,2026-07-04,60,1,3,800.0,revendeur
5638,2026-07-05,60,1,3,800.0,boutique
5639,2026-07-06,60,1,2,800.0,boutique
5640,2026-07-07,60,1,4,800.0,boutique
5641,2026-07-08,60,1,3,800.0,revendeur
5642,2026-07-09,60,1,2,800.0,en_ligne
5643,2026-07-10,60,1,4,800.0,boutique
5644,2026-07-11,60,1,4,800.0,boutique
5645,2026-07-12,60,1,4,800.0,boutique
5646,2026-07-13,60,1,4,800.0,boutique
5647,2026-07-14,60,1,4,800.0,boutique
5648,2026-07-15,60,1,4,800.0,boutique
5649,2026-07-16,60,1,2,800.0,en_ligne
5650,2026-07-17,60,1,4,800.0,boutique
5651,2026-07-18,60,1,3,800.0,boutique
5652,2026-07-19,60,1,3,800.0,boutique
5653,2026-07-20,60,1,4,800.0,boutique
5654,2026-07-21,60,1,4,800.0,en_ligne
5655,2026-07-22,60,1,4,800.0,boutique
5656,2026-07-23,60,1,3,800.0,boutique
5657,2026-07-24,60,1,3,800.0,en_ligne
5658,2026-07-25,60,1,5,800.0,boutique
5659,2026-07-26,60,1,4,800.0,boutique
5660,2026-07-27,60,1,4,800.0,en_ligne
5661,2026-07-28,60,1,3,800.0,boutique
5662,2026-07-29,60,1,4,800.0,boutique
5663,2026-07-30,60,1,2,800.0,boutique
5664,2026-07-31,60,1,4,800.0,boutique
5665,2026-08-01,60,1,3,800.0,boutique
5666,2026-08-02,60,1,3,800.0,boutique
5667,2026-08-03,60,1,4,800.0,boutique
5668,2026-08-04,60,1,4,800.0,boutique
5669,2026-08-05,60,1,4,800.0,boutique
5670,2026-08-06,60,1,3,800.0,boutique
5671,2026-05-29,60,2,2,4200.0,boutique
5672,2026-05-30,60,2,2,4200.0,boutique
5673,2026-05-31,60,2,2,4200.0,boutique
5674,2026-06-01,60,2,2,4200.0,boutique
5675,2026-06-02,60,2,2,4200.0,boutique
5676,2026-06-03,60,2,2,4200.0,boutique
5677,2026-06-04,60,2,2,4200.0,boutique
5678,2026-06-05,60,2,3,4200.0,revendeur
5679,2026-06-06,60,2,2,4200.0,boutique
5680,2026-06-07,60,2,2,4200.0,boutique
5681,2026-06-08,60,2,2,4200.0,boutique
5682,2026-06-09,60,2,3,4200.0,boutique
5683,2026-06-10,60,2,2,4200.0,boutique
5684,2026-06-11,60,2,2,4200.0,boutique
5685,2026-06-12,60,2,2,4200.0,boutique
5686,2026-06-13,60,2,3,4200.0,revendeur
5687,2026-06-14,60,2,2,4200.0,boutique
5688,2026-06-15,60,2,2,4200.0,boutique
5689,2026-06-16,60,2,2,4200.0,boutique
5690,2026-06-17,60,2,1,4200.0,boutique
5691,2026-06-18,60,2,1,4200.0,revendeur
5692,2026-06-19,60,2,2,4200.0,en_ligne
5693,2026-06-20,60,2,2,4200.0,boutique
5694,2026-06-21,60,2,1,4200.0,boutique
5695,2026-06-22,60,2,2,4200.0,boutique
5696,2026-06-23,60,2,3,4200.0,boutique
5697,2026-06-24,60,2,2,4200.0,boutique
5698,2026-06-25,60,2,2,4200.0,boutique
5699,2026-06-26,60,2,2,4200.0,revendeur
5700,2026-06-27,60,2,1,4200.0,boutique
5701,2026-06-28,60,2,2,4200.0,boutique
5702,2026-06-29,60,2,2,4200.0,boutique
5703,2026-06-30,60,2,2,4200.0,boutique
5704,2026-07-01,60,2,1,4200.0,boutique
5705,2026-07-02,60,2,2,4200.0,boutique
5706,2026-07-03,60,2,2,4200.0,boutique
5707,2026-07-04,60,2,2,4200.0,en_ligne
5708,2026-07-05,60,2,2,4200.0,boutique
5709,2026-07-06,60,2,2,4200.0,boutique
5710,2026-07-07,60,2,2,4200.0,boutique
5711,2026-07-08,60,2,2,4200.0,boutique
5712,2026-07-09,60,2,2,4200.0,boutique
5713,2026-07-10,60,2,2,4200.0,boutique
5714,2026-07-11,60,2,2,4200.0,boutique
5715,2026-07-12,60,2,2,4200.0,boutique
5716,2026-07-13,60,2,2,4200.0,boutique
5717,2026-07-14,60,2,2,4200.0,boutique
5718,2026-07-15,60,2,2,4200.0,boutique
5719,2026-07-16,60,2,2,4200.0,en_ligne
5720,2026-07-17,60,2,2,4200.0,en_ligne
5721,2026-07-18,60,2,2,4200.0,boutique
5722,2026-07-19,60,2,3,4200.0,boutique
5723,2026-07-20,60,2,3,4200.0,boutique
5724,2026-07-21,60,2,2,4200.0,boutique
5725,2026-07-22,60,2,2,4200.0,boutique
5726,2026-07-23,60,2,2,4200.0,revendeur
5727,2026-07-24,60,2,2,4200.0,boutique
5728,2026-07-25,60,2,3,4200.0,boutique
5729,2026-07-26,60,2,2,4200.0,boutique
5730,2026-07-27,60,2,2,4200.0,revendeur
5731,2026-07-28,60,2,2,4200.0,boutique
5732,2026-07-29,60,2,2,4200.0,revendeur
5733,2026-07-30,60,2,2,4200.0,boutique
5734,2026-07-31,60,2,2,4200.0,boutique
5735,2026-08-01,60,2,2,4200.0,boutique
5736,2026-08-02,60,2,3,4200.0,boutique
5737,2026-08-03,60,2,2,4200.0,en_ligne
5738,2026-08-04,60,2,2,4200.0,en_ligne
5739,2026-08-05,60,2,2,4200.0,boutique
5740,2026-08-06,60,2,2,4200.0,boutique
5741,2026-05-29,60,3,3,650.0,boutique
5742,2026-05-30,60,3,3,650.0,boutique
5743,2026-05-31,60,3,3,650.0,en_ligne
5744,2026-06-01,60,3,3,650.0,en_ligne
5745,2026-06-02,60,3,3,650.0,boutique
5746,2026-06-03,60,3,2,650.0,revendeur
5747,2026-06-04,60,3,3,650.0,en_ligne
5748,2026-06-05,60,3,2,650.0,en_ligne
5749,2026-06-06,60,3,2,650.0,boutique
5750,2026-06-07,60,3,4,650.0,en_ligne
5751,2026-06-08,60,3,2,650.0,boutique
5752,2026-06-09,60,3,3,650.0,boutique
5753,2026-06-10,60,3,2,650.0,boutique
5754,2026-06-11,60,3,2,650.0,boutique
5755,2026-06-12,60,3,2,650.0,boutique
5756,2026-06-13,60,3,3,650.0,revendeur
5757,2026-06-14,60,3,2,650.0,revendeur
5758,2026-06-15,60,3,3,650.0,en_ligne
5759,2026-06-16,60,3,3,650.0,boutique
5760,2026-06-17,60,3,3,650.0,boutique
5761,2026-06-18,60,3,2,650.0,boutique
5762,2026-06-19,60,3,3,650.0,en_ligne
5763,2026-06-20,60,3,2,650.0,boutique
5764,2026-06-21,60,3,3,650.0,boutique
5765,2026-06-22,60,3,2,650.0,boutique
5766,2026-06-23,60,3,2,650.0,boutique
5767,2026-06-24,60,3,2,650.0,boutique
5768,2026-06-25,60,3,3,650.0,boutique
5769,2026-06-26,60,3,3,650.0,boutique
5770,2026-06-27,60,3,2,650.0,boutique
5771,2026-06-28,60,3,3,650.0,boutique
5772,2026-06-29,60,3,2,650.0,boutique
5773,2026-06-30,60,3,2,650.0,boutique
5774,2026-07-01,60,3,3,650.0,boutique
5775,2026-07-02,60,3,2,650.0,boutique
5776,2026-07-03,60,3,3,650.0,boutique
5777,2026-07-04,60,3,2,650.0,en_ligne
5778,2026-07-05,60,3,2,650.0,boutique
5779,2026-07-06,60,3,3,650.0,boutique
5780,2026-07-07,60,3,3,650.0,boutique
5781,2026-07-08,60,3,3,650.0,boutique
5782,2026-07-09,60,3,3,650.0,en_ligne
5783,2026-07-10,60,3,2,650.0,boutique
5784,2026-07-11,60,3,3,650.0,boutique
5785,2026-07-12,60,3,3,650.0,en_ligne
5786,2026-07-13,60,3,2,650.0,boutique
5787,2026-07-14,60,3,2,650.0,revendeur
5788,2026-07-15,60,3,3,650.0,boutique
5789,2026-07-16,60,3,3,650.0,boutique
5790,2026-07-17,60,3,2,650.0,boutique
5791,2026-07-18,60,3,2,650.0,boutique
5792,2026-07-19,60,3,3,650.0,boutique
5793,2026-07-20,60,3,2,650.0,boutique
5794,2026-07-21,60,3,2,650.0,boutique
5795,2026-07-22,60,3,2,650.0,boutique
5796,2026-07-23,60,3,3,650.0,boutique
5797,2026-07-24,60,3,3,650.0,boutique
5798,2026-07-25,60,3,2,650.0,boutique
5799,2026-07-26,60,3,3,650.0,en_ligne
5800,2026-07-27,60,3,3,650.0,en_ligne
5801,2026-07-28,60,3,2,650.0,boutique
5802,2026-07-29,60,3,3,650.0,boutique
5803,2026-07-30,60,3,1,650.0,en_ligne
5804,2026-07-31,60,3,2,650.0,boutique
5805,2026-08-01,60,3,3,650.0,boutique
5806,2026-08-02,60,3,2,650.0,revendeur
5807,2026-08-03,60,3,1,650.0,en_ligne
5808,2026-08-04,60,3,1,650.0,en_ligne
5809,2026-08-05,60,3,2,650.0,boutique
5810,2026-08-06,60,3,3,650.0,en_ligne
5811,2026-05-29,60,4,7,400.0,boutique
5812,2026-05-30,60,4,7,400.0,boutique
5813,2026-05-31,60,4,9,400.0,boutique
5814,2026-06-01,60,4,9,400.0,en_ligne
5815,2026-06-02,60,4,7,400.0,boutique
5816,2026-06-03,60,4,8,400.0,boutique
5817,2026-06-04,60,4,8,400.0,boutique
5818,2026-06-05,60,4,7,400.0,boutique
5819,2026-06-06,60,4,10,400.0,boutique
5820,2026-06-07,60,4,12,400.0,boutique
5821,2026-06-08,60,4,5,400.0,en_ligne
5822,2026-06-09,60,4,8,400.0,boutique
5823,2026-06-10,60,4,6,400.0,en_ligne
5824,2026-06-11,60,4,10,400.0,boutique
5825,2026-06-12,60,4,8,400.0,boutique
5826,2026-06-13,60,4,9,400.0,boutique
5827,2026-06-14,60,4,7,400.0,en_ligne
5828,2026-06-15,60,4,6,400.0,boutique
5829,2026-06-16,60,4,9,400.0,boutique
5830,2026-06-17,60,4,7,400.0,boutique
5831,2026-06-18,60,4,8,400.0,boutique
5832,2026-06-19,60,4,9,400.0,boutique
5833,2026-06-20,60,4,11,400.0,boutique
5834,2026-06-21,60,4,10,400.0,boutique
5835,2026-06-22,60,4,9,400.0,en_ligne
5836,2026-06-23,60,4,7,400.0,boutique
5837,2026-06-24,60,4,5,400.0,boutique
5838,2026-06-25,60,4,8,400.0,boutique
5839,2026-06-26,60,4,6,400.0,boutique
5840,2026-06-27,60,4,11,400.0,boutique
5841,2026-06-28,60,4,10,400.0,boutique
5842,2026-06-29,60,4,7,400.0,revendeur
5843,2026-06-30,60,4,7,400.0,en_ligne
5844,2026-07-01,60,4,7,400.0,boutique
5845,2026-07-02,60,4,5,400.0,boutique
5846,2026-07-03,60,4,8,400.0,boutique
5847,2026-07-04,60,4,12,400.0,en_ligne
5848,2026-07-05,60,4,16,400.0,boutique
5849,2026-07-06,60,4,7,400.0,boutique
5850,2026-07-07,60,4,8,400.0,boutique
5851,2026-07-08,60,4,8,400.0,en_ligne
5852,2026-07-09,60,4,6,400.0,boutique
5853,2026-07-10,60,4,10,400.0,boutique
5854,2026-07-11,60,4,9,400.0,en_ligne
5855,2026-07-12,60,4,8,400.0,boutique
5856,2026-07-13,60,4,13,400.0,boutique
5857,2026-07-14,60,4,6,400.0,revendeur
5858,2026-07-15,60,4,9,400.0,boutique
5859,2026-07-16,60,4,7,400.0,boutique
5860,2026-07-17,60,4,6,400.0,boutique
5861,2026-07-18,60,4,9,400.0,boutique
5862,2026-07-19,60,4,10,400.0,boutique
5863,2026-07-20,60,4,8,400.0,en_ligne
5864,2026-07-21,60,4,7,400.0,en_ligne
5865,2026-07-22,60,4,7,400.0,boutique
5866,2026-07-23,60,4,6,400.0,boutique
5867,2026-07-24,60,4,9,400.0,revendeur
5868,2026-07-25,60,4,14,400.0,boutique
5869,2026-07-26,60,4,11,400.0,en_ligne
5870,2026-07-27,60,4,7,400.0,boutique
5871,2026-07-28,60,4,8,400.0,boutique
5872,2026-07-29,60,4,9,400.0,boutique
5873,2026-07-30,60,4,8,400.0,boutique
5874,2026-07-31,60,4,7,400.0,en_ligne
5875,2026-08-01,60,4,8,400.0,boutique
5876,2026-08-02,60,4,14,400.0,en_ligne
5877,2026-08-03,60,4,8,400.0,boutique
5878,2026-08-04,60,4,7,400.0,boutique
5879,2026-08-05,60,4,7,400.0,boutique
5880,2026-08-06,60,4,7,400.0,en_ligne
5881,2026-05-29,60,5,4,900.0,boutique
5882,2026-05-30,60,5,5,900.0,boutique
5883,2026-05-31,60,5,6,900.0,boutique
5884,2026-06-01,60,5,3,900.0,boutique
5885,2026-06-02,60,5,2,900.0,boutique
5886,2026-06-03,60,5,2,900.0,boutique
5887,2026-06-04,60,5,3,900.0,boutique
5888,2026-06-05,60,5,3,900.0,boutique
5889,2026-06-06,60,5,3,900.0,boutique
5890,2026-06-07,60,5,3,900.0,boutique
5891,2026-06-08,60,5,3,900.0,boutique
5892,2026-06-09,60,5,3,900.0,boutique
5893,2026-06-10,60,5,3,900.0,boutique
5894,2026-06-11,60,5,3,900.0,boutique
5895,2026-06-12,60,5,2,900.0,boutique
5896,2026-06-13,60,5,5,900.0,boutique
5897,2026-06-14,60,5,5,900.0,boutique
5898,2026-06-15,60,5,4,900.0,revendeur
5899,2026-06-16,60,5,3,900.0,boutique
5900,2026-06-17,60,5,2,900.0,en_ligne
5901,2026-06-18,60,5,3,900.0,boutique
5902,2026-06-19,60,5,3,900.0,boutique
5903,2026-06-20,60,5,2,900.0,boutique
5904,2026-06-21,60,5,3,900.0,revendeur
5905,2026-06-22,60,5,3,900.0,boutique
5906,2026-06-23,60,5,3,900.0,boutique
5907,2026-06-24,60,5,3,900.0,en_ligne
5908,2026-06-25,60,5,3,900.0,boutique
5909,2026-06-26,60,5,3,900.0,boutique
5910,2026-06-27,60,5,5,900.0,boutique
5911,2026-06-28,60,5,3,900.0,boutique
5912,2026-06-29,60,5,2,900.0,boutique
5913,2026-06-30,60,5,3,900.0,boutique
5914,2026-07-01,60,5,4,900.0,boutique
5915,2026-07-02,60,5,3,900.0,revendeur
5916,2026-07-03,60,5,4,900.0,boutique
5917,2026-07-04,60,5,5,900.0,en_ligne
5918,2026-07-05,60,5,4,900.0,boutique
5919,2026-07-06,60,5,2,900.0,boutique
5920,2026-07-07,60,5,3,900.0,boutique
5921,2026-07-08,60,5,3,900.0,boutique
5922,2026-07-09,60,5,3,900.0,boutique
5923,2026-07-10,60,5,3,900.0,boutique
5924,2026-07-11,60,5,4,900.0,boutique
5925,2026-07-12,60,5,5,900.0,boutique
5926,2026-07-13,60,5,3,900.0,en_ligne
5927,2026-07-14,60,5,3,900.0,revendeur
5928,2026-07-15,60,5,4,900.0,boutique
5929,2026-07-16,60,5,3,900.0,boutique
5930,2026-07-17,60,5,2,900.0,revendeur
5931,2026-07-18,60,5,5,900.0,en_ligne
5932,2026-07-19,60,5,4,900.0,boutique
5933,2026-07-20,60,5,4,900.0,boutique
5934,2026-07-21,60,5,3,900.0,boutique
5935,2026-07-22,60,5,4,900.0,boutique
5936,2026-07-23,60,5,4,900.0,en_ligne
5937,2026-07-24,60,5,3,900.0,revendeur
5938,2026-07-25,60,5,4,900.0,boutique
5939,2026-07-26,60,5,4,900.0,boutique
5940,2026-07-27,60,5,3,900.0,boutique
5941,2026-07-28,60,5,2,900.0,en_ligne
5942,2026-07-29,60,5,2,900.0,boutique
5943,2026-07-30,60,5,4,900.0,en_ligne
5944,2026-07-31,60,5,3,900.0,boutique
5945,2026-08-01,60,5,6,900.0,boutique
5946,2026-08-02,60,5,4,900.0,revendeur
5947,2026-08-03,60,5,4,900.0,boutique
5948,2026-08-04,60,5,3,900.0,boutique
5949,2026-08-05,60,5,3,900.0,boutique
5950,2026-08-06,60,5,3,900.0,boutique
5951,2026-05-29,60,6,4,350.0,boutique
5952,2026-05-30,60,6,10,350.0,revendeur
5953,2026-05-31,60,6,8,350.0,boutique
5954,2026-06-01,60,6,5,350.0,en_ligne
5955,2026-06-02,60,6,5,350.0,revendeur
5956,2026-06-03,60,6,3,350.0,boutique
5957,2026-06-04,60,6,5,350.0,boutique
5958,2026-06-05,60,6,4,350.0,boutique
5959,2026-06-06,60,6,7,350.0,revendeur
5960,2026-06-07,60,6,6,350.0,boutique
5961,2026-06-08,60,6,5,350.0,boutique
5962,2026-06-09,60,6,5,350.0,revendeur
5963,2026-06-10,60,6,6,350.0,boutique
5964,2026-06-11,60,6,6,350.0,en_ligne
5965,2026-06-12,60,6,5,350.0,boutique
5966,2026-06-13,60,6,7,350.0,boutique
5967,2026-06-14,60,6,6,350.0,boutique
5968,2026-06-15,60,6,4,350.0,boutique
5969,2026-06-16,60,6,6,350.0,boutique
5970,2026-06-17,60,6,6,350.0,boutique
5971,2026-06-18,60,6,7,350.0,boutique
5972,2026-06-19,60,6,5,350.0,boutique
5973,2026-06-20,60,6,8,350.0,en_ligne
5974,2026-06-21,60,6,7,350.0,boutique
5975,2026-06-22,60,6,4,350.0,en_ligne
5976,2026-06-23,60,6,5,350.0,boutique
5977,2026-06-24,60,6,5,350.0,boutique
5978,2026-06-25,60,6,3,350.0,boutique
5979,2026-06-26,60,6,6,350.0,boutique
5980,2026-06-27,60,6,7,350.0,boutique
5981,2026-06-28,60,6,8,350.0,en_ligne
5982,2026-06-29,60,6,4,350.0,revendeur
5983,2026-06-30,60,6,4,350.0,en_ligne
5984,2026-07-01,60,6,6,350.0,boutique
5985,2026-07-02,60,6,5,350.0,boutique
5986,2026-07-03,60,6,4,350.0,boutique
5987,2026-07-04,60,6,5,350.0,revendeur
5988,2026-07-05,60,6,8,350.0,boutique
5989,2026-07-06,60,6,6,350.0,boutique
5990,2026-07-07,60,6,6,350.0,boutique
5991,2026-07-08,60,6,4,350.0,boutique
5992,2026-07-09,60,6,4,350.0,en_ligne
5993,2026-07-10,60,6,5,350.0,en_ligne
5994,2026-07-11,60,6,5,350.0,boutique
5995,2026-07-12,60,6,4,350.0,boutique
5996,2026-07-13,60,6,5,350.0,boutique
5997,2026-07-14,60,6,4,350.0,revendeur
5998,2026-07-15,60,6,4,350.0,boutique
5999,2026-07-16,60,6,6,350.0,boutique
6000,2026-07-17,60,6,6,350.0,boutique
6001,2026-07-18,60,6,8,350.0,boutique
6002,2026-07-19,60,6,6,350.0,boutique
6003,2026-07-20,60,6,4,350.0,en_ligne
6004,2026-07-21,60,6,6,350.0,boutique
6005,2026-07-22,60,6,3,350.0,en_ligne
6006,2026-07-23,60,6,5,350.0,boutique
6007,2026-07-24,60,6,5,350.0,boutique
6008,2026-07-25,60,6,5,350.0,boutique
6009,2026-07-26,60,6,10,350.0,boutique
6010,2026-07-27,60,6,5,350.0,revendeur
6011,2026-07-28,60,6,6,350.0,en_ligne
6012,2026-07-29,60,6,3,350.0,boutique
6013,2026-07-30,60,6,5,350.0,revendeur
6014,2026-07-31,60,6,4,350.0,boutique
6015,2026-08-01,60,6,6,350.0,boutique
6016,2026-08-02,60,6,7,350.0,revendeur
6017,2026-08-03,60,6,5,350.0,boutique
6018,2026-08-04,60,6,7,350.0,en_ligne
6019,2026-08-05,60,6,4,350.0,boutique
6020,2026-08-06,60,6,5,350.0,boutique
6021,2026-05-29,60,7,5,700.0,en_ligne
6022,2026-05-30,60,7,3,700.0,boutique
6023,2026-05-31,60,7,3,700.0,en_ligne
6024,2026-06-01,60,7,3,700.0,boutique
6025,2026-06-02,60,7,4,700.0,boutique
6026,2026-06-03,60,7,4,700.0,boutique
6027,2026-06-04,60,7,4,700.0,boutique
6028,2026-06-05,60,7,5,700.0,boutique
6029,2026-06-06,60,7,4,700.0,boutique
6030,2026-06-07,60,7,5,700.0,en_ligne
6031,2026-06-08,60,7,5,700.0,revendeur
6032,2026-06-09,60,7,3,700.0,boutique
6033,2026-06-10,60,7,5,700.0,revendeur
6034,2026-06-11,60,7,5,700.0,boutique
6035,2026-06-12,60,7,3,700.0,boutique
6036,2026-06-13,60,7,4,700.0,boutique
6037,2026-06-14,60,7,4,700.0,boutique
6038,2026-06-15,60,7,3,700.0,boutique
6039,2026-06-16,60,7,5,700.0,boutique
6040,2026-06-17,60,7,3,700.0,boutique
6041,2026-06-18,60,7,3,700.0,revendeur
6042,2026-06-19,60,7,4,700.0,boutique
6043,2026-06-20,60,7,5,700.0,en_ligne
6044,2026-06-21,60,7,4,700.0,boutique
6045,2026-06-22,60,7,4,700.0,revendeur
6046,2026-06-23,60,7,4,700.0,boutique
6047,2026-06-24,60,7,5,700.0,boutique
6048,2026-06-25,60,7,4,700.0,boutique
6049,2026-06-26,60,7,2,700.0,revendeur
6050,2026-06-27,60,7,4,700.0,boutique
6051,2026-06-28,60,7,4,700.0,boutique
6052,2026-06-29,60,7,5,700.0,boutique
6053,2026-06-30,60,7,4,700.0,boutique
6054,2026-07-01,60,7,4,700.0,en_ligne
6055,2026-07-02,60,7,3,700.0,boutique
6056,2026-07-03,60,7,5,700.0,boutique
6057,2026-07-04,60,7,5,700.0,boutique
6058,2026-07-05,60,7,3,700.0,en_ligne
6059,2026-07-06,60,7,5,700.0,boutique
6060,2026-07-07,60,7,4,700.0,revendeur
6061,2026-07-08,60,7,4,700.0,boutique
6062,2026-07-09,60,7,3,700.0,revendeur
6063,2026-07-10,60,7,5,700.0,boutique
6064,2026-07-11,60,7,4,700.0,revendeur
6065,2026-07-12,60,7,5,700.0,revendeur
6066,2026-07-13,60,7,5,700.0,boutique
6067,2026-07-14,60,7,4,700.0,revendeur
6068,2026-07-15,60,7,4,700.0,en_ligne
6069,2026-07-16,60,7,3,700.0,boutique
6070,2026-07-17,60,7,4,700.0,en_ligne
6071,2026-07-18,60,7,3,700.0,boutique
6072,2026-07-19,60,7,3,700.0,boutique
6073,2026-07-20,60,7,2,700.0,boutique
6074,2026-07-21,60,7,3,700.0,boutique
6075,2026-07-22,60,7,5,700.0,boutique
6076,2026-07-23,60,7,4,700.0,boutique
6077,2026-07-24,60,7,4,700.0,boutique
6078,2026-07-25,60,7,4,700.0,boutique
6079,2026-07-26,60,7,5,700.0,en_ligne
6080,2026-07-27,60,7,4,700.0,boutique
6081,2026-07-28,60,7,4,700.0,boutique
6082,2026-07-29,60,7,4,700.0,boutique
6083,2026-07-30,60,7,5,700.0,boutique
6084,2026-07-31,60,7,4,700.0,boutique
6085,2026-08-01,60,7,3,700.0,revendeur
6086,2026-08-02,60,7,2,700.0,boutique
6087,2026-08-03,60,7,3,700.0,boutique
6088,2026-08-04,60,7,4,700.0,boutique
6089,2026-08-05,60,7,3,700.0,revendeur
6090,2026-08-06,60,7,3,700.0,boutique
6091,2026-05-29,60,8,2,850.0,boutique
6092,2026-05-30,60,8,2,850.0,boutique
6093,2026-05-31,60,8,2,850.0,boutique
6094,2026-06-01,60,8,2,850.0,boutique
6095,2026-06-02,60,8,3,850.0,boutique
6096,2026-06-03,60,8,2,850.0,boutique
6097,2026-06-04,60,8,2,850.0,boutique
6098,2026-06-05,60,8,2,850.0,en_ligne
6099,2026-06-06,60,8,3,850.0,boutique
6100,2026-06-07,60,8,3,850.0,boutique
6101,2026-06-08,60,8,3,850.0,revendeur
6102,2026-06-09,60,8,3,850.0,boutique
6103,2026-06-10,60,8,3,850.0,boutique
6104,2026-06-11,60,8,2,850.0,boutique
6105,2026-06-12,60,8,3,850.0,boutique
6106,2026-06-13,60,8,3,850.0,boutique
6107,2026-06-14,60,8,2,850.0,boutique
6108,2026-06-15,60,8,2,850.0,boutique
6109,2026-06-16,60,8,2,850.0,revendeur
6110,2026-06-17,60,8,3,850.0,boutique
6111,2026-06-18,60,8,2,850.0,boutique
6112,2026-06-19,60,8,3,850.0,boutique
6113,2026-06-20,60,8,1,850.0,boutique
6114,2026-06-21,60,8,2,850.0,boutique
6115,2026-06-22,60,8,3,850.0,boutique
6116,2026-06-23,60,8,4,850.0,boutique
6117,2026-06-24,60,8,2,850.0,revendeur
6118,2026-06-25,60,8,3,850.0,boutique
6119,2026-06-26,60,8,3,850.0,boutique
6120,2026-06-27,60,8,2,850.0,boutique
6121,2026-06-28,60,8,3,850.0,boutique
6122,2026-06-29,60,8,3,850.0,en_ligne
6123,2026-06-30,60,8,3,850.0,boutique
6124,2026-07-01,60,8,2,850.0,en_ligne
6125,2026-07-02,60,8,2,850.0,boutique
6126,2026-07-03,60,8,2,850.0,boutique
6127,2026-07-04,60,8,3,850.0,boutique
6128,2026-07-05,60,8,2,850.0,boutique
6129,2026-07-06,60,8,4,850.0,en_ligne
6130,2026-07-07,60,8,2,850.0,boutique
6131,2026-07-08,60,8,2,850.0,boutique
6132,2026-07-09,60,8,3,850.0,boutique
6133,2026-07-10,60,8,3,850.0,boutique
6134,2026-07-11,60,8,2,850.0,revendeur
6135,2026-07-12,60,8,4,850.0,revendeur
6136,2026-07-13,60,8,2,850.0,boutique
6137,2026-07-14,60,8,2,850.0,boutique
6138,2026-07-15,60,8,3,850.0,boutique
6139,2026-07-16,60,8,2,850.0,boutique
6140,2026-07-17,60,8,3,850.0,en_ligne
6141,2026-07-18,60,8,3,850.0,boutique
6142,2026-07-19,60,8,3,850.0,revendeur
6143,2026-07-20,60,8,3,850.0,revendeur
6144,2026-07-21,60,8,2,850.0,boutique
6145,2026-07-22,60,8,3,850.0,boutique
6146,2026-07-23,60,8,2,850.0,boutique
6147,2026-07-24,60,8,2,850.0,boutique
6148,2026-07-25,60,8,3,850.0,boutique
6149,2026-07-26,60,8,2,850.0,boutique
6150,2026-07-27,60,8,3,850.0,boutique
6151,2026-07-28,60,8,2,850.0,revendeur
6152,2026-07-29,60,8,3,850.0,boutique
6153,2026-07-30,60,8,2,850.0,boutique
6154,2026-07-31,60,8,3,850.0,boutique
6155,2026-08-01,60,8,2,850.0,boutique
6156,2026-08-02,60,8,2,850.0,revendeur
6157,2026-08-03,60,8,3,850.0,boutique
6158,2026-08-04,60,8,2,850.0,boutique
6159,2026-08-05,60,8,4,850.0,boutique
6160,2026-08-06,60,8,3,850.0,boutique
6161,2026-05-29,60,9,2,1200.0,boutique
6162,2026-05-30,60,9,1,1200.0,boutique
6163,2026-05-31,60,9,1,1200.0,boutique
6164,2026-06-01,60,9,1,1200.0,boutique
6165,2026-06-02,60,9,2,1200.0,en_ligne
6166,2026-06-03,60,9,1,1200.0,en_ligne
6167,2026-06-04,60,9,1,1200.0,boutique
6168,2026-06-05,60,9,1,1200.0,boutique
6169,2026-06-06,60,9,1,1200.0,boutique
6170,2026-06-07,60,9,1,1200.0,revendeur
6171,2026-06-08,60,9,2,1200.0,boutique
6172,2026-06-09,60,9,1,1200.0,boutique
6173,2026-06-10,60,9,2,1200.0,boutique
6174,2026-06-11,60,9,2,1200.0,revendeur
6175,2026-06-12,60,9,2,1200.0,revendeur
6176,2026-06-13,60,9,2,1200.0,boutique
6177,2026-06-14,60,9,2,1200.0,en_ligne
6178,2026-06-15,60,9,2,1200.0,revendeur
6179,2026-06-16,60,9,2,1200.0,boutique
6180,2026-06-17,60,9,1,1200.0,en_ligne
6181,2026-06-18,60,9,2,1200.0,boutique
6182,2026-06-19,60,9,2,1200.0,boutique
6183,2026-06-20,60,9,2,1200.0,boutique
6184,2026-06-21,60,9,1,1200.0,en_ligne
6185,2026-06-22,60,9,1,1200.0,en_ligne
6186,2026-06-23,60,9,1,1200.0,boutique
6187,2026-06-24,60,9,1,1200.0,boutique
6188,2026-06-25,60,9,2,1200.0,boutique
6189,2026-06-26,60,9,1,1200.0,en_ligne
6190,2026-06-27,60,9,2,1200.0,boutique
6191,2026-06-28,60,9,1,1200.0,boutique
6192,2026-06-29,60,9,1,1200.0,boutique
6193,2026-06-30,60,9,1,1200.0,boutique
6194,2026-07-01,60,9,2,1200.0,boutique
6195,2026-07-02,60,9,2,1200.0,boutique
6196,2026-07-03,60,9,2,1200.0,boutique
6197,2026-07-04,60,9,1,1200.0,boutique
6198,2026-07-05,60,9,2,1200.0,boutique
6199,2026-07-06,60,9,2,1200.0,boutique
6200,2026-07-07,60,9,1,1200.0,boutique
6201,2026-07-08,60,9,1,1200.0,boutique
6202,2026-07-09,60,9,1,1200.0,en_ligne
6203,2026-07-10,60,9,2,1200.0,boutique
6204,2026-07-11,60,9,1,1200.0,boutique
6205,2026-07-12,60,9,2,1200.0,boutique
6206,2026-07-13,60,9,2,1200.0,boutique
6207,2026-07-14,60,9,2,1200.0,boutique
6208,2026-07-15,60,9,2,1200.0,en_ligne
6209,2026-07-16,60,9,2,1200.0,boutique
6210,2026-07-17,60,9,1,1200.0,boutique
6211,2026-07-18,60,9,2,1200.0,boutique
6212,2026-07-19,60,9,2,1200.0,revendeur
6213,2026-07-20,60,9,2,1200.0,boutique
6214,2026-07-21,60,9,1,1200.0,boutique
6215,2026-07-22,60,9,1,1200.0,boutique
6216,2026-07-23,60,9,1,1200.0,revendeur
6217,2026-07-24,60,9,2,1200.0,boutique
6218,2026-07-25,60,9,1,1200.0,boutique
6219,2026-07-26,60,9,1,1200.0,boutique
6220,2026-07-27,60,9,2,1200.0,boutique
6221,2026-07-28,60,9,2,1200.0,boutique
6222,2026-07-29,60,9,2,1200.0,boutique
6223,2026-07-30,60,9,2,1200.0,boutique
6224,2026-07-31,60,9,1,1200.0,boutique
6225,2026-08-01,60,9,1,1200.0,revendeur
6226,2026-08-02,60,9,1,1200.0,boutique
6227,2026-08-03,60,9,1,1200.0,boutique
6228,2026-08-04,60,9,1,1200.0,boutique
6229,2026-08-05,60,9,2,1200.0,boutique
6230,2026-08-06,60,9,2,1200.0,boutique
6231,2026-05-29,60,10,2,1100.0,boutique
6232,2026-05-30,60,10,2,1100.0,boutique
6233,2026-05-31,60,10,2,1100.0,boutique
6234,2026-06-01,60,10,1,1100.0,boutique
6235,2026-06-02,60,10,2,1100.0,boutique
6236,2026-06-03,60,10,2,1100.0,boutique
6237,2026-06-04,60,10,3,1100.0,boutique
6238,2026-06-05,60,10,1,1100.0,boutique
6239,2026-06-06,60,10,2,1100.0,boutique
6240,2026-06-07,60,10,2,1100.0,boutique
6241,2026-06-08,60,10,2,1100.0,revendeur
6242,2026-06-09,60,10,2,1100.0,boutique
6243,2026-06-10,60,10,2,1100.0,boutique
6244,2026-06-11,60,10,2,1100.0,boutique
6245,2026-06-12,60,10,2,1100.0,boutique
6246,2026-06-13,60,10,2,1100.0,revendeur
6247,2026-06-14,60,10,3,1100.0,boutique
6248,2026-06-15,60,10,2,1100.0,boutique
6249,2026-06-16,60,10,2,1100.0,boutique
6250,2026-06-17,60,10,2,1100.0,boutique
6251,2026-06-18,60,10,2,1100.0,boutique
6252,2026-06-19,60,10,2,1100.0,en_ligne
6253,2026-06-20,60,10,1,1100.0,boutique
6254,2026-06-21,60,10,3,1100.0,boutique
6255,2026-06-22,60,10,2,1100.0,boutique
6256,2026-06-23,60,10,2,1100.0,boutique
6257,2026-06-24,60,10,2,1100.0,boutique
6258,2026-06-25,60,10,2,1100.0,boutique
6259,2026-06-26,60,10,2,1100.0,boutique
6260,2026-06-27,60,10,2,1100.0,en_ligne
6261,2026-06-28,60,10,2,1100.0,revendeur
6262,2026-06-29,60,10,2,1100.0,boutique
6263,2026-06-30,60,10,2,1100.0,boutique
6264,2026-07-01,60,10,2,1100.0,boutique
6265,2026-07-02,60,10,2,1100.0,boutique
6266,2026-07-03,60,10,2,1100.0,boutique
6267,2026-07-04,60,10,2,1100.0,boutique
6268,2026-07-05,60,10,1,1100.0,boutique
6269,2026-07-06,60,10,2,1100.0,boutique
6270,2026-07-07,60,10,2,1100.0,boutique
6271,2026-07-08,60,10,2,1100.0,boutique
6272,2026-07-09,60,10,2,1100.0,boutique
6273,2026-07-10,60,10,2,1100.0,boutique
6274,2026-07-11,60,10,2,1100.0,boutique
6275,2026-07-12,60,10,2,1100.0,boutique
6276,2026-07-13,60,10,2,1100.0,en_ligne
6277,2026-07-14,60,10,2,1100.0,boutique
6278,2026-07-15,60,10,2,1100.0,en_ligne
6279,2026-07-16,60,10,3,1100.0,boutique
6280,2026-07-17,60,10,3,1100.0,revendeur
6281,2026-07-18,60,10,2,1100.0,en_ligne
6282,2026-07-19,60,10,2,1100.0,boutique
6283,2026-07-20,60,10,2,1100.0,boutique
6284,2026-07-21,60,10,2,1100.0,en_ligne
6285,2026-07-22,60,10,3,1100.0,boutique
6286,2026-07-23,60,10,2,1100.0,revendeur
6287,2026-07-24,60,10,2,1100.0,boutique
6288,2026-07-25,60,10,2,1100.0,en_ligne
6289,2026-07-26,60,10,1,1100.0,boutique
6290,2026-07-27,60,10,3,1100.0,en_ligne
6291,2026-07-28,60,10,1,1100.0,boutique
6292,2026-07-29,60,10,2,1100.0,boutique
6293,2026-07-30,60,10,1,1100.0,boutique
6294,2026-07-31,60,10,2,1100.0,boutique
6295,2026-08-01,60,10,1,1100.0,boutique
6296,2026-08-02,60,10,2,1100.0,boutique
6297,2026-08-03,60,10,1,1100.0,boutique
6298,2026-08-04,60,10,2,1100.0,revendeur
6299,2026-08-05,60,10,3,1100.0,boutique
6300,2026-08-06,60,10,2,1100.0,boutique
6301,2026-05-29,60,11,3,500.0,boutique
6302,2026-05-30,60,11,3,500.0,boutique
6303,2026-05-31,60,11,3,500.0,boutique
6304,2026-06-01,60,11,3,500.0,en_ligne
6305,2026-06-02,60,11,4,500.0,boutique
6306,2026-06-03,60,11,3,500.0,en_ligne
6307,2026-06-04,60,11,4,500.0,boutique
6308,2026-06-05,60,11,3,500.0,en_ligne
6309,2026-06-06,60,11,4,500.0,boutique
6310,2026-06-07,60,11,3,500.0,boutique
6311,2026-06-08,60,11,3,500.0,boutique
6312,2026-06-09,60,11,4,500.0,revendeur
6313,2026-06-10,60,11,3,500.0,revendeur
6314,2026-06-11,60,11,2,500.0,boutique
6315,2026-06-12,60,11,3,500.0,boutique
6316,2026-06-13,60,11,2,500.0,boutique
6317,2026-06-14,60,11,3,500.0,en_ligne
6318,2026-06-15,60,11,3,500.0,boutique
6319,2026-06-16,60,11,4,500.0,boutique
6320,2026-06-17,60,11,4,500.0,boutique
6321,2026-06-18,60,11,2,500.0,boutique
6322,2026-06-19,60,11,3,500.0,revendeur
6323,2026-06-20,60,11,3,500.0,boutique
6324,2026-06-21,60,11,3,500.0,boutique
6325,2026-06-22,60,11,3,500.0,boutique
6326,2026-06-23,60,11,3,500.0,en_ligne
6327,2026-06-24,60,11,3,500.0,boutique
6328,2026-06-25,60,11,3,500.0,boutique
6329,2026-06-26,60,11,4,500.0,boutique
6330,2026-06-27,60,11,3,500.0,boutique
6331,2026-06-28,60,11,2,500.0,boutique
6332,2026-06-29,60,11,4,500.0,boutique
6333,2026-06-30,60,11,3,500.0,boutique
6334,2026-07-01,60,11,2,500.0,en_ligne
6335,2026-07-02,60,11,4,500.0,boutique
6336,2026-07-03,60,11,2,500.0,boutique
6337,2026-07-04,60,11,4,500.0,boutique
6338,2026-07-05,60,11,3,500.0,boutique
6339,2026-07-06,60,11,3,500.0,revendeur
6340,2026-07-07,60,11,4,500.0,boutique
6341,2026-07-08,60,11,3,500.0,boutique
6342,2026-07-09,60,11,3,500.0,boutique
6343,2026-07-10,60,11,3,500.0,boutique
6344,2026-07-11,60,11,2,500.0,boutique
6345,2026-07-12,60,11,3,500.0,en_ligne
6346,2026-07-13,60,11,3,500.0,en_ligne
6347,2026-07-14,60,11,3,500.0,boutique
6348,2026-07-15,60,11,3,500.0,en_ligne
6349,2026-07-16,60,11,4,500.0,boutique
6350,2026-07-17,60,11,2,500.0,boutique
6351,2026-07-18,60,11,3,500.0,en_ligne
6352,2026-07-19,60,11,3,500.0,en_ligne
6353,2026-07-20,60,11,3,500.0,boutique
6354,2026-07-21,60,11,3,500.0,boutique
6355,2026-07-22,60,11,3,500.0,boutique
6356,2026-07-23,60,11,3,500.0,revendeur
6357,2026-07-24,60,11,4,500.0,boutique
6358,2026-07-25,60,11,3,500.0,boutique
6359,2026-07-26,60,11,3,500.0,boutique
6360,2026-07-27,60,11,3,500.0,boutique
6361,2026-07-28,60,11,4,500.0,boutique
6362,2026-07-29,60,11,5,500.0,boutique
6363,2026-07-30,60,11,3,500.0,en_ligne
6364,2026-07-31,60,11,4,500.0,boutique
6365,2026-08-01,60,11,3,500.0,boutique
6366,2026-08-02,60,11,3,500.0,boutique
6367,2026-08-03,60,11,3,500.0,revendeur
6368,2026-08-04,60,11,4,500.0,boutique
6369,2026-08-05,60,11,3,500.0,boutique
6370,2026-08-06,60,11,3,500.0,boutique
6371,2026-05-29,60,12,3,600.0,boutique
6372,2026-05-30,60,12,2,600.0,boutique
6373,2026-05-31,60,12,2,600.0,boutique
6374,2026-06-01,60,12,2,600.0,boutique
6375,2026-06-02,60,12,3,600.0,boutique
6376,2026-06-03,60,12,2,600.0,boutique
6377,2026-06-04,60,12,3,600.0,en_ligne
6378,2026-06-05,60,12,2,600.0,boutique
6379,2026-06-06,60,12,3,600.0,boutique
6380,2026-06-07,60,12,3,600.0,boutique
6381,2026-06-08,60,12,3,600.0,en_ligne
6382,2026-06-09,60,12,2,600.0,boutique
6383,2026-06-10,60,12,3,600.0,boutique
6384,2026-06-11,60,12,3,600.0,boutique
6385,2026-06-12,60,12,3,600.0,boutique
6386,2026-06-13,60,12,2,600.0,boutique
6387,2026-06-14,60,12,3,600.0,en_ligne
6388,2026-06-15,60,12,3,600.0,boutique
6389,2026-06-16,60,12,2,600.0,boutique
6390,2026-06-17,60,12,2,600.0,en_ligne
6391,2026-06-18,60,12,2,600.0,boutique
6392,2026-06-19,60,12,4,600.0,boutique
6393,2026-06-20,60,12,3,600.0,boutique
6394,2026-06-21,60,12,3,600.0,boutique
6395,2026-06-22,60,12,3,600.0,revendeur
6396,2026-06-23,60,12,2,600.0,boutique
6397,2026-06-24,60,12,3,600.0,boutique
6398,2026-06-25,60,12,2,600.0,en_ligne
6399,2026-06-26,60,12,2,600.0,boutique
6400,2026-06-27,60,12,3,600.0,boutique
6401,2026-06-28,60,12,3,600.0,boutique
6402,2026-06-29,60,12,2,600.0,boutique
6403,2026-06-30,60,12,3,600.0,boutique
6404,2026-07-01,60,12,2,600.0,boutique
6405,2026-07-02,60,12,3,600.0,boutique
6406,2026-07-03,60,12,3,600.0,boutique
6407,2026-07-04,60,12,2,600.0,boutique
6408,2026-07-05,60,12,3,600.0,boutique
6409,2026-07-06,60,12,3,600.0,boutique
6410,2026-07-07,60,12,2,600.0,boutique
6411,2026-07-08,60,12,2,600.0,revendeur
6412,2026-07-09,60,12,2,600.0,boutique
6413,2026-07-10,60,12,3,600.0,revendeur
6414,2026-07-11,60,12,2,600.0,boutique
6415,2026-07-12,60,12,2,600.0,boutique
6416,2026-07-13,60,12,3,600.0,boutique
6417,2026-07-14,60,12,3,600.0,boutique
6418,2026-07-15,60,12,2,600.0,boutique
6419,2026-07-16,60,12,2,600.0,boutique
6420,2026-07-17,60,12,3,600.0,boutique
6421,2026-07-18,60,12,2,600.0,boutique
6422,2026-07-19,60,12,3,600.0,boutique
6423,2026-07-20,60,12,2,600.0,en_ligne
6424,2026-07-21,60,12,2,600.0,boutique
6425,2026-07-22,60,12,3,600.0,boutique
6426,2026-07-23,60,12,2,600.0,boutique
6427,2026-07-24,60,12,3,600.0,boutique
6428,2026-07-25,60,12,3,600.0,en_ligne
6429,2026-07-26,60,12,2,600.0,revendeur
6430,2026-07-27,60,12,4,600.0,en_ligne
6431,2026-07-28,60,12,2,600.0,boutique
6432,2026-07-29,60,12,2,600.0,boutique
6433,2026-07-30,60,12,3,600.0,boutique
6434,2026-07-31,60,12,3,600.0,revendeur
6435,2026-08-01,60,12,3,600.0,boutique
6436,2026-08-02,60,12,3,600.0,en_ligne
6437,2026-08-03,60,12,2,600.0,boutique
6438,2026-08-04,60,12,3,600.0,boutique
6439,2026-08-05,60,12,3,600.0,boutique
6440,2026-08-06,60,12,3,600.0,boutique
6441,2026-05-29,60,13,1,1500.0,en_ligne
6442,2026-05-30,60,13,2,1500.0,revendeur
6443,2026-05-31,60,13,1,1500.0,en_ligne
6444,2026-06-01,60,13,2,1500.0,en_ligne
6445,2026-06-02,60,13,1,1500.0,en_ligne
6446,2026-06-03,60,13,2,1500.0,boutique
6447,2026-06-04,60,13,2,1500.0,boutique
6448,2026-06-05,60,13,2,1500.0,en_ligne
6449,2026-06-06,60,13,1,1500.0,boutique
6450,2026-06-07,60,13,2,1500.0,boutique
6451,2026-06-08,60,13,2,1500.0,boutique
6452,2026-06-09,60,13,1,1500.0,en_ligne
6453,2026-06-10,60,13,1,1500.0,boutique
6454,2026-06-11,60,13,1,1500.0,boutique
6455,2026-06-12,60,13,1,1500.0,boutique
6456,2026-06-13,60,13,1,1500.0,en_ligne
6457,2026-06-14,60,13,1,1500.0,boutique
6458,2026-06-15,60,13,2,1500.0,en_ligne
6459,2026-06-16,60,13,2,1500.0,boutique
6460,2026-06-17,60,13,2,1500.0,boutique
6461,2026-06-18,60,13,1,1500.0,boutique
6462,2026-06-19,60,13,1,1500.0,boutique
6463,2026-06-20,60,13,2,1500.0,boutique
6464,2026-06-21,60,13,1,1500.0,boutique
6465,2026-06-22,60,13,1,1500.0,boutique
6466,2026-06-23,60,13,1,1500.0,boutique
6467,2026-06-24,60,13,1,1500.0,boutique
6468,2026-06-25,60,13,2,1500.0,boutique
6469,2026-06-26,60,13,2,1500.0,boutique
6470,2026-06-27,60,13,2,1500.0,en_ligne
6471,2026-06-28,60,13,1,1500.0,boutique
6472,2026-06-29,60,13,1,1500.0,boutique
6473,2026-06-30,60,13,1,1500.0,boutique
6474,2026-07-01,60,13,1,1500.0,boutique
6475,2026-07-02,60,13,1,1500.0,boutique
6476,2026-07-03,60,13,2,1500.0,boutique
6477,2026-07-04,60,13,1,1500.0,en_ligne
6478,2026-07-05,60,13,1,1500.0,boutique
6479,2026-07-06,60,13,1,1500.0,boutique
6480,2026-07-07,60,13,1,1500.0,boutique
6481,2026-07-08,60,13,2,1500.0,revendeur
6482,2026-07-09,60,13,2,1500.0,boutique
6483,2026-07-10,60,13,2,1500.0,boutique
6484,2026-07-11,60,13,1,1500.0,boutique
6485,2026-07-12,60,13,2,1500.0,boutique
6486,2026-07-13,60,13,1,1500.0,boutique
6487,2026-07-14,60,13,1,1500.0,boutique
6488,2026-07-15,60,13,1,1500.0,en_ligne
6489,2026-07-16,60,13,2,1500.0,boutique
6490,2026-07-17,60,13,1,1500.0,revendeur
6491,2026-07-18,60,13,1,1500.0,boutique
6492,2026-07-19,60,13,2,1500.0,boutique
6493,2026-07-20,60,13,2,1500.0,boutique
6494,2026-07-21,60,13,2,1500.0,boutique
6495,2026-07-22,60,13,2,1500.0,boutique
6496,2026-07-23,60,13,2,1500.0,en_ligne
6497,2026-07-24,60,13,1,1500.0,en_ligne
6498,2026-07-25,60,13,1,1500.0,boutique
6499,2026-07-26,60,13,2,1500.0,boutique
6500,2026-07-27,60,13,2,1500.0,boutique
6501,2026-07-28,60,13,1,1500.0,boutique
6502,2026-07-29,60,13,1,1500.0,boutique
6503,2026-07-30,60,13,2,1500.0,boutique
6504,2026-07-31,60,13,2,1500.0,boutique
6505,2026-08-01,60,13,1,1500.0,en_ligne
6506,2026-08-02,60,13,1,1500.0,boutique
6507,2026-08-03,60,13,2,1500.0,revendeur
6508,2026-08-04,60,13,2,1500.0,boutique
6509,2026-08-05,60,13,1,1500.0,boutique
6510,2026-08-06,60,13,2,1500.0,boutique
6511,2026-05-29,60,14,5,450.0,boutique
6512,2026-05-30,60,14,8,450.0,boutique
6513,2026-05-31,60,14,6,450.0,boutique
6514,2026-06-01,60,14,5,450.0,boutique
6515,2026-06-02,60,14,3,450.0,boutique
6516,2026-06-03,60,14,4,450.0,boutique
6517,2026-06-04,60,14,5,450.0,en_ligne
6518,2026-06-05,60,14,5,450.0,boutique
6519,2026-06-06,60,14,7,450.0,boutique
6520,2026-06-07,60,14,5,450.0,boutique
6521,2026-06-08,60,14,5,450.0,en_ligne
6522,2026-06-09,60,14,3,450.0,en_ligne
6523,2026-06-10,60,14,4,450.0,boutique
6524,2026-06-11,60,14,5,450.0,boutique
6525,2026-06-12,60,14,5,450.0,boutique
6526,2026-06-13,60,14,5,450.0,boutique
6527,2026-06-14,60,14,6,450.0,boutique
6528,2026-06-15,60,14,5,450.0,boutique
6529,2026-06-16,60,14,4,450.0,boutique
6530,2026-06-17,60,14,3,450.0,boutique
6531,2026-06-18,60,14,5,450.0,boutique
6532,2026-06-19,60,14,2,450.0,boutique
6533,2026-06-20,60,14,7,450.0,revendeur
6534,2026-06-21,60,14,4,450.0,boutique
6535,2026-06-22,60,14,5,450.0,boutique
6536,2026-06-23,60,14,5,450.0,boutique
6537,2026-06-24,60,14,5,450.0,boutique
6538,2026-06-25,60,14,5,450.0,boutique
6539,2026-06-26,60,14,4,450.0,boutique
6540,2026-06-27,60,14,3,450.0,boutique
6541,2026-06-28,60,14,4,450.0,boutique
6542,2026-06-29,60,14,3,450.0,boutique
6543,2026-06-30,60,14,4,450.0,boutique
6544,2026-07-01,60,14,6,450.0,boutique
6545,2026-07-02,60,14,5,450.0,boutique
6546,2026-07-03,60,14,5,450.0,revendeur
6547,2026-07-04,60,14,9,450.0,boutique
6548,2026-07-05,60,14,6,450.0,boutique
6549,2026-07-06,60,14,6,450.0,en_ligne
6550,2026-07-07,60,14,4,450.0,revendeur
6551,2026-07-08,60,14,5,450.0,boutique
6552,2026-07-09,60,14,5,450.0,boutique
6553,2026-07-10,60,14,6,450.0,boutique
6554,2026-07-11,60,14,5,450.0,boutique
6555,2026-07-12,60,14,6,450.0,boutique
6556,2026-07-13,60,14,4,450.0,boutique
6557,2026-07-14,60,14,4,450.0,boutique
6558,2026-07-15,60,14,5,450.0,boutique
6559,2026-07-16,60,14,4,450.0,boutique
6560,2026-07-17,60,14,5,450.0,en_ligne
6561,2026-07-18,60,14,4,450.0,en_ligne
6562,2026-07-19,60,14,4,450.0,boutique
6563,2026-07-20,60,14,4,450.0,boutique
6564,2026-07-21,60,14,4,450.0,boutique
6565,2026-07-22,60,14,5,450.0,boutique
6566,2026-07-23,60,14,4,450.0,en_ligne
6567,2026-07-24,60,14,5,450.0,boutique
6568,2026-07-25,60,14,6,450.0,en_ligne
6569,2026-07-26,60,14,4,450.0,en_ligne
6570,2026-07-27,60,14,4,450.0,boutique
6571,2026-07-28,60,14,4,450.0,boutique
6572,2026-07-29,60,14,4,450.0,boutique
6573,2026-07-30,60,14,5,450.0,boutique
6574,2026-07-31,60,14,3,450.0,revendeur
6575,2026-08-01,60,14,6,450.0,boutique
6576,2026-08-02,60,14,5,450.0,boutique
6577,2026-08-03,60,14,4,450.0,boutique
6578,2026-08-04,60,14,5,450.0,revendeur
6579,2026-08-05,60,14,5,450.0,boutique
6580,2026-08-06,60,14,4,450.0,en_ligne
6581,2026-05-29,60,15,4,500.0,revendeur
6582,2026-05-30,60,15,4,500.0,boutique
6583,2026-05-31,60,15,5,500.0,revendeur
6584,2026-06-01,60,15,4,500.0,boutique
6585,2026-06-02,60,15,3,500.0,boutique
6586,2026-06-03,60,15,4,500.0,en_ligne
6587,2026-06-04,60,15,3,500.0,revendeur
6588,2026-06-05,60,15,5,500.0,boutique
6589,2026-06-06,60,15,5,500.0,boutique
6590,2026-06-07,60,15,7,500.0,en_ligne
6591,2026-06-08,60,15,2,500.0,en_ligne
6592,2026-06-09,60,15,3,500.0,en_ligne
6593,2026-06-10,60,15,3,500.0,en_ligne
6594,2026-06-11,60,15,5,500.0,revendeur
6595,2026-06-12,60,15,3,500.0,boutique
6596,2026-06-13,60,15,5,500.0,boutique
6597,2026-06-14,60,15,3,500.0,boutique
6598,2026-06-15,60,15,3,500.0,boutique
6599,2026-06-16,60,15,4,500.0,boutique
6600,2026-06-17,60,15,3,500.0,en_ligne
6601,2026-06-18,60,15,3,500.0,boutique
6602,2026-06-19,60,15,5,500.0,en_ligne
6603,2026-06-20,60,15,6,500.0,boutique
6604,2026-06-21,60,15,6,500.0,en_ligne
6605,2026-06-22,60,15,5,500.0,boutique
6606,2026-06-23,60,15,5,500.0,en_ligne
6607,2026-06-24,60,15,4,500.0,boutique
6608,2026-06-25,60,15,4,500.0,en_ligne
6609,2026-06-26,60,15,4,500.0,boutique
6610,2026-06-27,60,15,5,500.0,boutique
6611,2026-06-28,60,15,6,500.0,boutique
6612,2026-06-29,60,15,4,500.0,en_ligne
6613,2026-06-30,60,15,4,500.0,en_ligne
6614,2026-07-01,60,15,4,500.0,boutique
6615,2026-07-02,60,15,4,500.0,boutique
6616,2026-07-03,60,15,4,500.0,en_ligne
6617,2026-07-04,60,15,6,500.0,revendeur
6618,2026-07-05,60,15,6,500.0,boutique
6619,2026-07-06,60,15,3,500.0,boutique
6620,2026-07-07,60,15,5,500.0,boutique
6621,2026-07-08,60,15,4,500.0,boutique
6622,2026-07-09,60,15,4,500.0,boutique
6623,2026-07-10,60,15,3,500.0,boutique
6624,2026-07-11,60,15,6,500.0,boutique
6625,2026-07-12,60,15,6,500.0,boutique
6626,2026-07-13,60,15,4,500.0,boutique
6627,2026-07-14,60,15,5,500.0,boutique
6628,2026-07-15,60,15,3,500.0,boutique
6629,2026-07-16,60,15,4,500.0,boutique
6630,2026-07-17,60,15,3,500.0,revendeur
6631,2026-07-18,60,15,5,500.0,boutique
6632,2026-07-19,60,15,5,500.0,boutique
6633,2026-07-20,60,15,5,500.0,boutique
6634,2026-07-21,60,15,3,500.0,boutique
6635,2026-07-22,60,15,4,500.0,revendeur
6636,2026-07-23,60,15,3,500.0,boutique
6637,2026-07-24,60,15,4,500.0,revendeur
6638,2026-07-25,60,15,5,500.0,boutique
6639,2026-07-26,60,15,5,500.0,en_ligne
6640,2026-07-27,60,15,5,500.0,boutique
6641,2026-07-28,60,15,4,500.0,boutique
6642,2026-07-29,60,15,4,500.0,en_ligne
6643,2026-07-30,60,15,4,500.0,boutique
6644,2026-07-31,60,15,2,500.0,boutique
6645,2026-08-01,60,15,4,500.0,boutique
6646,2026-08-02,60,15,6,500.0,revendeur
6647,2026-08-03,60,15,4,500.0,boutique
6648,2026-08-04,60,15,4,500.0,boutique
6649,2026-08-05,60,15,2,500.0,boutique
6650,2026-08-06,60,15,4,500.0,boutique
6651,2026-05-29,60,16,3,400.0,boutique
6652,2026-05-30,60,16,6,400.0,boutique
6653,2026-05-31,60,16,5,400.0,boutique
6654,2026-06-01,60,16,3,400.0,boutique
6655,2026-06-02,60,16,4,400.0,revendeur
6656,2026-06-03,60,16,2,400.0,en_ligne
6657,2026-06-04,60,16,4,400.0,boutique
6658,2026-06-05,60,16,4,400.0,boutique
6659,2026-06-06,60,16,5,400.0,boutique
6660,2026-06-07,60,16,4,400.0,boutique
6661,2026-06-08,60,16,4,400.0,boutique
6662,2026-06-09,60,16,3,400.0,boutique
6663,2026-06-10,60,16,4,400.0,boutique
6664,2026-06-11,60,16,3,400.0,boutique
6665,2026-06-12,60,16,3,400.0,boutique
6666,2026-06-13,60,16,5,400.0,boutique
6667,2026-06-14,60,16,4,400.0,boutique
6668,2026-06-15,60,16,3,400.0,boutique
6669,2026-06-16,60,16,3,400.0,boutique
6670,2026-06-17,60,16,3,400.0,boutique
6671,2026-06-18,60,16,4,400.0,boutique
6672,2026-06-19,60,16,3,400.0,revendeur
6673,2026-06-20,60,16,6,400.0,boutique
6674,2026-06-21,60,16,4,400.0,boutique
6675,2026-06-22,60,16,3,400.0,boutique
6676,2026-06-23,60,16,3,400.0,revendeur
6677,2026-06-24,60,16,3,400.0,boutique
6678,2026-06-25,60,16,4,400.0,en_ligne
6679,2026-06-26,60,16,4,400.0,boutique
6680,2026-06-27,60,16,6,400.0,boutique
6681,2026-06-28,60,16,5,400.0,boutique
6682,2026-06-29,60,16,4,400.0,boutique
6683,2026-06-30,60,16,5,400.0,boutique
6684,2026-07-01,60,16,4,400.0,boutique
6685,2026-07-02,60,16,3,400.0,en_ligne
6686,2026-07-03,60,16,3,400.0,boutique
6687,2026-07-04,60,16,6,400.0,en_ligne
6688,2026-07-05,60,16,4,400.0,boutique
6689,2026-07-06,60,16,3,400.0,boutique
6690,2026-07-07,60,16,4,400.0,boutique
6691,2026-07-08,60,16,3,400.0,en_ligne
6692,2026-07-09,60,16,3,400.0,boutique
6693,2026-07-10,60,16,4,400.0,en_ligne
6694,2026-07-11,60,16,6,400.0,boutique
6695,2026-07-12,60,16,2,400.0,boutique
6696,2026-07-13,60,16,3,400.0,boutique
6697,2026-07-14,60,16,4,400.0,boutique
6698,2026-07-15,60,16,2,400.0,boutique
6699,2026-07-16,60,16,3,400.0,boutique
6700,2026-07-17,60,16,4,400.0,en_ligne
6701,2026-07-18,60,16,5,400.0,boutique
6702,2026-07-19,60,16,5,400.0,revendeur
6703,2026-07-20,60,16,3,400.0,en_ligne
6704,2026-07-21,60,16,4,400.0,boutique
6705,2026-07-22,60,16,4,400.0,en_ligne
6706,2026-07-23,60,16,4,400.0,en_ligne
6707,2026-07-24,60,16,3,400.0,boutique
6708,2026-07-25,60,16,3,400.0,boutique
6709,2026-07-26,60,16,4,400.0,boutique
6710,2026-07-27,60,16,5,400.0,boutique
6711,2026-07-28,60,16,4,400.0,en_ligne
6712,2026-07-29,60,16,4,400.0,boutique
6713,2026-07-30,60,16,3,400.0,boutique
6714,2026-07-31,60,16,3,400.0,boutique
6715,2026-08-01,60,16,5,400.0,boutique
6716,2026-08-02,60,16,3,400.0,boutique
6717,2026-08-03,60,16,3,400.0,revendeur
6718,2026-08-04,60,16,4,400.0,boutique
6719,2026-08-05,60,16,2,400.0,boutique
6720,2026-08-06,60,16,4,400.0,boutique
