date,boutique_id,produit_id,stock,ventes,prix_unitaire,stock_cible,delai_reappro
2026-05-28,B001,P001,37,3.9,4500,35,2
2026-05-28,B001,P002,26,3.4,6200,30,2
2026-05-28,B001,P003,39,2.5,3200,38,3
2026-05-28,B001,P004,33,3.3,4800,30,3
2026-05-28,B001,P005,40,5.0,18000,40,2
2026-05-28,B001,P006,25,2.3,4100,28,2
2026-05-28,B001,P007,27,2.0,9500,28,3
2026-05-28,B001,P008,32,3.5,2500,30,2
2026-05-28,B001,P009,28,1.9,2800,28,1
2026-05-28,B001,P010,36,3.7,1400,35,3
2026-05-28,B001,P011,34,2.5,2200,30,1
2026-05-28,B001,P012,21,0.8,11000,18,1
2026-05-28,B001,P013,21,0.8,15000,16,2
2026-05-28,B001,P014,25,1.3,12500,22,2
2026-05-28,B001,P015,22,1.6,11000,22,2
2026-05-28,B001,P016,37,7.5,900,40,3
2026-05-28,B002,P001,39,5.7,4500,40,2
2026-05-28,B002,P002,26,2.3,6200,30,2
2026-05-28,B002,P003,38,4.5,3200,38,1
2026-05-28,B002,P004,29,2.4,4800,30,1
2026-05-28,B002,P005,31,2.4,18000,30,1
2026-05-28,B002,P006,32,1.9,4100,28,1
2026-05-28,B002,P007,27,1.4,9500,28,2
2026-05-28,B002,P008,34,2.7,2500,30,3
2026-05-28,B002,P009,26,2.5,2800,28,2
2026-05-28,B002,P010,32,4.8,1400,35,3
2026-05-28,B002,P011,26,2.4,2200,30,3
2026-05-28,B002,P012,20,0.6,11000,18,2
2026-05-28,B002,P013,19,0.7,15000,16,2
2026-05-28,B002,P014,23,1.2,12500,22,1
2026-05-28,B002,P015,19,1.1,11000,22,2
2026-05-28,B002,P016,40,4.2,900,40,1
2026-05-28,B003,P001,36,5.0,4500,35,3
2026-05-28,B003,P002,33,3.0,6200,30,2
2026-05-28,B003,P003,37,3.3,3200,38,2
2026-05-28,B003,P004,28,3.3,4800,30,2
2026-05-28,B003,P005,24,1.1,18000,25,3
2026-05-28,B003,P006,24,2.6,4100,28,3
2026-05-28,B003,P007,26,1.7,9500,28,1
2026-05-28,B003,P008,31,2.6,2500,30,3
2026-05-28,B003,P009,30,1.9,2800,28,2
2026-05-28,B003,P010,39,3.5,1400,35,2
2026-05-28,B003,P011,26,2.0,2200,30,3
2026-05-28,B003,P012,21,0.9,11000,18,2
2026-05-28,B003,P013,13,0.7,15000,16,3
2026-05-28,B003,P014,19,1.3,12500,22,2
2026-05-28,B003,P015,22,1.3,11000,22,1
2026-05-28,B003,P016,39,5.9,900,40,2
2026-05-28,B004,P001,34,1.9,4500,35,2
2026-05-28,B004,P002,28,3.7,6200,28,1
2026-05-28,B004,P003,38,2.4,3200,38,2
2026-05-28,B004,P004,28,3.0,4800,30,3
2026-05-28,B004,P005,32,1.4,18000,26,2
2026-05-28,B004,P006,24,2.0,4100,28,1
2026-05-28,B004,P007,25,1.2,9500,28,2
2026-05-28,B004,P008,33,1.4,2500,30,2
2026-05-28,B004,P009,29,1.8,2800,28,1
2026-05-28,B004,P010,31,2.4,1400,35,3
2026-05-28,B004,P011,32,1.7,2200,30,2
2026-05-28,B004,P012,15,0.7,11000,18,2
2026-05-28,B004,P013,18,0.6,15000,16,1
2026-05-28,B004,P014,25,1.1,12500,22,1
2026-05-28,B004,P015,19,1.4,11000,22,2
2026-05-28,B004,P016,42,5.5,900,40,1
2026-05-28,B005,P001,38,1.7,4500,35,1
2026-05-28,B005,P002,35,1.5,6200,30,2
2026-05-28,B005,P003,41,0.8,3200,40,2
2026-05-28,B005,P004,26,1.4,4800,30,2
2026-05-28,B005,P005,26,1.0,18000,26,1
2026-05-28,B005,P006,24,2.4,4100,28,2
2026-05-28,B005,P007,28,1.1,9500,28,1
2026-05-28,B005,P008,31,1.0,2500,30,3
2026-05-28,B005,P009,26,1.2,2800,28,2
2026-05-28,B005,P010,36,2.5,1400,35,2
2026-05-28,B005,P011,26,1.9,2200,30,1
2026-05-28,B005,P012,22,0.5,11000,18,2
2026-05-28,B005,P013,17,0.3,15000,16,2
2026-05-28,B005,P014,24,0.8,12500,22,2
2026-05-28,B005,P015,25,0.9,11000,22,2
2026-05-28,B005,P016,37,3.8,900,40,3
2026-05-29,B001,P001,33,3.0,4500,35,1
2026-05-29,B001,P002,31,4.3,6200,30,2
2026-05-29,B001,P003,42,4.7,3200,38,3
2026-05-29,B001,P004,29,3.8,4800,30,2
2026-05-29,B001,P005,40,5.0,18000,40,2
2026-05-29,B001,P006,33,2.7,4100,28,2
2026-05-29,B001,P007,25,1.5,9500,28,1
2026-05-29,B001,P008,28,2.6,2500,30,2
2026-05-29,B001,P009,25,1.7,2800,28,3
2026-05-29,B001,P010,39,6.1,1400,35,3
2026-05-29,B001,P011,27,2.5,2200,30,2
2026-05-29,B001,P012,14,1.2,11000,18,3
2026-05-29,B001,P013,16,0.7,15000,16,2
2026-05-29,B001,P014,25,1.5,12500,22,2
2026-05-29,B001,P015,18,1.5,11000,22,3
2026-05-29,B001,P016,36,5.0,900,40,1
2026-05-29,B002,P001,40,6.5,4500,40,2
2026-05-29,B002,P002,27,3.5,6200,30,2
2026-05-29,B002,P003,42,4.7,3200,38,2
2026-05-29,B002,P004,29,3.3,4800,30,2
2026-05-29,B002,P005,30,2.1,18000,30,3
2026-05-29,B002,P006,25,2.7,4100,28,1
2026-05-29,B002,P007,24,1.6,9500,28,2
2026-05-29,B002,P008,28,1.5,2500,30,2
2026-05-29,B002,P009,31,1.7,2800,28,2
2026-05-29,B002,P010,39,3.5,1400,35,3
2026-05-29,B002,P011,26,2.7,2200,30,2
2026-05-29,B002,P012,18,0.8,11000,18,1
2026-05-29,B002,P013,12,0.8,15000,16,2
2026-05-29,B002,P014,19,1.2,12500,22,2
2026-05-29,B002,P015,21,1.5,11000,22,3
2026-05-29,B002,P016,45,6.1,900,40,3
2026-05-29,B003,P001,35,4.9,4500,35,1
2026-05-29,B003,P002,32,2.0,6200,30,2
2026-05-29,B003,P003,35,3.7,3200,38,1
2026-05-29,B003,P004,35,3.9,4800,30,1
2026-05-29,B003,P005,23,1.5,18000,25,3
2026-05-29,B003,P006,32,2.1,4100,28,1
2026-05-29,B003,P007,26,1.9,9500,28,3
2026-05-29,B003,P008,30,2.2,2500,30,1
2026-05-29,B003,P009,31,1.9,2800,28,2
2026-05-29,B003,P010,32,3.6,1400,35,2
2026-05-29,B003,P011,27,2.7,2200,30,2
2026-05-29,B003,P012,16,0.5,11000,18,2
2026-05-29,B003,P013,14,1.0,15000,16,1
2026-05-29,B003,P014,26,0.9,12500,22,3
2026-05-29,B003,P015,26,2.1,11000,22,1
2026-05-29,B003,P016,39,5.6,900,40,1
2026-05-29,B004,P001,34,3.7,4500,35,2
2026-05-29,B004,P002,29,4.0,6200,28,2
2026-05-29,B004,P003,35,2.8,3200,38,2
2026-05-29,B004,P004,27,1.7,4800,30,2
2026-05-29,B004,P005,28,1.1,18000,26,1
2026-05-29,B004,P006,25,1.8,4100,28,2
2026-05-29,B004,P007,29,1.5,9500,28,3
2026-05-29,B004,P008,29,2.3,2500,30,3
2026-05-29,B004,P009,29,1.7,2800,28,3
2026-05-29,B004,P010,39,3.6,1400,35,2
2026-05-29,B004,P011,27,2.9,2200,30,1
2026-05-29,B004,P012,16,0.9,11000,18,3
2026-05-29,B004,P013,16,0.5,15000,16,1
2026-05-29,B004,P014,21,1.1,12500,22,3
2026-05-29,B004,P015,19,1.4,11000,22,1
2026-05-29,B004,P016,36,5.6,900,40,2
2026-05-29,B005,P001,31,2.7,4500,35,3
2026-05-29,B005,P002,35,1.4,6200,30,2
2026-05-29,B005,P003,41,1.5,3200,40,3
2026-05-29,B005,P004,33,1.8,4800,30,1
2026-05-29,B005,P005,25,0.9,18000,26,2
2026-05-29,B005,P006,32,2.2,4100,28,2
2026-05-29,B005,P007,30,1.0,9500,28,2
2026-05-29,B005,P008,26,1.9,2500,30,1
2026-05-29,B005,P009,25,0.9,2800,28,2
2026-05-29,B005,P010,34,3.8,1400,35,2
2026-05-29,B005,P011,33,1.8,2200,30,2
2026-05-29,B005,P012,15,0.6,11000,18,2
2026-05-29,B005,P013,19,0.5,15000,16,3
2026-05-29,B005,P014,26,0.9,12500,22,2
2026-05-29,B005,P015,22,1.1,11000,22,2
2026-05-29,B005,P016,40,5.7,900,40,2
2026-05-30,B001,P001,36,5.4,4500,35,2
2026-05-30,B001,P002,26,3.8,6200,30,2
2026-05-30,B001,P003,34,6.0,3200,38,1
2026-05-30,B001,P004,31,4.7,4800,30,3
2026-05-30,B001,P005,39,5.0,18000,40,2
2026-05-30,B001,P006,25,4.3,4100,28,2
2026-05-30,B001,P007,24,2.9,9500,28,2
2026-05-30,B001,P008,26,2.5,2500,30,2
2026-05-30,B001,P009,25,2.2,2800,28,1
2026-05-30,B001,P010,39,7.5,1400,35,2
2026-05-30,B001,P011,33,2.7,2200,30,3
2026-05-30,B001,P012,23,1.2,11000,18,2
2026-05-30,B001,P013,17,0.9,15000,16,2
2026-05-30,B001,P014,24,1.5,12500,22,1
2026-05-30,B001,P015,23,2.1,11000,22,2
2026-05-30,B001,P016,40,9.2,900,40,2
2026-05-30,B002,P001,41,7.4,4500,40,3
2026-05-30,B002,P002,27,2.0,6200,30,3
2026-05-30,B002,P003,41,5.1,3200,38,1
2026-05-30,B002,P004,30,4.8,4800,30,2
2026-05-30,B002,P005,30,3.0,18000,30,1
2026-05-30,B002,P006,30,3.8,4100,28,2
2026-05-30,B002,P007,32,2.1,9500,28,2
2026-05-30,B002,P008,28,2.7,2500,30,2
2026-05-30,B002,P009,27,2.5,2800,28,3
2026-05-30,B002,P010,32,6.3,1400,35,2
2026-05-30,B002,P011,30,2.8,2200,30,1
2026-05-30,B002,P012,21,0.9,11000,18,3
2026-05-30,B002,P013,21,1.0,15000,16,2
2026-05-30,B002,P014,22,1.6,12500,22,2
2026-05-30,B002,P015,27,2.0,11000,22,3
2026-05-30,B002,P016,45,8.7,900,40,2
2026-05-30,B003,P001,32,6.1,4500,35,3
2026-05-30,B003,P002,26,4.3,6200,30,2
2026-05-30,B003,P003,34,4.5,3200,38,2
2026-05-30,B003,P004,30,2.4,4800,30,2
2026-05-30,B003,P005,24,1.4,18000,25,1
2026-05-30,B003,P006,27,3.3,4100,28,2
2026-05-30,B003,P007,31,1.3,9500,28,2
2026-05-30,B003,P008,35,3.2,2500,30,2
2026-05-30,B003,P009,26,2.7,2800,28,1
2026-05-30,B003,P010,32,5.1,1400,35,2
2026-05-30,B003,P011,26,2.9,2200,30,3
2026-05-30,B003,P012,14,0.9,11000,18,2
2026-05-30,B003,P013,13,0.9,15000,16,3
2026-05-30,B003,P014,19,1.4,12500,22,2
2026-05-30,B003,P015,24,1.5,11000,22,1
2026-05-30,B003,P016,36,8.7,900,40,3
2026-05-30,B004,P001,37,2.5,4500,35,3
2026-05-30,B004,P002,27,4.2,6200,28,1
2026-05-30,B004,P003,43,4.3,3200,38,3
2026-05-30,B004,P004,34,3.1,4800,30,2
2026-05-30,B004,P005,30,1.9,18000,26,1
2026-05-30,B004,P006,25,2.2,4100,28,1
2026-05-30,B004,P007,29,1.6,9500,28,2
2026-05-30,B004,P008,26,2.7,2500,30,3
2026-05-30,B004,P009,32,1.9,2800,28,2
2026-05-30,B004,P010,31,3.5,1400,35,2
2026-05-30,B004,P011,31,2.7,2200,30,3
2026-05-30,B004,P012,19,0.6,11000,18,1
2026-05-30,B004,P013,12,0.6,15000,16,1
2026-05-30,B004,P014,22,1.2,12500,22,2
2026-05-30,B004,P015,21,1.6,11000,22,1
2026-05-30,B004,P016,39,5.7,900,40,3
2026-05-30,B005,P001,36,2.4,4500,35,3
2026-05-30,B005,P002,34,2.2,6200,30,2
2026-05-30,B005,P003,43,1.8,3200,40,2
2026-05-30,B005,P004,29,1.7,4800,30,2
2026-05-30,B005,P005,28,1.1,18000,26,2
2026-05-30,B005,P006,33,2.3,4100,28,2
2026-05-30,B005,P007,29,1.4,9500,28,3
2026-05-30,B005,P008,30,3.1,2500,30,3
2026-05-30,B005,P009,25,1.8,2800,28,1
2026-05-30,B005,P010,34,2.9,1400,35,3
2026-05-30,B005,P011,32,1.9,2200,30,3
2026-05-30,B005,P012,18,0.6,11000,18,3
2026-05-30,B005,P013,14,0.4,15000,16,2
2026-05-30,B005,P014,21,1.0,12500,22,2
2026-05-30,B005,P015,22,1.6,11000,22,1
2026-05-30,B005,P016,38,4.2,900,40,2
2026-05-31,B001,P001,36,4.2,4500,35,2
2026-05-31,B001,P002,32,3.9,6200,30,2
2026-05-31,B001,P003,37,4.7,3200,38,2
2026-05-31,B001,P004,31,3.1,4800,30,2
2026-05-31,B001,P005,39,5.0,18000,40,2
2026-05-31,B001,P006,33,5.2,4100,28,2
2026-05-31,B001,P007,29,2.8,9500,28,3
2026-05-31,B001,P008,34,4.0,2500,30,2
2026-05-31,B001,P009,26,2.8,2800,28,3
2026-05-31,B001,P010,36,6.2,1400,35,3
2026-05-31,B001,P011,34,3.6,2200,30,3
2026-05-31,B001,P012,14,1.2,11000,18,2
2026-05-31,B001,P013,16,1.1,15000,16,1
2026-05-31,B001,P014,18,2.0,12500,22,2
2026-05-31,B001,P015,22,1.7,11000,22,3
2026-05-31,B001,P016,40,6.0,900,40,2
2026-05-31,B002,P001,38,7.6,4500,40,2
2026-05-31,B002,P002,27,1.4,6200,30,2
2026-05-31,B002,P003,43,6.8,3200,38,2
2026-05-31,B002,P004,33,3.3,4800,30,3
2026-05-31,B002,P005,31,2.0,18000,30,2
2026-05-31,B002,P006,27,3.2,4100,28,1
2026-05-31,B002,P007,31,2.3,9500,28,2
2026-05-31,B002,P008,33,3.7,2500,30,1
2026-05-31,B002,P009,33,3.1,2800,28,3
2026-05-31,B002,P010,33,4.2,1400,35,3
2026-05-31,B002,P011,32,3.7,2200,30,1
2026-05-31,B002,P012,22,1.3,11000,18,2
2026-05-31,B002,P013,20,1.2,15000,16,3
2026-05-31,B002,P014,22,1.7,12500,22,2
2026-05-31,B002,P015,21,1.6,11000,22,1
2026-05-31,B002,P016,45,7.2,900,40,1
2026-05-31,B003,P001,35,5.6,4500,35,1
2026-05-31,B003,P002,30,4.0,6200,30,2
2026-05-31,B003,P003,38,3.7,3200,38,2
2026-05-31,B003,P004,28,2.9,4800,30,3
2026-05-31,B003,P005,25,2.0,18000,25,2
2026-05-31,B003,P006,30,2.9,4100,28,1
2026-05-31,B003,P007,31,1.5,9500,28,2
2026-05-31,B003,P008,35,3.5,2500,30,3
2026-05-31,B003,P009,29,2.8,2800,28,3
2026-05-31,B003,P010,34,7.0,1400,35,2
2026-05-31,B003,P011,29,2.6,2200,30,2
2026-05-31,B003,P012,17,0.8,11000,18,2
2026-05-31,B003,P013,12,0.7,15000,16,2
2026-05-31,B003,P014,24,1.6,12500,22,2
2026-05-31,B003,P015,18,1.4,11000,22,2
2026-05-31,B003,P016,38,8.6,900,40,1
2026-05-31,B004,P001,37,3.0,4500,35,2
2026-05-31,B004,P002,25,5.2,6200,28,2
2026-05-31,B004,P003,34,3.9,3200,38,1
2026-05-31,B004,P004,33,3.1,4800,30,2
2026-05-31,B004,P005,33,1.9,18000,26,3
2026-05-31,B004,P006,28,2.4,4100,28,2
2026-05-31,B004,P007,33,0.8,9500,28,2
2026-05-31,B004,P008,35,2.5,2500,30,2
2026-05-31,B004,P009,32,2.4,2800,28,2
2026-05-31,B004,P010,38,3.2,1400,35,2
2026-05-31,B004,P011,31,2.4,2200,30,2
2026-05-31,B004,P012,23,0.6,11000,18,1
2026-05-31,B004,P013,14,1.0,15000,16,3
2026-05-31,B004,P014,25,1.2,12500,22,1
2026-05-31,B004,P015,19,1.0,11000,22,2
2026-05-31,B004,P016,43,5.7,900,40,3
2026-05-31,B005,P001,40,2.9,4500,35,2
2026-05-31,B005,P002,35,2.5,6200,30,1
2026-05-31,B005,P003,41,2.2,3200,40,3
2026-05-31,B005,P004,28,2.1,4800,30,3
2026-05-31,B005,P005,25,1.4,18000,26,1
2026-05-31,B005,P006,33,1.4,4100,28,1
2026-05-31,B005,P007,33,1.0,9500,28,2
2026-05-31,B005,P008,32,1.6,2500,30,3
2026-05-31,B005,P009,31,1.5,2800,28,2
2026-05-31,B005,P010,34,4.0,1400,35,1
2026-05-31,B005,P011,27,1.7,2200,30,2
2026-05-31,B005,P012,18,0.6,11000,18,1
2026-05-31,B005,P013,14,0.6,15000,16,2
2026-05-31,B005,P014,25,1.1,12500,22,2
2026-05-31,B005,P015,24,1.0,11000,22,2
2026-05-31,B005,P016,40,4.2,900,40,3
2026-06-01,B001,P001,38,4.9,4500,35,3
2026-06-01,B001,P002,33,2.7,6200,30,2
2026-06-01,B001,P003,35,3.8,3200,38,2
2026-06-01,B001,P004,34,3.1,4800,30,1
2026-06-01,B001,P005,38,5.0,18000,40,2
2026-06-01,B001,P006,24,3.0,4100,28,2
2026-06-01,B001,P007,31,2.0,9500,28,2
2026-06-01,B001,P008,35,3.0,2500,30,3
2026-06-01,B001,P009,28,2.2,2800,28,1
2026-06-01,B001,P010,36,3.0,1400,35,1
2026-06-01,B001,P011,29,2.3,2200,30,1
2026-06-01,B001,P012,18,0.9,11000,18,1
2026-06-01,B001,P013,15,0.6,15000,16,2
2026-06-01,B001,P014,20,1.5,12500,22,2
2026-06-01,B001,P015,22,1.5,11000,22,3
2026-06-01,B001,P016,39,6.5,900,40,3
2026-06-01,B002,P001,38,5.8,4500,40,3
2026-06-01,B002,P002,29,2.5,6200,30,3
2026-06-01,B002,P003,39,2.4,3200,38,2
2026-06-01,B002,P004,29,3.2,4800,30,2
2026-06-01,B002,P005,32,1.1,18000,30,2
2026-06-01,B002,P006,30,2.2,4100,28,3
2026-06-01,B002,P007,26,1.8,9500,28,1
2026-06-01,B002,P008,27,3.9,2500,30,1
2026-06-01,B002,P009,29,2.3,2800,28,2
2026-06-01,B002,P010,38,4.9,1400,35,3
2026-06-01,B002,P011,30,2.9,2200,30,2
2026-06-01,B002,P012,20,0.8,11000,18,2
2026-06-01,B002,P013,13,0.9,15000,16,2
2026-06-01,B002,P014,19,1.1,12500,22,2
2026-06-01,B002,P015,27,1.5,11000,22,3
2026-06-01,B002,P016,40,7.5,900,40,3
2026-06-01,B003,P001,33,4.6,4500,35,3
2026-06-01,B003,P002,31,1.4,6200,30,1
2026-06-01,B003,P003,36,2.9,3200,38,2
2026-06-01,B003,P004,26,3.4,4800,30,1
2026-06-01,B003,P005,26,1.2,18000,25,3
2026-06-01,B003,P006,24,1.9,4100,28,2
2026-06-01,B003,P007,26,1.7,9500,28,2
2026-06-01,B003,P008,29,2.8,2500,30,1
2026-06-01,B003,P009,24,2.3,2800,28,2
2026-06-01,B003,P010,39,4.0,1400,35,1
2026-06-01,B003,P011,31,1.7,2200,30,1
2026-06-01,B003,P012,17,0.9,11000,18,2
2026-06-01,B003,P013,19,0.6,15000,16,2
2026-06-01,B003,P014,20,1.5,12500,22,2
2026-06-01,B003,P015,20,0.9,11000,22,3
2026-06-01,B003,P016,42,7.8,900,40,2
2026-06-01,B004,P001,34,3.1,4500,35,2
2026-06-01,B004,P002,27,3.7,6200,28,1
2026-06-01,B004,P003,40,3.0,3200,38,1
2026-06-01,B004,P004,26,2.3,4800,30,3
2026-06-01,B004,P005,33,1.2,18000,26,1
2026-06-01,B004,P006,25,2.4,4100,28,1
2026-06-01,B004,P007,28,0.7,9500,28,1
2026-06-01,B004,P008,28,2.6,2500,30,2
2026-06-01,B004,P009,28,1.1,2800,28,1
2026-06-01,B004,P010,36,4.0,1400,35,2
2026-06-01,B004,P011,34,2.1,2200,30,3
2026-06-01,B004,P012,16,0.6,11000,18,2
2026-06-01,B004,P013,17,0.6,15000,16,2
2026-06-01,B004,P014,27,1.4,12500,22,3
2026-06-01,B004,P015,25,1.4,11000,22,3
2026-06-01,B004,P016,41,6.0,900,40,3
2026-06-01,B005,P001,33,2.4,4500,35,1
2026-06-01,B005,P002,32,2.1,6200,30,2
2026-06-01,B005,P003,42,1.6,3200,40,2
2026-06-01,B005,P004,29,2.0,4800,30,2
2026-06-01,B005,P005,24,0.7,18000,26,3
2026-06-01,B005,P006,31,2.3,4100,28,3
2026-06-01,B005,P007,27,1.1,9500,28,1
2026-06-01,B005,P008,31,1.8,2500,30,3
2026-06-01,B005,P009,25,1.1,2800,28,1
2026-06-01,B005,P010,32,2.8,1400,35,1
2026-06-01,B005,P011,35,1.5,2200,30,3
2026-06-01,B005,P012,14,0.8,11000,18,2
2026-06-01,B005,P013,17,0.5,15000,16,2
2026-06-01,B005,P014,26,0.8,12500,22,2
2026-06-01,B005,P015,23,0.7,11000,22,1
2026-06-01,B005,P016,38,3.6,900,40,2
2026-06-02,B001,P001,36,4.1,4500,35,2
2026-06-02,B001,P002,32,1.9,6200,30,1
2026-06-02,B001,P003,34,4.8,3200,38,1
2026-06-02,B001,P004,28,3.9,4800,30,3
2026-06-02,B001,P005,38,5.0,18000,40,2
2026-06-02,B001,P006,25,2.3,4100,28,2
2026-06-02,B001,P007,31,1.8,9500,28,2
2026-06-02,B001,P008,33,3.6,2500,30,2
2026-06-02,B001,P009,31,2.2,2800,28,3
2026-06-02,B001,P010,40,4.3,1400,35,2
2026-06-02,B001,P011,26,2.4,2200,30,3
2026-06-02,B001,P012,18,1.0,11000,18,2
2026-06-02,B001,P013,19,0.7,15000,16,3
2026-06-02,B001,P014,19,1.3,12500,22,2
2026-06-02,B001,P015,21,1.6,11000,22,3
2026-06-02,B001,P016,42,6.2,900,40,1
2026-06-02,B002,P001,36,5.4,4500,40,3
2026-06-02,B002,P002,33,2.7,6200,30,2
2026-06-02,B002,P003,37,3.6,3200,38,1
2026-06-02,B002,P004,33,1.4,4800,30,2
2026-06-02,B002,P005,30,2.7,18000,30,3
2026-06-02,B002,P006,30,2.3,4100,28,3
2026-06-02,B002,P007,29,1.3,9500,28,1
2026-06-02,B002,P008,30,3.4,2500,30,2
2026-06-02,B002,P009,26,2.0,2800,28,3
2026-06-02,B002,P010,39,4.2,1400,35,2
2026-06-02,B002,P011,32,2.3,2200,30,2
2026-06-02,B002,P012,17,0.9,11000,18,2
2026-06-02,B002,P013,15,0.9,15000,16,2
2026-06-02,B002,P014,23,1.5,12500,22,3
2026-06-02,B002,P015,18,1.2,11000,22,1
2026-06-02,B002,P016,39,6.3,900,40,2
2026-06-02,B003,P001,34,5.0,4500,35,2
2026-06-02,B003,P002,32,1.6,6200,30,1
2026-06-02,B003,P003,43,2.8,3200,38,1
2026-06-02,B003,P004,26,2.8,4800,30,2
2026-06-02,B003,P005,27,1.4,18000,25,3
2026-06-02,B003,P006,28,1.8,4100,28,2
2026-06-02,B003,P007,28,1.3,9500,28,2
2026-06-02,B003,P008,26,2.6,2500,30,2
2026-06-02,B003,P009,26,2.3,2800,28,2
2026-06-02,B003,P010,39,2.5,1400,35,1
2026-06-02,B003,P011,27,2.2,2200,30,2
2026-06-02,B003,P012,17,0.8,11000,18,3
2026-06-02,B003,P013,13,0.7,15000,16,3
2026-06-02,B003,P014,21,0.9,12500,22,3
2026-06-02,B003,P015,22,1.0,11000,22,1
2026-06-02,B003,P016,38,7.5,900,40,2
2026-06-02,B004,P001,39,1.4,4500,35,3
2026-06-02,B004,P002,26,3.8,6200,28,2
2026-06-02,B004,P003,35,3.0,3200,38,2
2026-06-02,B004,P004,27,2.9,4800,30,2
2026-06-02,B004,P005,31,1.0,18000,26,2
2026-06-02,B004,P006,26,1.4,4100,28,3
2026-06-02,B004,P007,28,1.3,9500,28,1
2026-06-02,B004,P008,33,2.8,2500,30,2
2026-06-02,B004,P009,33,2.4,2800,28,1
2026-06-02,B004,P010,39,2.5,1400,35,2
2026-06-02,B004,P011,28,1.5,2200,30,2
2026-06-02,B004,P012,15,0.7,11000,18,1
2026-06-02,B004,P013,16,0.5,15000,16,3
2026-06-02,B004,P014,25,1.3,12500,22,2
2026-06-02,B004,P015,26,0.9,11000,22,2
2026-06-02,B004,P016,41,6.5,900,40,2
2026-06-02,B005,P001,33,2.1,4500,35,1
2026-06-02,B005,P002,35,1.9,6200,30,1
2026-06-02,B005,P003,45,1.3,3200,40,3
2026-06-02,B005,P004,29,1.9,4800,30,2
2026-06-02,B005,P005,26,0.9,18000,26,1
2026-06-02,B005,P006,25,1.7,4100,28,3
2026-06-02,B005,P007,32,1.3,9500,28,3
2026-06-02,B005,P008,29,1.9,2500,30,2
2026-06-02,B005,P009,25,1.1,2800,28,2
2026-06-02,B005,P010,34,3.3,1400,35,1
2026-06-02,B005,P011,26,1.6,2200,30,2
2026-06-02,B005,P012,14,0.6,11000,18,2
2026-06-02,B005,P013,17,0.5,15000,16,2
2026-06-02,B005,P014,26,0.9,12500,22,3
2026-06-02,B005,P015,26,1.0,11000,22,2
2026-06-02,B005,P016,44,2.8,900,40,1
2026-06-03,B001,P001,37,4.0,4500,35,2
2026-06-03,B001,P002,35,2.6,6200,30,2
2026-06-03,B001,P003,40,3.6,3200,38,2
2026-06-03,B001,P004,32,3.2,4800,30,3
2026-06-03,B001,P005,38,5.0,18000,40,2
2026-06-03,B001,P006,26,2.8,4100,28,2
2026-06-03,B001,P007,28,1.7,9500,28,3
2026-06-03,B001,P008,26,2.1,2500,30,2
2026-06-03,B001,P009,26,2.0,2800,28,2
2026-06-03,B001,P010,35,4.6,1400,35,2
2026-06-03,B001,P011,27,2.5,2200,30,2
2026-06-03,B001,P012,17,1.0,11000,18,2
2026-06-03,B001,P013,15,0.6,15000,16,2
2026-06-03,B001,P014,22,1.3,12500,22,2
2026-06-03,B001,P015,23,1.6,11000,22,2
2026-06-03,B001,P016,45,4.8,900,40,2
2026-06-03,B002,P001,39,6.1,4500,40,1
2026-06-03,B002,P002,35,3.1,6200,30,2
2026-06-03,B002,P003,41,3.9,3200,38,2
2026-06-03,B002,P004,30,3.3,4800,30,2
2026-06-03,B002,P005,33,1.9,18000,30,2
2026-06-03,B002,P006,33,3.4,4100,28,2
2026-06-03,B002,P007,31,1.5,9500,28,3
2026-06-03,B002,P008,31,3.0,2500,30,2
2026-06-03,B002,P009,29,2.2,2800,28,2
2026-06-03,B002,P010,35,4.2,1400,35,2
2026-06-03,B002,P011,29,2.1,2200,30,2
2026-06-03,B002,P012,18,0.8,11000,18,3
2026-06-03,B002,P013,12,0.8,15000,16,1
2026-06-03,B002,P014,24,1.5,12500,22,2
2026-06-03,B002,P015,18,1.0,11000,22,3
2026-06-03,B002,P016,37,5.7,900,40,3
2026-06-03,B003,P001,32,4.5,4500,35,3
2026-06-03,B003,P002,34,2.6,6200,30,2
2026-06-03,B003,P003,36,3.3,3200,38,2
2026-06-03,B003,P004,35,3.0,4800,30,3
2026-06-03,B003,P005,27,1.8,18000,25,2
2026-06-03,B003,P006,31,2.2,4100,28,2
2026-06-03,B003,P007,30,1.5,9500,28,2
2026-06-03,B003,P008,32,3.0,2500,30,2
2026-06-03,B003,P009,33,2.1,2800,28,2
2026-06-03,B003,P010,37,4.4,1400,35,2
2026-06-03,B003,P011,30,2.2,2200,30,3
2026-06-03,B003,P012,20,0.7,11000,18,1
2026-06-03,B003,P013,21,0.8,15000,16,2
2026-06-03,B003,P014,21,1.4,12500,22,2
2026-06-03,B003,P015,22,1.3,11000,22,3
2026-06-03,B003,P016,39,5.0,900,40,2
2026-06-03,B004,P001,40,3.0,4500,35,2
2026-06-03,B004,P002,25,4.3,6200,28,3
2026-06-03,B004,P003,36,2.9,3200,38,3
2026-06-03,B004,P004,32,3.5,4800,30,2
2026-06-03,B004,P005,31,1.5,18000,26,2
2026-06-03,B004,P006,27,2.2,4100,28,2
2026-06-03,B004,P007,27,1.4,9500,28,2
2026-06-03,B004,P008,32,2.7,2500,30,3
2026-06-03,B004,P009,29,2.1,2800,28,1
2026-06-03,B004,P010,31,3.4,1400,35,2
2026-06-03,B004,P011,27,2.0,2200,30,3
2026-06-03,B004,P012,20,0.7,11000,18,3
2026-06-03,B004,P013,13,0.5,15000,16,2
2026-06-03,B004,P014,20,0.7,12500,22,1
2026-06-03,B004,P015,18,1.2,11000,22,2
2026-06-03,B004,P016,44,8.0,900,40,3
2026-06-03,B005,P001,37,2.9,4500,35,1
2026-06-03,B005,P002,31,1.8,6200,30,3
2026-06-03,B005,P003,43,1.4,3200,40,1
2026-06-03,B005,P004,32,1.4,4800,30,2
2026-06-03,B005,P005,28,1.1,18000,26,1
2026-06-03,B005,P006,28,1.5,4100,28,1
2026-06-03,B005,P007,29,1.2,9500,28,3
2026-06-03,B005,P008,32,1.5,2500,30,1
2026-06-03,B005,P009,33,1.4,2800,28,1
2026-06-03,B005,P010,31,3.1,1400,35,1
2026-06-03,B005,P011,35,1.9,2200,30,2
2026-06-03,B005,P012,18,0.6,11000,18,1
2026-06-03,B005,P013,12,0.5,15000,16,3
2026-06-03,B005,P014,21,1.0,12500,22,2
2026-06-03,B005,P015,26,0.8,11000,22,3
2026-06-03,B005,P016,40,4.9,900,40,1
2026-06-04,B001,P001,38,3.5,4500,35,1
2026-06-04,B001,P002,30,2.8,6200,30,2
2026-06-04,B001,P003,35,4.1,3200,38,3
2026-06-04,B001,P004,26,3.0,4800,30,2
2026-06-04,B001,P005,37,5.0,18000,40,2
2026-06-04,B001,P006,29,2.2,4100,28,1
2026-06-04,B001,P007,24,1.7,9500,28,2
2026-06-04,B001,P008,26,2.7,2500,30,1
2026-06-04,B001,P009,31,2.2,2800,28,3
2026-06-04,B001,P010,31,4.5,1400,35,1
2026-06-04,B001,P011,28,1.5,2200,30,3
2026-06-04,B001,P012,18,0.9,11000,18,3
2026-06-04,B001,P013,16,1.0,15000,16,2
2026-06-04,B001,P014,23,1.7,12500,22,2
2026-06-04,B001,P015,20,1.5,11000,22,2
2026-06-04,B001,P016,43,6.9,900,40,2
2026-06-04,B002,P001,36,4.9,4500,40,2
2026-06-04,B002,P002,28,2.7,6200,30,3
2026-06-04,B002,P003,35,4.0,3200,38,2
2026-06-04,B002,P004,27,3.5,4800,30,1
2026-06-04,B002,P005,33,2.2,18000,30,3
2026-06-04,B002,P006,33,2.7,4100,28,2
2026-06-04,B002,P007,33,1.8,9500,28,2
2026-06-04,B002,P008,35,2.6,2500,30,3
2026-06-04,B002,P009,28,1.1,2800,28,1
2026-06-04,B002,P010,35,3.2,1400,35,2
2026-06-04,B002,P011,28,2.2,2200,30,2
2026-06-04,B002,P012,21,0.7,11000,18,2
2026-06-04,B002,P013,15,1.1,15000,16,2
2026-06-04,B002,P014,23,1.2,12500,22,1
2026-06-04,B002,P015,21,1.1,11000,22,2
2026-06-04,B002,P016,38,6.2,900,40,2
2026-06-04,B003,P001,31,4.9,4500,35,2
2026-06-04,B003,P002,31,2.7,6200,30,3
2026-06-04,B003,P003,36,3.8,3200,38,1
2026-06-04,B003,P004,29,3.3,4800,30,2
2026-06-04,B003,P005,26,1.9,18000,25,2
2026-06-04,B003,P006,29,1.7,4100,28,3
2026-06-04,B003,P007,31,1.6,9500,28,1
2026-06-04,B003,P008,26,2.4,2500,30,2
2026-06-04,B003,P009,32,2.4,2800,28,3
2026-06-04,B003,P010,34,4.6,1400,35,1
2026-06-04,B003,P011,30,3.1,2200,30,1
2026-06-04,B003,P012,14,0.7,11000,18,1
2026-06-04,B003,P013,16,0.6,15000,16,1
2026-06-04,B003,P014,23,1.1,12500,22,1
2026-06-04,B003,P015,24,1.3,11000,22,3
2026-06-04,B003,P016,39,5.2,900,40,2
2026-06-04,B004,P001,36,2.2,4500,35,2
2026-06-04,B004,P002,27,4.2,6200,28,2
2026-06-04,B004,P003,36,2.9,3200,38,1
2026-06-04,B004,P004,35,1.1,4800,30,3
2026-06-04,B004,P005,28,0.8,18000,26,2
2026-06-04,B004,P006,30,1.6,4100,28,1
2026-06-04,B004,P007,32,1.3,9500,28,1
2026-06-04,B004,P008,34,2.3,2500,30,1
2026-06-04,B004,P009,33,1.4,2800,28,1
2026-06-04,B004,P010,35,3.9,1400,35,2
2026-06-04,B004,P011,35,2.1,2200,30,3
2026-06-04,B004,P012,22,0.6,11000,18,3
2026-06-04,B004,P013,21,0.5,15000,16,2
2026-06-04,B004,P014,22,0.6,12500,22,3
2026-06-04,B004,P015,21,1.2,11000,22,3
2026-06-04,B004,P016,41,5.1,900,40,2
2026-06-04,B005,P001,34,2.5,4500,35,3
2026-06-04,B005,P002,27,2.3,6200,30,1
2026-06-04,B005,P003,43,2.0,3200,40,2
2026-06-04,B005,P004,34,2.4,4800,30,2
2026-06-04,B005,P005,28,0.9,18000,26,3
2026-06-04,B005,P006,31,1.6,4100,28,2
2026-06-04,B005,P007,33,1.3,9500,28,2
2026-06-04,B005,P008,28,1.5,2500,30,2
2026-06-04,B005,P009,27,1.2,2800,28,2
2026-06-04,B005,P010,31,3.2,1400,35,2
2026-06-04,B005,P011,29,2.1,2200,30,1
2026-06-04,B005,P012,23,0.7,11000,18,2
2026-06-04,B005,P013,19,0.6,15000,16,2
2026-06-04,B005,P014,23,0.8,12500,22,2
2026-06-04,B005,P015,27,0.8,11000,22,3
2026-06-04,B005,P016,37,4.7,900,40,2
2026-06-05,B001,P001,37,4.8,4500,35,3
2026-06-05,B001,P002,27,2.8,6200,30,3
2026-06-05,B001,P003,43,3.5,3200,38,1
2026-06-05,B001,P004,35,2.8,4800,30,2
2026-06-05,B001,P005,37,5.0,18000,40,2
2026-06-05,B001,P006,29,2.6,4100,28,2
2026-06-05,B001,P007,31,1.0,9500,28,1
2026-06-05,B001,P008,30,3.3,2500,30,2
2026-06-05,B001,P009,24,2.4,2800,28,3
2026-06-05,B001,P010,34,4.6,1400,35,3
2026-06-05,B001,P011,29,2.9,2200,30,1
2026-06-05,B001,P012,16,0.8,11000,18,2
2026-06-05,B001,P013,19,0.5,15000,16,1
2026-06-05,B001,P014,23,1.6,12500,22,1
2026-06-05,B001,P015,27,1.3,11000,22,3
2026-06-05,B001,P016,37,5.6,900,40,3
2026-06-05,B002,P001,39,5.0,4500,40,3
2026-06-05,B002,P002,28,3.1,6200,30,2
2026-06-05,B002,P003,41,1.9,3200,38,2
2026-06-05,B002,P004,35,3.7,4800,30,2
2026-06-05,B002,P005,31,2.0,18000,30,3
2026-06-05,B002,P006,31,2.2,4100,28,1
2026-06-05,B002,P007,26,1.8,9500,28,2
2026-06-05,B002,P008,34,2.5,2500,30,3
2026-06-05,B002,P009,29,1.5,2800,28,2
2026-06-05,B002,P010,37,3.6,1400,35,2
2026-06-05,B002,P011,32,2.3,2200,30,3
2026-06-05,B002,P012,20,0.9,11000,18,2
2026-06-05,B002,P013,16,0.8,15000,16,3
2026-06-05,B002,P014,20,1.2,12500,22,2
2026-06-05,B002,P015,19,0.9,11000,22,1
2026-06-05,B002,P016,36,7.4,900,40,1
2026-06-05,B003,P001,35,5.1,4500,35,2
2026-06-05,B003,P002,31,2.8,6200,30,2
2026-06-05,B003,P003,42,5.4,3200,38,2
2026-06-05,B003,P004,27,2.4,4800,30,2
2026-06-05,B003,P005,26,1.8,18000,25,2
2026-06-05,B003,P006,33,3.5,4100,28,2
2026-06-05,B003,P007,24,1.3,9500,28,2
2026-06-05,B003,P008,29,2.4,2500,30,2
2026-06-05,B003,P009,24,2.2,2800,28,3
2026-06-05,B003,P010,39,4.3,1400,35,1
2026-06-05,B003,P011,34,2.4,2200,30,2
2026-06-05,B003,P012,19,0.7,11000,18,3
2026-06-05,B003,P013,17,0.7,15000,16,3
2026-06-05,B003,P014,22,1.4,12500,22,1
2026-06-05,B003,P015,27,1.5,11000,22,3
2026-06-05,B003,P016,37,6.5,900,40,1
2026-06-05,B004,P001,40,3.4,4500,35,2
2026-06-05,B004,P002,24,4.5,6200,28,3
2026-06-05,B004,P003,40,3.5,3200,38,3
2026-06-05,B004,P004,32,1.6,4800,30,1
2026-06-05,B004,P005,29,1.3,18000,26,2
2026-06-05,B004,P006,33,2.1,4100,28,3
2026-06-05,B004,P007,28,1.7,9500,28,2
2026-06-05,B004,P008,30,0.9,2500,30,2
2026-06-05,B004,P009,26,1.6,2800,28,2
2026-06-05,B004,P010,32,3.5,1400,35,1
2026-06-05,B004,P011,31,1.5,2200,30,3
2026-06-05,B004,P012,15,0.6,11000,18,3
2026-06-05,B004,P013,12,0.8,15000,16,1
2026-06-05,B004,P014,26,1.1,12500,22,1
2026-06-05,B004,P015,26,1.5,11000,22,1
2026-06-05,B004,P016,42,4.9,900,40,3
2026-06-05,B005,P001,31,1.6,4500,35,1
2026-06-05,B005,P002,29,1.7,6200,30,1
2026-06-05,B005,P003,43,1.2,3200,40,1
2026-06-05,B005,P004,31,2.1,4800,30,2
2026-06-05,B005,P005,27,1.0,18000,26,3
2026-06-05,B005,P006,26,1.5,4100,28,3
2026-06-05,B005,P007,30,0.7,9500,28,2
2026-06-05,B005,P008,35,2.2,2500,30,1
2026-06-05,B005,P009,24,2.0,2800,28,2
2026-06-05,B005,P010,35,3.3,1400,35,3
2026-06-05,B005,P011,29,1.5,2200,30,1
2026-06-05,B005,P012,19,0.6,11000,18,2
2026-06-05,B005,P013,15,0.5,15000,16,1
2026-06-05,B005,P014,24,1.0,12500,22,3
2026-06-05,B005,P015,20,1.0,11000,22,3
2026-06-05,B005,P016,37,4.0,900,40,3
2026-06-06,B001,P001,32,3.8,4500,35,2
2026-06-06,B001,P002,30,3.9,6200,30,1
2026-06-06,B001,P003,39,4.6,3200,38,2
2026-06-06,B001,P004,35,3.0,4800,30,2
2026-06-06,B001,P005,37,5.0,18000,40,2
2026-06-06,B001,P006,33,3.0,4100,28,1
2026-06-06,B001,P007,26,1.6,9500,28,1
2026-06-06,B001,P008,32,3.5,2500,30,1
2026-06-06,B001,P009,24,4.2,2800,28,2
2026-06-06,B001,P010,33,5.4,1400,35,2
2026-06-06,B001,P011,34,3.0,2200,30,3
2026-06-06,B001,P012,21,1.1,11000,18,3
2026-06-06,B001,P013,16,1.3,15000,16,2
2026-06-06,B001,P014,25,2.5,12500,22,2
2026-06-06,B001,P015,22,2.5,11000,22,2
2026-06-06,B001,P016,45,10.3,900,40,3
2026-06-06,B002,P001,38,6.9,4500,40,2
2026-06-06,B002,P002,34,3.4,6200,30,1
2026-06-06,B002,P003,41,3.3,3200,38,2
2026-06-06,B002,P004,28,2.4,4800,30,2
2026-06-06,B002,P005,33,3.1,18000,30,1
2026-06-06,B002,P006,26,1.7,4100,28,3
2026-06-06,B002,P007,29,1.9,9500,28,1
2026-06-06,B002,P008,34,2.3,2500,30,1
2026-06-06,B002,P009,27,3.5,2800,28,2
2026-06-06,B002,P010,32,5.8,1400,35,3
2026-06-06,B002,P011,27,3.1,2200,30,2
2026-06-06,B002,P012,21,0.9,11000,18,2
2026-06-06,B002,P013,20,0.7,15000,16,1
2026-06-06,B002,P014,20,1.6,12500,22,2
2026-06-06,B002,P015,25,1.7,11000,22,2
2026-06-06,B002,P016,37,6.2,900,40,1
2026-06-06,B003,P001,33,5.7,4500,35,2
2026-06-06,B003,P002,33,3.7,6200,30,1
2026-06-06,B003,P003,38,3.9,3200,38,2
2026-06-06,B003,P004,28,4.4,4800,30,1
2026-06-06,B003,P005,27,2.0,18000,25,1
2026-06-06,B003,P006,33,1.7,4100,28,3
2026-06-06,B003,P007,25,2.6,9500,28,2
2026-06-06,B003,P008,26,3.2,2500,30,2
2026-06-06,B003,P009,32,2.9,2800,28,2
2026-06-06,B003,P010,36,3.3,1400,35,3
2026-06-06,B003,P011,29,2.4,2200,30,2
2026-06-06,B003,P012,14,0.9,11000,18,3
2026-06-06,B003,P013,16,0.7,15000,16,2
2026-06-06,B003,P014,26,1.4,12500,22,3
2026-06-06,B003,P015,21,1.5,11000,22,2
2026-06-06,B003,P016,43,9.3,900,40,1
2026-06-06,B004,P001,35,1.9,4500,35,2
2026-06-06,B004,P002,26,5.4,6200,28,3
2026-06-06,B004,P003,39,2.9,3200,38,3
2026-06-06,B004,P004,27,2.4,4800,30,1
2026-06-06,B004,P005,32,1.0,18000,26,3
2026-06-06,B004,P006,33,3.3,4100,28,1
2026-06-06,B004,P007,32,1.9,9500,28,1
2026-06-06,B004,P008,30,2.6,2500,30,3
2026-06-06,B004,P009,30,2.0,2800,28,2
2026-06-06,B004,P010,34,3.6,1400,35,2
2026-06-06,B004,P011,28,2.5,2200,30,1
2026-06-06,B004,P012,15,0.7,11000,18,2
2026-06-06,B004,P013,21,0.7,15000,16,1
2026-06-06,B004,P014,26,1.1,12500,22,2
2026-06-06,B004,P015,19,1.6,11000,22,1
2026-06-06,B004,P016,44,6.2,900,40,3
2026-06-06,B005,P001,40,2.9,4500,35,2
2026-06-06,B005,P002,32,1.8,6200,30,2
2026-06-06,B005,P003,43,1.4,3200,40,1
2026-06-06,B005,P004,26,2.5,4800,30,2
2026-06-06,B005,P005,28,0.8,18000,26,2
2026-06-06,B005,P006,30,2.0,4100,28,3
2026-06-06,B005,P007,31,1.3,9500,28,3
2026-06-06,B005,P008,32,1.6,2500,30,1
2026-06-06,B005,P009,27,2.1,2800,28,3
2026-06-06,B005,P010,33,3.7,1400,35,1
2026-06-06,B005,P011,33,1.9,2200,30,3
2026-06-06,B005,P012,15,0.6,11000,18,2
2026-06-06,B005,P013,13,0.4,15000,16,2
2026-06-06,B005,P014,19,1.2,12500,22,1
2026-06-06,B005,P015,22,1.0,11000,22,2
2026-06-06,B005,P016,41,3.8,900,40,2
2026-06-07,B001,P001,32,3.9,4500,35,3
2026-06-07,B001,P002,32,4.1,6200,30,2
2026-06-07,B001,P003,34,5.3,3200,38,1
2026-06-07,B001,P004,26,3.2,4800,30,3
2026-06-07,B001,P005,36,5.0,18000,40,2
2026-06-07,B001,P006,24,4.3,4100,28,1
2026-06-07,B001,P007,26,2.0,9500,28,2
2026-06-07,B001,P008,30,4.0,2500,30,1
2026-06-07,B001,P009,31,2.7,2800,28,2
2026-06-07,B001,P010,39,6.1,1400,35,2
2026-06-07,B001,P011,28,3.1,2200,30,2
2026-06-07,B001,P012,15,1.0,11000,18,2
2026-06-07,B001,P013,16,1.6,15000,16,2
2026-06-07,B001,P014,26,1.8,12500,22,2
2026-06-07,B001,P015,18,2.1,11000,22,3
2026-06-07,B001,P016,42,9.9,900,40,1
2026-06-07,B002,P001,39,7.4,4500,40,1
2026-06-07,B002,P002,26,1.8,6200,30,1
2026-06-07,B002,P003,42,4.9,3200,38,3
2026-06-07,B002,P004,26,2.8,4800,30,2
2026-06-07,B002,P005,33,2.7,18000,30,1
2026-06-07,B002,P006,31,3.8,4100,28,1
2026-06-07,B002,P007,31,2.4,9500,28,1
2026-06-07,B002,P008,34,3.1,2500,30,3
2026-06-07,B002,P009,31,2.9,2800,28,1
2026-06-07,B002,P010,38,4.8,1400,35,2
2026-06-07,B002,P011,27,2.0,2200,30,2
2026-06-07,B002,P012,19,1.0,11000,18,2
2026-06-07,B002,P013,17,0.9,15000,16,3
2026-06-07,B002,P014,25,1.4,12500,22,3
2026-06-07,B002,P015,20,1.9,11000,22,2
2026-06-07,B002,P016,42,7.5,900,40,3
2026-06-07,B003,P001,30,6.3,4500,35,1
2026-06-07,B003,P002,34,3.7,6200,30,3
2026-06-07,B003,P003,37,6.5,3200,38,2
2026-06-07,B003,P004,32,3.4,4800,30,2
2026-06-07,B003,P005,26,2.5,18000,25,2
2026-06-07,B003,P006,28,3.0,4100,28,1
2026-06-07,B003,P007,26,1.6,9500,28,2
2026-06-07,B003,P008,29,2.1,2500,30,2
2026-06-07,B003,P009,32,2.7,2800,28,1
2026-06-07,B003,P010,38,3.4,1400,35,1
2026-06-07,B003,P011,32,3.0,2200,30,3
2026-06-07,B003,P012,22,0.9,11000,18,2
2026-06-07,B003,P013,14,0.7,15000,16,2
2026-06-07,B003,P014,23,1.9,12500,22,2
2026-06-07,B003,P015,18,1.8,11000,22,3
2026-06-07,B003,P016,44,7.9,900,40,3
2026-06-07,B004,P001,34,4.0,4500,35,3
2026-06-07,B004,P002,24,4.5,6200,28,1
2026-06-07,B004,P003,36,3.3,3200,38,1
2026-06-07,B004,P004,30,3.2,4800,30,3
2026-06-07,B004,P005,32,2.2,18000,26,1
2026-06-07,B004,P006,27,2.7,4100,28,3
2026-06-07,B004,P007,25,1.4,9500,28,2
2026-06-07,B004,P008,35,1.4,2500,30,2
2026-06-07,B004,P009,25,2.9,2800,28,2
2026-06-07,B004,P010,34,4.5,1400,35,1
2026-06-07,B004,P011,34,2.3,2200,30,3
2026-06-07,B004,P012,23,0.5,11000,18,2
2026-06-07,B004,P013,14,0.7,15000,16,3
2026-06-07,B004,P014,24,1.3,12500,22,3
2026-06-07,B004,P015,26,1.2,11000,22,1
2026-06-07,B004,P016,37,4.7,900,40,1
2026-06-07,B005,P001,34,2.0,4500,35,1
2026-06-07,B005,P002,26,3.1,6200,30,1
2026-06-07,B005,P003,44,1.7,3200,40,2
2026-06-07,B005,P004,31,2.5,4800,30,1
2026-06-07,B005,P005,27,1.2,18000,26,2
2026-06-07,B005,P006,30,2.0,4100,28,3
2026-06-07,B005,P007,31,1.2,9500,28,2
2026-06-07,B005,P008,29,1.6,2500,30,1
2026-06-07,B005,P009,25,1.5,2800,28,3
2026-06-07,B005,P010,33,3.2,1400,35,3
2026-06-07,B005,P011,28,2.1,2200,30,2
2026-06-07,B005,P012,17,0.8,11000,18,2
2026-06-07,B005,P013,20,0.5,15000,16,3
2026-06-07,B005,P014,25,0.9,12500,22,3
2026-06-07,B005,P015,20,1.0,11000,22,2
2026-06-07,B005,P016,45,4.6,900,40,3
2026-06-08,B001,P001,36,4.5,4500,35,2
2026-06-08,B001,P002,31,4.0,6200,30,2
2026-06-08,B001,P003,40,3.2,3200,38,3
2026-06-08,B001,P004,27,2.5,4800,30,2
2026-06-08,B001,P005,36,5.0,18000,40,2
2026-06-08,B001,P006,30,2.4,4100,28,1
2026-06-08,B001,P007,24,1.4,9500,28,2
2026-06-08,B001,P008,35,2.2,2500,30,1
2026-06-08,B001,P009,32,1.9,2800,28,2
2026-06-08,B001,P010,31,4.2,1400,35,3
2026-06-08,B001,P011,31,1.9,2200,30,2
2026-06-08,B001,P012,21,1.1,11000,18,3
2026-06-08,B001,P013,21,0.6,15000,16,2
2026-06-08,B001,P014,27,1.1,12500,22,2
2026-06-08,B001,P015,22,1.7,11000,22,2
2026-06-08,B001,P016,41,3.5,900,40,3
2026-06-08,B002,P001,39,6.1,4500,40,3
2026-06-08,B002,P002,35,1.9,6200,30,2
2026-06-08,B002,P003,35,4.4,3200,38,1
2026-06-08,B002,P004,26,2.9,4800,30,2
2026-06-08,B002,P005,31,2.0,18000,30,2
2026-06-08,B002,P006,26,2.4,4100,28,2
2026-06-08,B002,P007,25,1.5,9500,28,3
2026-06-08,B002,P008,30,2.4,2500,30,2
2026-06-08,B002,P009,27,2.3,2800,28,2
2026-06-08,B002,P010,33,3.9,1400,35,3
2026-06-08,B002,P011,28,1.4,2200,30,3
2026-06-08,B002,P012,15,0.8,11000,18,3
2026-06-08,B002,P013,15,0.9,15000,16,3
2026-06-08,B002,P014,25,0.8,12500,22,2
2026-06-08,B002,P015,24,1.4,11000,22,2
2026-06-08,B002,P016,43,5.7,900,40,3
2026-06-08,B003,P001,33,5.3,4500,35,2
2026-06-08,B003,P002,32,1.5,6200,30,2
2026-06-08,B003,P003,43,4.4,3200,38,2
2026-06-08,B003,P004,31,2.3,4800,30,1
2026-06-08,B003,P005,29,2.0,18000,25,2
2026-06-08,B003,P006,33,2.0,4100,28,3
2026-06-08,B003,P007,33,1.7,9500,28,2
2026-06-08,B003,P008,32,1.9,2500,30,2
2026-06-08,B003,P009,25,2.2,2800,28,2
2026-06-08,B003,P010,35,4.2,1400,35,2
2026-06-08,B003,P011,34,2.9,2200,30,2
2026-06-08,B003,P012,19,0.7,11000,18,1
2026-06-08,B003,P013,17,0.8,15000,16,3
2026-06-08,B003,P014,18,0.9,12500,22,1
2026-06-08,B003,P015,27,1.3,11000,22,2
2026-06-08,B003,P016,45,5.5,900,40,2
2026-06-08,B004,P001,33,2.4,4500,35,2
2026-06-08,B004,P002,26,4.0,6200,28,1
2026-06-08,B004,P003,34,2.6,3200,38,3
2026-06-08,B004,P004,26,2.9,4800,30,1
2026-06-08,B004,P005,28,0.9,18000,26,1
2026-06-08,B004,P006,28,1.6,4100,28,2
2026-06-08,B004,P007,24,1.5,9500,28,2
2026-06-08,B004,P008,34,2.2,2500,30,2
2026-06-08,B004,P009,25,1.9,2800,28,2
2026-06-08,B004,P010,36,3.6,1400,35,3
2026-06-08,B004,P011,28,1.7,2200,30,1
2026-06-08,B004,P012,21,0.5,11000,18,3
2026-06-08,B004,P013,21,0.4,15000,16,2
2026-06-08,B004,P014,21,1.4,12500,22,3
2026-06-08,B004,P015,21,0.7,11000,22,2
2026-06-08,B004,P016,36,6.6,900,40,2
2026-06-08,B005,P001,38,2.3,4500,35,2
2026-06-08,B005,P002,30,1.9,6200,30,1
2026-06-08,B005,P003,43,1.4,3200,40,2
2026-06-08,B005,P004,26,2.2,4800,30,1
2026-06-08,B005,P005,27,0.8,18000,26,2
2026-06-08,B005,P006,25,1.0,4100,28,1
2026-06-08,B005,P007,29,0.9,9500,28,2
2026-06-08,B005,P008,26,1.9,2500,30,1
2026-06-08,B005,P009,29,1.1,2800,28,3
2026-06-08,B005,P010,37,3.4,1400,35,3
2026-06-08,B005,P011,29,1.5,2200,30,3
2026-06-08,B005,P012,19,0.4,11000,18,1
2026-06-08,B005,P013,19,0.5,15000,16,3
2026-06-08,B005,P014,20,0.9,12500,22,3
2026-06-08,B005,P015,25,1.0,11000,22,1
2026-06-08,B005,P016,36,1.7,900,40,2
2026-06-09,B001,P001,35,1.4,4500,35,2
2026-06-09,B001,P002,31,3.6,6200,30,1
2026-06-09,B001,P003,41,2.8,3200,38,1
2026-06-09,B001,P004,27,3.9,4800,30,3
2026-06-09,B001,P005,35,5.0,18000,40,2
2026-06-09,B001,P006,28,2.7,4100,28,2
2026-06-09,B001,P007,27,1.5,9500,28,1
2026-06-09,B001,P008,33,3.4,2500,30,3
2026-06-09,B001,P009,25,1.5,2800,28,2
2026-06-09,B001,P010,35,3.8,1400,35,2
2026-06-09,B001,P011,33,1.8,2200,30,3
2026-06-09,B001,P012,22,0.9,11000,18,1
2026-06-09,B001,P013,20,0.7,15000,16,2
2026-06-09,B001,P014,24,1.0,12500,22,1
2026-06-09,B001,P015,20,1.1,11000,22,2
2026-06-09,B001,P016,45,6.4,900,40,2
2026-06-09,B002,P001,36,5.5,4500,40,1
2026-06-09,B002,P002,30,2.3,6200,30,2
2026-06-09,B002,P003,35,3.7,3200,38,2
2026-06-09,B002,P004,26,1.9,4800,30,3
2026-06-09,B002,P005,32,2.2,18000,30,1
2026-06-09,B002,P006,28,1.9,4100,28,2
2026-06-09,B002,P007,30,1.4,9500,28,2
2026-06-09,B002,P008,34,2.3,2500,30,2
2026-06-09,B002,P009,25,2.0,2800,28,1
2026-06-09,B002,P010,37,4.6,1400,35,2
2026-06-09,B002,P011,28,2.3,2200,30,1
2026-06-09,B002,P012,18,1.0,11000,18,2
2026-06-09,B002,P013,17,0.7,15000,16,2
2026-06-09,B002,P014,18,1.7,12500,22,2
2026-06-09,B002,P015,21,1.6,11000,22,3
2026-06-09,B002,P016,37,6.6,900,40,2
2026-06-09,B003,P001,32,5.1,4500,35,1
2026-06-09,B003,P002,26,2.3,6200,30,2
2026-06-09,B003,P003,36,3.3,3200,38,2
2026-06-09,B003,P004,32,2.6,4800,30,2
2026-06-09,B003,P005,26,1.3,18000,25,2
2026-06-09,B003,P006,25,2.6,4100,28,3
2026-06-09,B003,P007,33,1.6,9500,28,3
2026-06-09,B003,P008,32,2.5,2500,30,3
2026-06-09,B003,P009,26,2.1,2800,28,2
2026-06-09,B003,P010,37,3.6,1400,35,3
2026-06-09,B003,P011,35,2.0,2200,30,2
2026-06-09,B003,P012,18,0.9,11000,18,2
2026-06-09,B003,P013,13,0.5,15000,16,1
2026-06-09,B003,P014,27,1.2,12500,22,1
2026-06-09,B003,P015,22,1.6,11000,22,2
2026-06-09,B003,P016,39,4.5,900,40,1
2026-06-09,B004,P001,40,3.1,4500,35,1
2026-06-09,B004,P002,25,4.2,6200,28,1
2026-06-09,B004,P003,39,2.6,3200,38,2
2026-06-09,B004,P004,33,2.6,4800,30,2
2026-06-09,B004,P005,33,1.0,18000,26,2
2026-06-09,B004,P006,31,2.0,4100,28,3
2026-06-09,B004,P007,25,0.9,9500,28,2
2026-06-09,B004,P008,34,1.0,2500,30,2
2026-06-09,B004,P009,33,1.5,2800,28,3
2026-06-09,B004,P010,38,3.1,1400,35,2
2026-06-09,B004,P011,30,1.7,2200,30,2
2026-06-09,B004,P012,21,0.8,11000,18,2
2026-06-09,B004,P013,17,0.7,15000,16,2
2026-06-09,B004,P014,23,1.1,12500,22,2
2026-06-09,B004,P015,21,1.3,11000,22,2
2026-06-09,B004,P016,42,4.3,900,40,2
2026-06-09,B005,P001,31,1.8,4500,35,2
2026-06-09,B005,P002,26,2.0,6200,30,3
2026-06-09,B005,P003,47,0.9,3200,40,2
2026-06-09,B005,P004,30,2.4,4800,30,3
2026-06-09,B005,P005,25,1.1,18000,26,2
2026-06-09,B005,P006,32,1.5,4100,28,1
2026-06-09,B005,P007,30,0.9,9500,28,2
2026-06-09,B005,P008,33,1.2,2500,30,2
2026-06-09,B005,P009,27,1.5,2800,28,1
2026-06-09,B005,P010,36,2.6,1400,35,3
2026-06-09,B005,P011,27,1.8,2200,30,2
2026-06-09,B005,P012,14,0.6,11000,18,2
2026-06-09,B005,P013,14,0.5,15000,16,3
2026-06-09,B005,P014,19,0.5,12500,22,2
2026-06-09,B005,P015,20,0.9,11000,22,2
2026-06-09,B005,P016,37,4.2,900,40,2
2026-06-10,B001,P001,34,2.1,4500,35,2
2026-06-10,B001,P002,29,3.2,6200,30,2
2026-06-10,B001,P003,34,3.1,3200,38,2
2026-06-10,B001,P004,33,3.9,4800,30,2
2026-06-10,B001,P005,35,5.0,18000,40,2
2026-06-10,B001,P006,31,2.7,4100,28,2
2026-06-10,B001,P007,24,1.5,9500,28,3
2026-06-10,B001,P008,33,3.0,2500,30,3
2026-06-10,B001,P009,25,2.4,2800,28,2
2026-06-10,B001,P010,38,4.7,1400,35,3
2026-06-10,B001,P011,26,3.0,2200,30,3
2026-06-10,B001,P012,23,0.6,11000,18,3
2026-06-10,B001,P013,12,0.8,15000,16,1
2026-06-10,B001,P014,19,1.2,12500,22,1
2026-06-10,B001,P015,25,1.4,11000,22,3
2026-06-10,B001,P016,41,8.8,900,40,3
2026-06-10,B002,P001,37,5.5,4500,40,3
2026-06-10,B002,P002,30,3.0,6200,30,2
2026-06-10,B002,P003,38,3.8,3200,38,3
2026-06-10,B002,P004,29,2.8,4800,30,1
2026-06-10,B002,P005,34,2.1,18000,30,3
2026-06-10,B002,P006,31,2.9,4100,28,2
2026-06-10,B002,P007,24,1.6,9500,28,2
2026-06-10,B002,P008,29,2.7,2500,30,2
2026-06-10,B002,P009,31,2.2,2800,28,2
2026-06-10,B002,P010,36,3.8,1400,35,2
2026-06-10,B002,P011,35,2.8,2200,30,2
2026-06-10,B002,P012,14,1.2,11000,18,3
2026-06-10,B002,P013,17,0.8,15000,16,3
2026-06-10,B002,P014,27,1.2,12500,22,2
2026-06-10,B002,P015,20,1.6,11000,22,3
2026-06-10,B002,P016,39,7.9,900,40,2
2026-06-10,B003,P001,35,4.8,4500,35,2
2026-06-10,B003,P002,31,2.2,6200,30,2
2026-06-10,B003,P003,34,2.8,3200,38,1
2026-06-10,B003,P004,34,2.6,4800,30,2
2026-06-10,B003,P005,29,1.6,18000,25,2
2026-06-10,B003,P006,27,2.0,4100,28,3
2026-06-10,B003,P007,26,1.6,9500,28,1
2026-06-10,B003,P008,27,2.7,2500,30,2
2026-06-10,B003,P009,28,2.3,2800,28,2
2026-06-10,B003,P010,38,3.6,1400,35,1
2026-06-10,B003,P011,28,2.8,2200,30,2
2026-06-10,B003,P012,23,0.9,11000,18,1
2026-06-10,B003,P013,17,1.1,15000,16,3
2026-06-10,B003,P014,21,1.0,12500,22,2
2026-06-10,B003,P015,24,1.1,11000,22,2
2026-06-10,B003,P016,39,5.6,900,40,1
2026-06-10,B004,P001,39,2.9,4500,35,2
2026-06-10,B004,P002,25,4.3,6200,28,2
2026-06-10,B004,P003,34,2.8,3200,38,1
2026-06-10,B004,P004,29,2.5,4800,30,2
2026-06-10,B004,P005,28,1.0,18000,26,3
2026-06-10,B004,P006,31,2.0,4100,28,2
2026-06-10,B004,P007,25,1.2,9500,28,3
2026-06-10,B004,P008,29,2.4,2500,30,2
2026-06-10,B004,P009,26,1.4,2800,28,2
2026-06-10,B004,P010,34,3.4,1400,35,2
2026-06-10,B004,P011,29,1.2,2200,30,2
2026-06-10,B004,P012,16,0.7,11000,18,2
2026-06-10,B004,P013,15,0.5,15000,16,2
2026-06-10,B004,P014,23,1.0,12500,22,1
2026-06-10,B004,P015,21,1.2,11000,22,2
2026-06-10,B004,P016,45,4.8,900,40,1
2026-06-10,B005,P001,40,2.4,4500,35,2
2026-06-10,B005,P002,26,1.7,6200,30,3
2026-06-10,B005,P003,48,1.7,3200,40,2
2026-06-10,B005,P004,30,2.7,4800,30,2
2026-06-10,B005,P005,28,1.0,18000,26,3
2026-06-10,B005,P006,24,1.6,4100,28,2
2026-06-10,B005,P007,29,0.7,9500,28,2
2026-06-10,B005,P008,30,1.5,2500,30,3
2026-06-10,B005,P009,29,1.2,2800,28,3
2026-06-10,B005,P010,31,2.9,1400,35,2
2026-06-10,B005,P011,27,1.7,2200,30,3
2026-06-10,B005,P012,18,0.6,11000,18,2
2026-06-10,B005,P013,20,0.4,15000,16,2
2026-06-10,B005,P014,21,1.1,12500,22,1
2026-06-10,B005,P015,22,0.7,11000,22,3
2026-06-10,B005,P016,36,4.1,900,40,1
2026-06-11,B001,P001,32,3.5,4500,35,3
2026-06-11,B001,P002,31,2.5,6200,30,2
2026-06-11,B001,P003,40,4.8,3200,38,2
2026-06-11,B001,P004,26,2.8,4800,30,2
2026-06-11,B001,P005,35,5.0,18000,40,2
2026-06-11,B001,P006,24,2.7,4100,28,3
2026-06-11,B001,P007,31,1.4,9500,28,2
2026-06-11,B001,P008,33,3.3,2500,30,1
2026-06-11,B001,P009,28,2.8,2800,28,1
2026-06-11,B001,P010,34,4.9,1400,35,2
2026-06-11,B001,P011,30,3.1,2200,30,2
2026-06-11,B001,P012,22,0.5,11000,18,3
2026-06-11,B001,P013,12,0.8,15000,16,1
2026-06-11,B001,P014,19,1.5,12500,22,1
2026-06-11,B001,P015,20,1.7,11000,22,1
2026-06-11,B001,P016,43,4.4,900,40,2
2026-06-11,B002,P001,35,6.0,4500,40,3
2026-06-11,B002,P002,33,3.1,6200,30,1
2026-06-11,B002,P003,37,3.8,3200,38,3
2026-06-11,B002,P004,27,2.2,4800,30,1
2026-06-11,B002,P005,32,1.9,18000,30,3
2026-06-11,B002,P006,29,2.5,4100,28,2
2026-06-11,B002,P007,32,1.7,9500,28,2
2026-06-11,B002,P008,30,2.8,2500,30,1
2026-06-11,B002,P009,32,3.1,2800,28,2
2026-06-11,B002,P010,36,2.9,1400,35,2
2026-06-11,B002,P011,27,2.8,2200,30,2
2026-06-11,B002,P012,21,0.8,11000,18,1
2026-06-11,B002,P013,19,0.9,15000,16,3
2026-06-11,B002,P014,26,1.1,12500,22,1
2026-06-11,B002,P015,18,1.3,11000,22,3
2026-06-11,B002,P016,36,5.2,900,40,2
2026-06-11,B003,P001,32,4.8,4500,35,1
2026-06-11,B003,P002,34,2.3,6200,30,2
2026-06-11,B003,P003,42,3.5,3200,38,3
2026-06-11,B003,P004,31,2.9,4800,30,3
2026-06-11,B003,P005,30,1.8,18000,25,1
2026-06-11,B003,P006,32,2.6,4100,28,3
2026-06-11,B003,P007,30,1.4,9500,28,3
2026-06-11,B003,P008,30,3.6,2500,30,2
2026-06-11,B003,P009,29,2.2,2800,28,2
2026-06-11,B003,P010,34,4.9,1400,35,3
2026-06-11,B003,P011,28,1.2,2200,30,1
2026-06-11,B003,P012,15,0.4,11000,18,1
2026-06-11,B003,P013,18,0.7,15000,16,2
2026-06-11,B003,P014,24,1.0,12500,22,1
2026-06-11,B003,P015,20,1.4,11000,22,2
2026-06-11,B003,P016,36,5.4,900,40,2
2026-06-11,B004,P001,38,4.2,4500,35,2
2026-06-11,B004,P002,25,4.5,6200,28,1
2026-06-11,B004,P003,37,3.9,3200,38,3
2026-06-11,B004,P004,31,1.4,4800,30,1
2026-06-11,B004,P005,29,1.4,18000,26,3
2026-06-11,B004,P006,27,2.0,4100,28,1
2026-06-11,B004,P007,27,1.7,9500,28,2
2026-06-11,B004,P008,28,2.4,2500,30,3
2026-06-11,B004,P009,28,1.7,2800,28,3
2026-06-11,B004,P010,33,2.6,1400,35,1
2026-06-11,B004,P011,33,1.9,2200,30,2
2026-06-11,B004,P012,19,0.8,11000,18,3
2026-06-11,B004,P013,21,0.8,15000,16,3
2026-06-11,B004,P014,19,0.9,12500,22,2
2026-06-11,B004,P015,21,1.7,11000,22,1
2026-06-11,B004,P016,45,6.2,900,40,2
2026-06-11,B005,P001,39,1.8,4500,35,3
2026-06-11,B005,P002,26,1.4,6200,30,1
2026-06-11,B005,P003,49,1.3,3200,40,1
2026-06-11,B005,P004,35,1.0,4800,30,1
2026-06-11,B005,P005,24,0.8,18000,26,3
2026-06-11,B005,P006,30,1.7,4100,28,1
2026-06-11,B005,P007,32,1.2,9500,28,3
2026-06-11,B005,P008,31,1.6,2500,30,3
2026-06-11,B005,P009,30,1.2,2800,28,1
2026-06-11,B005,P010,36,3.2,1400,35,2
2026-06-11,B005,P011,30,1.5,2200,30,2
2026-06-11,B005,P012,23,0.6,11000,18,1
2026-06-11,B005,P013,14,0.5,15000,16,2
2026-06-11,B005,P014,22,0.6,12500,22,1
2026-06-11,B005,P015,18,0.9,11000,22,3
2026-06-11,B005,P016,41,4.7,900,40,2
2026-06-12,B001,P001,37,4.4,4500,35,1
2026-06-12,B001,P002,32,2.6,6200,30,3
2026-06-12,B001,P003,40,4.5,3200,38,1
2026-06-12,B001,P004,32,2.2,4800,30,1
2026-06-12,B001,P005,34,5.0,18000,40,2
2026-06-12,B001,P006,33,2.6,4100,28,3
2026-06-12,B001,P007,27,1.5,9500,28,1
2026-06-12,B001,P008,27,3.8,2500,30,1
2026-06-12,B001,P009,32,1.6,2800,28,3
2026-06-12,B001,P010,40,5.8,1400,35,2
2026-06-12,B001,P011,33,2.2,2200,30,2
2026-06-12,B001,P012,14,0.5,11000,18,2
2026-06-12,B001,P013,14,0.8,15000,16,2
2026-06-12,B001,P014,25,1.3,12500,22,1
2026-06-12,B001,P015,19,1.8,11000,22,2
2026-06-12,B001,P016,39,6.1,900,40,2
2026-06-12,B002,P001,34,6.6,4500,40,1
2026-06-12,B002,P002,29,2.2,6200,30,3
2026-06-12,B002,P003,37,3.5,3200,38,3
2026-06-12,B002,P004,34,2.4,4800,30,1
2026-06-12,B002,P005,34,2.5,18000,30,2
2026-06-12,B002,P006,30,2.6,4100,28,2
2026-06-12,B002,P007,30,1.3,9500,28,1
2026-06-12,B002,P008,32,3.1,2500,30,2
2026-06-12,B002,P009,30,1.9,2800,28,2
2026-06-12,B002,P010,35,4.8,1400,35,3
2026-06-12,B002,P011,34,2.1,2200,30,1
2026-06-12,B002,P012,20,0.9,11000,18,3
2026-06-12,B002,P013,19,0.7,15000,16,2
2026-06-12,B002,P014,24,1.5,12500,22,2
2026-06-12,B002,P015,20,0.9,11000,22,1
2026-06-12,B002,P016,39,4.7,900,40,3
2026-06-12,B003,P001,29,4.9,4500,35,3
2026-06-12,B003,P002,31,2.2,6200,30,2
2026-06-12,B003,P003,35,4.4,3200,38,3
2026-06-12,B003,P004,29,2.8,4800,30,2
2026-06-12,B003,P005,28,1.5,18000,25,3
2026-06-12,B003,P006,33,2.7,4100,28,3
2026-06-12,B003,P007,29,1.5,9500,28,2
2026-06-12,B003,P008,31,2.6,2500,30,2
2026-06-12,B003,P009,24,1.9,2800,28,3
2026-06-12,B003,P010,32,3.3,1400,35,3
2026-06-12,B003,P011,29,2.2,2200,30,1
2026-06-12,B003,P012,17,0.8,11000,18,2
2026-06-12,B003,P013,17,0.8,15000,16,2
2026-06-12,B003,P014,18,1.2,12500,22,3
2026-06-12,B003,P015,24,1.1,11000,22,2
2026-06-12,B003,P016,41,5.1,900,40,2
2026-06-12,B004,P001,32,3.9,4500,35,2
2026-06-12,B004,P002,23,3.2,6200,28,2
2026-06-12,B004,P003,40,3.3,3200,38,1
2026-06-12,B004,P004,28,2.9,4800,30,3
2026-06-12,B004,P005,28,1.5,18000,26,2
2026-06-12,B004,P006,30,2.7,4100,28,1
2026-06-12,B004,P007,29,1.5,9500,28,2
2026-06-12,B004,P008,29,1.9,2500,30,2
2026-06-12,B004,P009,24,1.8,2800,28,1
2026-06-12,B004,P010,40,3.5,1400,35,2
2026-06-12,B004,P011,31,1.9,2200,30,2
2026-06-12,B004,P012,22,0.8,11000,18,1
2026-06-12,B004,P013,18,0.6,15000,16,3
2026-06-12,B004,P014,26,1.0,12500,22,2
2026-06-12,B004,P015,26,1.5,11000,22,2
2026-06-12,B004,P016,37,5.0,900,40,2
2026-06-12,B005,P001,35,2.7,4500,35,1
2026-06-12,B005,P002,27,2.2,6200,30,1
2026-06-12,B005,P003,47,1.4,3200,40,2
2026-06-12,B005,P004,34,1.9,4800,30,1
2026-06-12,B005,P005,28,0.8,18000,26,3
2026-06-12,B005,P006,27,1.1,4100,28,2
2026-06-12,B005,P007,29,1.2,9500,28,3
2026-06-12,B005,P008,34,1.9,2500,30,2
2026-06-12,B005,P009,31,1.6,2800,28,3
2026-06-12,B005,P010,32,2.5,1400,35,1
2026-06-12,B005,P011,34,2.2,2200,30,1
2026-06-12,B005,P012,14,0.6,11000,18,2
2026-06-12,B005,P013,21,0.5,15000,16,3
2026-06-12,B005,P014,21,0.5,12500,22,3
2026-06-12,B005,P015,19,0.8,11000,22,2
2026-06-12,B005,P016,39,4.9,900,40,3
2026-06-13,B001,P001,40,6.0,4500,35,3
2026-06-13,B001,P002,35,3.8,6200,30,3
2026-06-13,B001,P003,39,6.7,3200,38,3
2026-06-13,B001,P004,27,3.3,4800,30,2
2026-06-13,B001,P005,34,5.0,18000,40,2
2026-06-13,B001,P006,29,2.2,4100,28,1
2026-06-13,B001,P007,26,3.1,9500,28,3
2026-06-13,B001,P008,26,4.7,2500,30,3
2026-06-13,B001,P009,32,2.8,2800,28,2
2026-06-13,B001,P010,36,4.8,1400,35,1
2026-06-13,B001,P011,30,4.0,2200,30,1
2026-06-13,B001,P012,22,0.9,11000,18,2
2026-06-13,B001,P013,19,1.0,15000,16,3
2026-06-13,B001,P014,23,1.9,12500,22,2
2026-06-13,B001,P015,20,1.9,11000,22,2
2026-06-13,B001,P016,43,9.2,900,40,1
2026-06-13,B002,P001,38,6.9,4500,40,2
2026-06-13,B002,P002,28,3.7,6200,30,3
2026-06-13,B002,P003,34,3.1,3200,38,2
2026-06-13,B002,P004,28,4.6,4800,30,2
2026-06-13,B002,P005,36,1.8,18000,30,3
2026-06-13,B002,P006,26,4.0,4100,28,2
2026-06-13,B002,P007,27,2.0,9500,28,2
2026-06-13,B002,P008,28,2.7,2500,30,2
2026-06-13,B002,P009,32,2.5,2800,28,2
2026-06-13,B002,P010,31,3.9,1400,35,2
2026-06-13,B002,P011,30,3.4,2200,30,2
2026-06-13,B002,P012,18,1.0,11000,18,2
2026-06-13,B002,P013,16,0.8,15000,16,1
2026-06-13,B002,P014,23,1.9,12500,22,3
2026-06-13,B002,P015,26,2.3,11000,22,1
2026-06-13,B002,P016,39,6.8,900,40,2
2026-06-13,B003,P001,30,6.3,4500,35,3
2026-06-13,B003,P002,33,3.1,6200,30,2
2026-06-13,B003,P003,41,5.7,3200,38,2
2026-06-13,B003,P004,30,3.5,4800,30,2
2026-06-13,B003,P005,28,1.7,18000,25,1
2026-06-13,B003,P006,32,3.7,4100,28,2
2026-06-13,B003,P007,32,2.1,9500,28,3
2026-06-13,B003,P008,34,2.9,2500,30,3
2026-06-13,B003,P009,27,2.8,2800,28,3
2026-06-13,B003,P010,37,5.6,1400,35,1
2026-06-13,B003,P011,29,2.2,2200,30,2
2026-06-13,B003,P012,21,1.3,11000,18,2
2026-06-13,B003,P013,20,1.2,15000,16,2
2026-06-13,B003,P014,19,1.6,12500,22,3
2026-06-13,B003,P015,27,1.3,11000,22,2
2026-06-13,B003,P016,38,7.7,900,40,1
2026-06-13,B004,P001,39,2.8,4500,35,2
2026-06-13,B004,P002,24,4.9,6200,28,2
2026-06-13,B004,P003,39,3.0,3200,38,2
2026-06-13,B004,P004,28,3.2,4800,30,2
2026-06-13,B004,P005,30,1.3,18000,26,1
2026-06-13,B004,P006,32,1.8,4100,28,3
2026-06-13,B004,P007,25,1.6,9500,28,2
2026-06-13,B004,P008,34,2.5,2500,30,1
2026-06-13,B004,P009,25,1.8,2800,28,2
2026-06-13,B004,P010,36,5.5,1400,35,2
2026-06-13,B004,P011,33,2.6,2200,30,1
2026-06-13,B004,P012,16,0.9,11000,18,2
2026-06-13,B004,P013,21,0.8,15000,16,1
2026-06-13,B004,P014,23,1.4,12500,22,1
2026-06-13,B004,P015,26,1.3,11000,22,2
2026-06-13,B004,P016,37,5.5,900,40,1
2026-06-13,B005,P001,38,2.9,4500,35,2
2026-06-13,B005,P002,35,2.2,6200,30,1
2026-06-13,B005,P003,46,0.9,3200,40,1
2026-06-13,B005,P004,26,2.4,4800,30,2
2026-06-13,B005,P005,28,1.6,18000,26,2
2026-06-13,B005,P006,30,2.3,4100,28,2
2026-06-13,B005,P007,29,1.4,9500,28,3
2026-06-13,B005,P008,35,2.6,2500,30,2
2026-06-13,B005,P009,27,2.0,2800,28,2
2026-06-13,B005,P010,40,3.6,1400,35,1
2026-06-13,B005,P011,32,2.1,2200,30,3
2026-06-13,B005,P012,23,0.7,11000,18,2
2026-06-13,B005,P013,19,0.6,15000,16,1
2026-06-13,B005,P014,18,1.0,12500,22,2
2026-06-13,B005,P015,21,1.1,11000,22,2
2026-06-13,B005,P016,41,5.4,900,40,2
2026-06-14,B001,P001,32,5.6,4500,35,3
2026-06-14,B001,P002,27,3.9,6200,30,1
2026-06-14,B001,P003,37,3.3,3200,38,3
2026-06-14,B001,P004,32,3.6,4800,30,2
2026-06-14,B001,P005,33,5.0,18000,40,2
2026-06-14,B001,P006,28,2.8,4100,28,2
2026-06-14,B001,P007,31,3.0,9500,28,1
2026-06-14,B001,P008,28,2.8,2500,30,3
2026-06-14,B001,P009,24,3.9,2800,28,2
2026-06-14,B001,P010,39,5.7,1400,35,2
2026-06-14,B001,P011,33,2.6,2200,30,3
2026-06-14,B001,P012,14,1.7,11000,18,2
2026-06-14,B001,P013,16,0.8,15000,16,2
2026-06-14,B001,P014,20,1.4,12500,22,1
2026-06-14,B001,P015,23,2.2,11000,22,2
2026-06-14,B001,P016,45,10.4,900,40,1
2026-06-14,B002,P001,36,7.2,4500,40,2
2026-06-14,B002,P002,26,3.1,6200,30,2
2026-06-14,B002,P003,39,4.7,3200,38,3
2026-06-14,B002,P004,31,2.8,4800,30,1
2026-06-14,B002,P005,36,2.7,18000,30,3
2026-06-14,B002,P006,32,3.7,4100,28,3
2026-06-14,B002,P007,33,1.3,9500,28,2
2026-06-14,B002,P008,28,3.9,2500,30,1
2026-06-14,B002,P009,29,2.3,2800,28,2
2026-06-14,B002,P010,39,7.1,1400,35,2
2026-06-14,B002,P011,28,3.3,2200,30,3
2026-06-14,B002,P012,17,1.2,11000,18,2
2026-06-14,B002,P013,16,0.9,15000,16,2
2026-06-14,B002,P014,24,2.4,12500,22,1
2026-06-14,B002,P015,21,1.5,11000,22,2
2026-06-14,B002,P016,43,6.3,900,40,1
2026-06-14,B003,P001,31,5.9,4500,35,3
2026-06-14,B003,P002,28,3.5,6200,30,1
2026-06-14,B003,P003,41,4.4,3200,38,2
2026-06-14,B003,P004,29,3.1,4800,30,2
2026-06-14,B003,P005,28,2.7,18000,25,3
2026-06-14,B003,P006,28,2.5,4100,28,2
2026-06-14,B003,P007,25,2.3,9500,28,2
2026-06-14,B003,P008,35,2.8,2500,30,2
2026-06-14,B003,P009,26,2.4,2800,28,2
2026-06-14,B003,P010,35,4.4,1400,35,2
2026-06-14,B003,P011,34,3.3,2200,30,2
2026-06-14,B003,P012,16,0.8,11000,18,3
2026-06-14,B003,P013,19,0.9,15000,16,2
2026-06-14,B003,P014,18,0.9,12500,22,1
2026-06-14,B003,P015,26,1.2,11000,22,1
2026-06-14,B003,P016,37,7.0,900,40,2
2026-06-14,B004,P001,36,3.0,4500,35,1
2026-06-14,B004,P002,22,4.9,6200,28,2
2026-06-14,B004,P003,39,4.3,3200,38,2
2026-06-14,B004,P004,31,2.1,4800,30,2
2026-06-14,B004,P005,28,1.7,18000,26,2
2026-06-14,B004,P006,25,2.6,4100,28,1
2026-06-14,B004,P007,25,2.2,9500,28,2
2026-06-14,B004,P008,32,1.8,2500,30,2
2026-06-14,B004,P009,33,1.7,2800,28,2
2026-06-14,B004,P010,40,5.1,1400,35,3
2026-06-14,B004,P011,32,2.6,2200,30,1
2026-06-14,B004,P012,17,0.9,11000,18,2
2026-06-14,B004,P013,13,0.9,15000,16,2
2026-06-14,B004,P014,21,1.2,12500,22,2
2026-06-14,B004,P015,27,1.5,11000,22,2
2026-06-14,B004,P016,45,5.5,900,40,2
2026-06-14,B005,P001,38,2.5,4500,35,2
2026-06-14,B005,P002,31,2.6,6200,30,1
2026-06-14,B005,P003,50,1.6,3200,40,2
2026-06-14,B005,P004,34,3.1,4800,30,1
2026-06-14,B005,P005,28,1.0,18000,26,3
2026-06-14,B005,P006,32,2.1,4100,28,1
2026-06-14,B005,P007,30,1.2,9500,28,1
2026-06-14,B005,P008,28,1.5,2500,30,2
2026-06-14,B005,P009,28,1.5,2800,28,2
2026-06-14,B005,P010,36,2.7,1400,35,2
2026-06-14,B005,P011,35,2.1,2200,30,2
2026-06-14,B005,P012,23,0.7,11000,18,2
2026-06-14,B005,P013,19,0.4,15000,16,2
2026-06-14,B005,P014,27,0.8,12500,22,1
2026-06-14,B005,P015,19,1.2,11000,22,3
2026-06-14,B005,P016,37,3.9,900,40,3
2026-06-15,B001,P001,37,3.1,4500,35,2
2026-06-15,B001,P002,27,3.2,6200,30,2
2026-06-15,B001,P003,34,4.6,3200,38,3
2026-06-15,B001,P004,35,3.2,4800,30,1
2026-06-15,B001,P005,33,5.0,18000,40,2
2026-06-15,B001,P006,31,2.8,4100,28,2
2026-06-15,B001,P007,33,1.6,9500,28,1
2026-06-15,B001,P008,29,3.1,2500,30,2
2026-06-15,B001,P009,24,2.0,2800,28,2
2026-06-15,B001,P010,40,3.5,1400,35,2
2026-06-15,B001,P011,31,2.6,2200,30,3
2026-06-15,B001,P012,19,1.1,11000,18,3
2026-06-15,B001,P013,14,0.6,15000,16,3
2026-06-15,B001,P014,19,1.2,12500,22,1
2026-06-15,B001,P015,24,1.5,11000,22,2
2026-06-15,B001,P016,45,6.9,900,40,2
2026-06-15,B002,P001,35,6.0,4500,40,3
2026-06-15,B002,P002,32,3.8,6200,30,3
2026-06-15,B002,P003,42,2.0,3200,38,2
2026-06-15,B002,P004,33,4.1,4800,30,2
2026-06-15,B002,P005,34,2.8,18000,30,2
2026-06-15,B002,P006,24,2.2,4100,28,3
2026-06-15,B002,P007,25,1.2,9500,28,2
2026-06-15,B002,P008,33,2.3,2500,30,1
2026-06-15,B002,P009,27,2.4,2800,28,3
2026-06-15,B002,P010,36,3.1,1400,35,3
2026-06-15,B002,P011,32,2.0,2200,30,3
2026-06-15,B002,P012,23,1.0,11000,18,2
2026-06-15,B002,P013,20,0.6,15000,16,2
2026-06-15,B002,P014,20,0.8,12500,22,1
2026-06-15,B002,P015,18,1.3,11000,22,2
2026-06-15,B002,P016,41,8.4,900,40,2
2026-06-15,B003,P001,30,5.0,4500,35,1
2026-06-15,B003,P002,30,2.5,6200,30,3
2026-06-15,B003,P003,39,4.6,3200,38,2
2026-06-15,B003,P004,33,3.2,4800,30,3
2026-06-15,B003,P005,30,1.2,18000,25,2
2026-06-15,B003,P006,26,2.2,4100,28,2
2026-06-15,B003,P007,31,0.9,9500,28,1
2026-06-15,B003,P008,31,2.8,2500,30,2
2026-06-15,B003,P009,25,2.1,2800,28,3
2026-06-15,B003,P010,39,3.0,1400,35,2
2026-06-15,B003,P011,29,2.3,2200,30,2
2026-06-15,B003,P012,14,0.8,11000,18,2
2026-06-15,B003,P013,14,0.9,15000,16,1
2026-06-15,B003,P014,25,1.7,12500,22,3
2026-06-15,B003,P015,18,1.6,11000,22,2
2026-06-15,B003,P016,42,6.0,900,40,1
2026-06-15,B004,P001,40,2.8,4500,35,2
2026-06-15,B004,P002,23,3.8,6200,28,2
2026-06-15,B004,P003,41,2.6,3200,38,1
2026-06-15,B004,P004,30,2.3,4800,30,1
2026-06-15,B004,P005,28,1.1,18000,26,3
2026-06-15,B004,P006,32,1.5,4100,28,2
2026-06-15,B004,P007,25,1.6,9500,28,1
2026-06-15,B004,P008,31,2.8,2500,30,2
2026-06-15,B004,P009,32,2.2,2800,28,2
2026-06-15,B004,P010,32,4.5,1400,35,3
2026-06-15,B004,P011,26,2.8,2200,30,2
2026-06-15,B004,P012,20,0.6,11000,18,1
2026-06-15,B004,P013,12,0.9,15000,16,2
2026-06-15,B004,P014,23,1.0,12500,22,3
2026-06-15,B004,P015,23,1.3,11000,22,2
2026-06-15,B004,P016,36,3.5,900,40,3
2026-06-15,B005,P001,31,2.0,4500,35,2
2026-06-15,B005,P002,33,2.2,6200,30,2
2026-06-15,B005,P003,52,1.6,3200,40,1
2026-06-15,B005,P004,32,1.8,4800,30,3
2026-06-15,B005,P005,28,1.2,18000,26,3
2026-06-15,B005,P006,26,1.5,4100,28,2
2026-06-15,B005,P007,29,1.1,9500,28,2
2026-06-15,B005,P008,34,1.6,2500,30,1
2026-06-15,B005,P009,32,1.1,2800,28,1
2026-06-15,B005,P010,35,3.0,1400,35,2
2026-06-15,B005,P011,26,1.5,2200,30,2
2026-06-15,B005,P012,16,0.5,11000,18,3
2026-06-15,B005,P013,21,0.4,15000,16,1
2026-06-15,B005,P014,27,0.9,12500,22,2
2026-06-15,B005,P015,24,1.0,11000,22,2
2026-06-15,B005,P016,39,4.5,900,40,2
2026-06-16,B001,P001,32,4.0,4500,35,2
2026-06-16,B001,P002,29,2.9,6200,30,2
2026-06-16,B001,P003,41,4.0,3200,38,1
2026-06-16,B001,P004,30,3.1,4800,30,1
2026-06-16,B001,P005,33,5.0,18000,40,2
2026-06-16,B001,P006,32,2.5,4100,28,2
2026-06-16,B001,P007,30,1.6,9500,28,1
2026-06-16,B001,P008,34,3.2,2500,30,2
2026-06-16,B001,P009,24,3.0,2800,28,1
2026-06-16,B001,P010,33,3.7,1400,35,2
2026-06-16,B001,P011,32,2.5,2200,30,2
2026-06-16,B001,P012,15,0.7,11000,18,2
2026-06-16,B001,P013,17,0.7,15000,16,1
2026-06-16,B001,P014,20,1.3,12500,22,2
2026-06-16,B001,P015,23,1.6,11000,22,3
2026-06-16,B001,P016,36,7.1,900,40,3
2026-06-16,B002,P001,35,5.8,4500,40,2
2026-06-16,B002,P002,27,3.9,6200,30,1
2026-06-16,B002,P003,34,4.3,3200,38,2
2026-06-16,B002,P004,32,2.0,4800,30,1
2026-06-16,B002,P005,35,2.6,18000,30,2
2026-06-16,B002,P006,25,2.5,4100,28,2
2026-06-16,B002,P007,32,1.2,9500,28,1
2026-06-16,B002,P008,30,2.4,2500,30,2
2026-06-16,B002,P009,32,2.2,2800,28,1
2026-06-16,B002,P010,35,3.8,1400,35,2
2026-06-16,B002,P011,27,1.8,2200,30,3
2026-06-16,B002,P012,14,0.9,11000,18,2
2026-06-16,B002,P013,12,0.9,15000,16,2
2026-06-16,B002,P014,18,1.5,12500,22,1
2026-06-16,B002,P015,26,1.9,11000,22,2
2026-06-16,B002,P016,42,8.0,900,40,2
2026-06-16,B003,P001,30,5.8,4500,35,2
2026-06-16,B003,P002,32,2.3,6200,30,1
2026-06-16,B003,P003,42,4.2,3200,38,2
2026-06-16,B003,P004,26,2.8,4800,30,2
2026-06-16,B003,P005,27,1.7,18000,25,3
2026-06-16,B003,P006,24,2.0,4100,28,1
2026-06-16,B003,P007,33,1.9,9500,28,2
2026-06-16,B003,P008,27,2.9,2500,30,1
2026-06-16,B003,P009,26,2.3,2800,28,1
2026-06-16,B003,P010,33,3.9,1400,35,2
2026-06-16,B003,P011,28,1.7,2200,30,2
2026-06-16,B003,P012,16,0.8,11000,18,2
2026-06-16,B003,P013,17,0.8,15000,16,1
2026-06-16,B003,P014,23,1.3,12500,22,3
2026-06-16,B003,P015,26,1.4,11000,22,3
2026-06-16,B003,P016,41,6.4,900,40,3
2026-06-16,B004,P001,31,2.4,4500,35,1
2026-06-16,B004,P002,22,3.9,6200,28,3
2026-06-16,B004,P003,34,3.7,3200,38,1
2026-06-16,B004,P004,33,2.6,4800,30,3
2026-06-16,B004,P005,31,1.1,18000,26,3
2026-06-16,B004,P006,31,1.7,4100,28,2
2026-06-16,B004,P007,24,1.3,9500,28,1
2026-06-16,B004,P008,29,2.3,2500,30,2
2026-06-16,B004,P009,32,1.7,2800,28,2
2026-06-16,B004,P010,37,3.6,1400,35,3
2026-06-16,B004,P011,34,1.5,2200,30,2
2026-06-16,B004,P012,15,0.7,11000,18,2
2026-06-16,B004,P013,16,0.5,15000,16,1
2026-06-16,B004,P014,19,1.0,12500,22,2
2026-06-16,B004,P015,18,1.0,11000,22,1
2026-06-16,B004,P016,37,5.7,900,40,1
2026-06-16,B005,P001,33,2.5,4500,35,2
2026-06-16,B005,P002,29,1.9,6200,30,3
2026-06-16,B005,P003,48,1.1,3200,40,2
2026-06-16,B005,P004,34,1.5,4800,30,2
2026-06-16,B005,P005,25,1.1,18000,26,3
2026-06-16,B005,P006,27,1.7,4100,28,2
2026-06-16,B005,P007,29,0.7,9500,28,2
2026-06-16,B005,P008,35,1.8,2500,30,2
2026-06-16,B005,P009,26,1.5,2800,28,3
2026-06-16,B005,P010,39,2.0,1400,35,2
2026-06-16,B005,P011,27,1.7,2200,30,1
2026-06-16,B005,P012,15,0.4,11000,18,2
2026-06-16,B005,P013,12,0.4,15000,16,2
2026-06-16,B005,P014,18,0.6,12500,22,1
2026-06-16,B005,P015,27,0.8,11000,22,3
2026-06-16,B005,P016,39,3.2,900,40,1
2026-06-17,B001,P001,34,4.5,4500,35,2
2026-06-17,B001,P002,32,2.9,6200,30,2
2026-06-17,B001,P003,39,3.7,3200,38,3
2026-06-17,B001,P004,30,4.0,4800,30,2
2026-06-17,B001,P005,32,5.0,18000,40,2
2026-06-17,B001,P006,27,3.0,4100,28,2
2026-06-17,B001,P007,30,1.9,9500,28,1
2026-06-17,B001,P008,28,3.5,2500,30,1
2026-06-17,B001,P009,25,2.3,2800,28,1
2026-06-17,B001,P010,37,5.2,1400,35,1
2026-06-17,B001,P011,26,3.0,2200,30,2
2026-06-17,B001,P012,17,0.7,11000,18,2
2026-06-17,B001,P013,17,1.2,15000,16,1
2026-06-17,B001,P014,22,1.8,12500,22,2
2026-06-17,B001,P015,25,1.0,11000,22,3
2026-06-17,B001,P016,40,7.3,900,40,1
2026-06-17,B002,P001,35,5.5,4500,40,3
2026-06-17,B002,P002,35,3.1,6200,30,1
2026-06-17,B002,P003,38,3.3,3200,38,2
2026-06-17,B002,P004,27,2.3,4800,30,3
2026-06-17,B002,P005,37,1.9,18000,30,3
2026-06-17,B002,P006,30,2.9,4100,28,2
2026-06-17,B002,P007,24,1.2,9500,28,3
2026-06-17,B002,P008,27,2.2,2500,30,3
2026-06-17,B002,P009,27,2.2,2800,28,3
2026-06-17,B002,P010,35,4.5,1400,35,1
2026-06-17,B002,P011,34,1.7,2200,30,1
2026-06-17,B002,P012,22,0.9,11000,18,1
2026-06-17,B002,P013,20,0.7,15000,16,2
2026-06-17,B002,P014,20,1.5,12500,22,2
2026-06-17,B002,P015,20,1.5,11000,22,1
2026-06-17,B002,P016,38,8.4,900,40,1
2026-06-17,B003,P001,30,4.8,4500,35,2
2026-06-17,B003,P002,35,2.0,6200,30,2
2026-06-17,B003,P003,41,4.6,3200,38,3
2026-06-17,B003,P004,27,3.0,4800,30,1
2026-06-17,B003,P005,29,1.6,18000,25,3
2026-06-17,B003,P006,31,2.9,4100,28,3
2026-06-17,B003,P007,31,1.4,9500,28,3
2026-06-17,B003,P008,26,1.5,2500,30,3
2026-06-17,B003,P009,24,2.4,2800,28,1
2026-06-17,B003,P010,35,3.4,1400,35,2
2026-06-17,B003,P011,31,3.0,2200,30,2
2026-06-17,B003,P012,20,0.7,11000,18,3
2026-06-17,B003,P013,15,0.6,15000,16,2
2026-06-17,B003,P014,23,0.9,12500,22,1
2026-06-17,B003,P015,21,1.2,11000,22,2
2026-06-17,B003,P016,42,5.7,900,40,2
2026-06-17,B004,P001,32,2.5,4500,35,1
2026-06-17,B004,P002,23,3.9,6200,28,3
2026-06-17,B004,P003,37,3.2,3200,38,2
2026-06-17,B004,P004,32,2.2,4800,30,1
2026-06-17,B004,P005,31,1.3,18000,26,2
2026-06-17,B004,P006,24,2.4,4100,28,2
2026-06-17,B004,P007,28,2.1,9500,28,3
2026-06-17,B004,P008,31,2.3,2500,30,1
2026-06-17,B004,P009,33,1.4,2800,28,2
2026-06-17,B004,P010,36,3.1,1400,35,2
2026-06-17,B004,P011,34,1.8,2200,30,1
2026-06-17,B004,P012,16,0.8,11000,18,3
2026-06-17,B004,P013,14,0.6,15000,16,2
2026-06-17,B004,P014,26,1.3,12500,22,1
2026-06-17,B004,P015,18,0.8,11000,22,2
2026-06-17,B004,P016,44,5.3,900,40,1
2026-06-17,B005,P001,35,2.6,4500,35,2
2026-06-17,B005,P002,26,2.0,6200,30,3
2026-06-17,B005,P003,49,1.1,3200,40,2
2026-06-17,B005,P004,28,1.9,4800,30,2
2026-06-17,B005,P005,24,0.9,18000,26,3
2026-06-17,B005,P006,25,1.6,4100,28,2
2026-06-17,B005,P007,24,1.2,9500,28,2
2026-06-17,B005,P008,28,1.2,2500,30,1
2026-06-17,B005,P009,31,1.6,2800,28,1
2026-06-17,B005,P010,39,3.2,1400,35,2
2026-06-17,B005,P011,29,1.5,2200,30,1
2026-06-17,B005,P012,18,0.6,11000,18,2
2026-06-17,B005,P013,17,0.4,15000,16,3
2026-06-17,B005,P014,26,0.9,12500,22,2
2026-06-17,B005,P015,26,0.8,11000,22,1
2026-06-17,B005,P016,41,1.9,900,40,2
2026-06-18,B001,P001,33,4.6,4500,35,1
2026-06-18,B001,P002,31,2.4,6200,30,2
2026-06-18,B001,P003,37,4.0,3200,38,2
2026-06-18,B001,P004,31,3.4,4800,30,3
2026-06-18,B001,P005,32,5.0,18000,40,2
2026-06-18,B001,P006,32,3.0,4100,28,2
2026-06-18,B001,P007,25,1.7,9500,28,2
2026-06-18,B001,P008,32,3.0,2500,30,3
2026-06-18,B001,P009,33,2.2,2800,28,3
2026-06-18,B001,P010,39,3.2,1400,35,2
2026-06-18,B001,P011,26,2.5,2200,30,1
2026-06-18,B001,P012,20,1.0,11000,18,3
2026-06-18,B001,P013,13,0.6,15000,16,3
2026-06-18,B001,P014,18,1.4,12500,22,3
2026-06-18,B001,P015,22,2.1,11000,22,3
2026-06-18,B001,P016,39,6.8,900,40,2
2026-06-18,B002,P001,34,5.8,4500,40,1
2026-06-18,B002,P002,32,2.5,6200,30,2
2026-06-18,B002,P003,37,2.4,3200,38,3
2026-06-18,B002,P004,30,2.3,4800,30,3
2026-06-18,B002,P005,35,2.3,18000,30,2
2026-06-18,B002,P006,32,2.4,4100,28,3
2026-06-18,B002,P007,25,1.4,9500,28,3
2026-06-18,B002,P008,28,3.1,2500,30,2
2026-06-18,B002,P009,24,2.5,2800,28,3
2026-06-18,B002,P010,36,3.2,1400,35,2
2026-06-18,B002,P011,33,3.1,2200,30,1
2026-06-18,B002,P012,23,0.8,11000,18,3
2026-06-18,B002,P013,15,0.4,15000,16,1
2026-06-18,B002,P014,20,1.2,12500,22,2
2026-06-18,B002,P015,21,1.4,11000,22,2
2026-06-18,B002,P016,45,7.5,900,40,2
2026-06-18,B003,P001,29,5.4,4500,35,2
2026-06-18,B003,P002,32,3.2,6200,30,1
2026-06-18,B003,P003,39,5.5,3200,38,2
2026-06-18,B003,P004,34,3.0,4800,30,2
2026-06-18,B003,P005,30,2.4,18000,25,2
2026-06-18,B003,P006,26,1.6,4100,28,3
2026-06-18,B003,P007,32,1.4,9500,28,3
2026-06-18,B003,P008,34,1.9,2500,30,1
2026-06-18,B003,P009,32,1.7,2800,28,3
2026-06-18,B003,P010,37,3.8,1400,35,3
2026-06-18,B003,P011,31,3.1,2200,30,2
2026-06-18,B003,P012,23,0.8,11000,18,2
2026-06-18,B003,P013,21,0.9,15000,16,1
2026-06-18,B003,P014,27,1.1,12500,22,2
2026-06-18,B003,P015,27,1.2,11000,22,1
2026-06-18,B003,P016,36,4.1,900,40,1
2026-06-18,B004,P001,33,3.8,4500,35,3
2026-06-18,B004,P002,21,4.7,6200,28,3
2026-06-18,B004,P003,35,2.4,3200,38,2
2026-06-18,B004,P004,34,2.7,4800,30,2
2026-06-18,B004,P005,33,0.9,18000,26,1
2026-06-18,B004,P006,27,1.5,4100,28,2
2026-06-18,B004,P007,28,1.8,9500,28,1
2026-06-18,B004,P008,27,1.3,2500,30,2
2026-06-18,B004,P009,32,2.0,2800,28,2
2026-06-18,B004,P010,34,3.2,1400,35,2
2026-06-18,B004,P011,28,2.1,2200,30,3
2026-06-18,B004,P012,18,0.8,11000,18,2
2026-06-18,B004,P013,18,0.6,15000,16,2
2026-06-18,B004,P014,25,1.0,12500,22,1
2026-06-18,B004,P015,27,1.3,11000,22,2
2026-06-18,B004,P016,45,6.4,900,40,3
2026-06-18,B005,P001,39,2.7,4500,35,2
2026-06-18,B005,P002,34,1.9,6200,30,1
2026-06-18,B005,P003,49,1.3,3200,40,3
2026-06-18,B005,P004,28,1.6,4800,30,2
2026-06-18,B005,P005,24,1.0,18000,26,3
2026-06-18,B005,P006,31,1.7,4100,28,2
2026-06-18,B005,P007,24,1.3,9500,28,3
2026-06-18,B005,P008,32,2.0,2500,30,2
2026-06-18,B005,P009,27,1.8,2800,28,3
2026-06-18,B005,P010,40,2.1,1400,35,2
2026-06-18,B005,P011,33,2.0,2200,30,3
2026-06-18,B005,P012,18,0.6,11000,18,3
2026-06-18,B005,P013,14,0.4,15000,16,3
2026-06-18,B005,P014,20,0.6,12500,22,1
2026-06-18,B005,P015,23,1.1,11000,22,3
2026-06-18,B005,P016,39,4.1,900,40,3
2026-06-19,B001,P001,37,3.5,4500,35,2
2026-06-19,B001,P002,26,3.0,6200,30,2
2026-06-19,B001,P003,38,4.6,3200,38,3
2026-06-19,B001,P004,31,3.2,4800,30,1
2026-06-19,B001,P005,32,5.0,18000,40,2
2026-06-19,B001,P006,26,2.3,4100,28,2
2026-06-19,B001,P007,26,1.9,9500,28,2
2026-06-19,B001,P008,29,2.0,2500,30,1
2026-06-19,B001,P009,32,3.0,2800,28,2
2026-06-19,B001,P010,37,5.8,1400,35,2
2026-06-19,B001,P011,27,2.8,2200,30,2
2026-06-19,B001,P012,23,1.1,11000,18,1
2026-06-19,B001,P013,14,0.9,15000,16,1
2026-06-19,B001,P014,26,1.4,12500,22,2
2026-06-19,B001,P015,23,1.4,11000,22,1
2026-06-19,B001,P016,42,6.5,900,40,1
2026-06-19,B002,P001,35,6.5,4500,40,1
2026-06-19,B002,P002,33,2.3,6200,30,2
2026-06-19,B002,P003,37,3.1,3200,38,1
2026-06-19,B002,P004,26,3.5,4800,30,1
2026-06-19,B002,P005,36,2.5,18000,30,2
2026-06-19,B002,P006,26,2.7,4100,28,1
2026-06-19,B002,P007,32,1.3,9500,28,2
2026-06-19,B002,P008,26,2.7,2500,30,2
2026-06-19,B002,P009,27,2.0,2800,28,2
2026-06-19,B002,P010,33,5.6,1400,35,3
2026-06-19,B002,P011,28,1.8,2200,30,3
2026-06-19,B002,P012,17,1.0,11000,18,3
2026-06-19,B002,P013,15,0.9,15000,16,2
2026-06-19,B002,P014,19,1.2,12500,22,2
2026-06-19,B002,P015,18,0.8,11000,22,3
2026-06-19,B002,P016,45,6.5,900,40,1
2026-06-19,B003,P001,30,4.4,4500,35,2
2026-06-19,B003,P002,29,3.7,6200,30,1
2026-06-19,B003,P003,35,3.5,3200,38,2
2026-06-19,B003,P004,34,3.9,4800,30,2
2026-06-19,B003,P005,29,1.7,18000,25,3
2026-06-19,B003,P006,31,2.4,4100,28,2
2026-06-19,B003,P007,27,2.0,9500,28,2
2026-06-19,B003,P008,28,2.3,2500,30,1
2026-06-19,B003,P009,31,1.8,2800,28,3
2026-06-19,B003,P010,35,2.6,1400,35,1
2026-06-19,B003,P011,27,2.6,2200,30,2
2026-06-19,B003,P012,17,0.6,11000,18,2
2026-06-19,B003,P013,18,0.7,15000,16,2
2026-06-19,B003,P014,18,0.8,12500,22,2
2026-06-19,B003,P015,18,1.5,11000,22,1
2026-06-19,B003,P016,43,6.8,900,40,2
2026-06-19,B004,P001,33,2.4,4500,35,2
2026-06-19,B004,P002,23,3.4,6200,28,1
2026-06-19,B004,P003,39,3.7,3200,38,1
2026-06-19,B004,P004,32,2.5,4800,30,2
2026-06-19,B004,P005,32,1.3,18000,26,2
2026-06-19,B004,P006,31,1.7,4100,28,3
2026-06-19,B004,P007,33,1.3,9500,28,3
2026-06-19,B004,P008,34,2.1,2500,30,3
2026-06-19,B004,P009,27,2.1,2800,28,2
2026-06-19,B004,P010,39,3.9,1400,35,3
2026-06-19,B004,P011,27,1.6,2200,30,2
2026-06-19,B004,P012,20,0.7,11000,18,3
2026-06-19,B004,P013,19,0.6,15000,16,3
2026-06-19,B004,P014,26,1.1,12500,22,3
2026-06-19,B004,P015,23,0.8,11000,22,2
2026-06-19,B004,P016,41,5.0,900,40,3
2026-06-19,B005,P001,35,2.1,4500,35,2
2026-06-19,B005,P002,35,2.3,6200,30,1
2026-06-19,B005,P003,51,1.9,3200,40,2
2026-06-19,B005,P004,33,2.1,4800,30,3
2026-06-19,B005,P005,26,1.1,18000,26,2
2026-06-19,B005,P006,25,1.8,4100,28,3
2026-06-19,B005,P007,29,1.5,9500,28,1
2026-06-19,B005,P008,33,1.8,2500,30,3
2026-06-19,B005,P009,32,1.5,2800,28,2
2026-06-19,B005,P010,33,3.0,1400,35,2
2026-06-19,B005,P011,31,1.1,2200,30,1
2026-06-19,B005,P012,21,0.4,11000,18,2
2026-06-19,B005,P013,15,0.5,15000,16,2
2026-06-19,B005,P014,20,0.9,12500,22,1
2026-06-19,B005,P015,19,0.6,11000,22,2
2026-06-19,B005,P016,39,5.9,900,40,2
2026-06-20,B001,P001,33,5.2,4500,35,2
2026-06-20,B001,P002,33,3.8,6200,30,1
2026-06-20,B001,P003,37,5.6,3200,38,2
2026-06-20,B001,P004,32,3.7,4800,30,2
2026-06-20,B001,P005,31,5.0,18000,40,2
2026-06-20,B001,P006,30,3.6,4100,28,3
2026-06-20,B001,P007,27,2.3,9500,28,2
2026-06-20,B001,P008,32,4.6,2500,30,1
2026-06-20,B001,P009,25,2.8,2800,28,3
2026-06-20,B001,P010,35,4.2,1400,35,3
2026-06-20,B001,P011,30,2.7,2200,30,1
2026-06-20,B001,P012,20,1.1,11000,18,3
2026-06-20,B001,P013,17,0.8,15000,16,1
2026-06-20,B001,P014,24,1.4,12500,22,2
2026-06-20,B001,P015,24,1.6,11000,22,2
2026-06-20,B001,P016,44,8.2,900,40,1
2026-06-20,B002,P001,34,7.5,4500,40,2
2026-06-20,B002,P002,32,3.7,6200,30,2
2026-06-20,B002,P003,38,4.5,3200,38,1
2026-06-20,B002,P004,26,3.1,4800,30,1
2026-06-20,B002,P005,37,2.9,18000,30,2
2026-06-20,B002,P006,28,3.4,4100,28,2
2026-06-20,B002,P007,30,2.0,9500,28,3
2026-06-20,B002,P008,35,3.9,2500,30,2
2026-06-20,B002,P009,32,2.6,2800,28,2
2026-06-20,B002,P010,38,5.5,1400,35,2
2026-06-20,B002,P011,35,3.1,2200,30,2
2026-06-20,B002,P012,15,0.9,11000,18,2
2026-06-20,B002,P013,18,1.4,15000,16,3
2026-06-20,B002,P014,19,1.6,12500,22,2
2026-06-20,B002,P015,23,1.5,11000,22,2
2026-06-20,B002,P016,38,6.8,900,40,2
2026-06-20,B003,P001,28,5.6,4500,35,2
2026-06-20,B003,P002,32,3.7,6200,30,2
2026-06-20,B003,P003,40,4.1,3200,38,2
2026-06-20,B003,P004,30,4.1,4800,30,1
2026-06-20,B003,P005,29,2.6,18000,25,2
2026-06-20,B003,P006,28,2.6,4100,28,2
2026-06-20,B003,P007,32,2.2,9500,28,2
2026-06-20,B003,P008,26,2.8,2500,30,2
2026-06-20,B003,P009,27,2.4,2800,28,2
2026-06-20,B003,P010,36,5.4,1400,35,1
2026-06-20,B003,P011,31,2.5,2200,30,2
2026-06-20,B003,P012,23,1.1,11000,18,2
2026-06-20,B003,P013,16,0.9,15000,16,2
2026-06-20,B003,P014,21,1.8,12500,22,3
2026-06-20,B003,P015,24,1.9,11000,22,2
2026-06-20,B003,P016,36,6.8,900,40,2
2026-06-20,B004,P001,39,3.7,4500,35,2
2026-06-20,B004,P002,21,5.6,6200,28,2
2026-06-20,B004,P003,37,4.1,3200,38,1
2026-06-20,B004,P004,28,1.9,4800,30,2
2026-06-20,B004,P005,30,0.9,18000,26,3
2026-06-20,B004,P006,26,3.2,4100,28,3
2026-06-20,B004,P007,25,1.2,9500,28,2
2026-06-20,B004,P008,30,2.7,2500,30,1
2026-06-20,B004,P009,33,1.9,2800,28,3
2026-06-20,B004,P010,35,5.6,1400,35,2
2026-06-20,B004,P011,35,2.7,2200,30,3
2026-06-20,B004,P012,18,0.8,11000,18,2
2026-06-20,B004,P013,21,0.6,15000,16,3
2026-06-20,B004,P014,27,1.3,12500,22,2
2026-06-20,B004,P015,19,1.2,11000,22,2
2026-06-20,B004,P016,41,6.8,900,40,3
2026-06-20,B005,P001,40,1.3,4500,35,2
2026-06-20,B005,P002,29,2.3,6200,30,3
2026-06-20,B005,P003,51,1.8,3200,40,1
2026-06-20,B005,P004,33,2.3,4800,30,2
2026-06-20,B005,P005,24,1.2,18000,26,2
2026-06-20,B005,P006,24,1.9,4100,28,3
2026-06-20,B005,P007,29,1.3,9500,28,2
2026-06-20,B005,P008,27,2.9,2500,30,2
2026-06-20,B005,P009,32,2.1,2800,28,3
2026-06-20,B005,P010,36,3.5,1400,35,2
2026-06-20,B005,P011,30,1.8,2200,30,2
2026-06-20,B005,P012,17,0.8,11000,18,2
2026-06-20,B005,P013,16,0.6,15000,16,1
2026-06-20,B005,P014,19,0.8,12500,22,2
2026-06-20,B005,P015,18,1.1,11000,22,1
2026-06-20,B005,P016,38,6.8,900,40,2
2026-06-21,B001,P001,31,5.1,4500,35,1
2026-06-21,B001,P002,32,3.5,6200,30,2
2026-06-21,B001,P003,36,3.6,3200,38,2
2026-06-21,B001,P004,32,4.3,4800,30,2
2026-06-21,B001,P005,31,5.0,18000,40,2
2026-06-21,B001,P006,26,1.8,4100,28,2
2026-06-21,B001,P007,30,3.3,9500,28,3
2026-06-21,B001,P008,26,3.0,2500,30,3
2026-06-21,B001,P009,25,2.4,2800,28,2
2026-06-21,B001,P010,37,5.3,1400,35,1
2026-06-21,B001,P011,34,2.0,2200,30,2
2026-06-21,B001,P012,14,1.2,11000,18,3
2026-06-21,B001,P013,14,1.1,15000,16,2
2026-06-21,B001,P014,27,2.0,12500,22,3
2026-06-21,B001,P015,25,2.5,11000,22,1
2026-06-21,B001,P016,41,6.7,900,40,1
2026-06-21,B002,P001,34,7.9,4500,40,3
2026-06-21,B002,P002,31,3.8,6200,30,1
2026-06-21,B002,P003,43,3.7,3200,38,2
2026-06-21,B002,P004,29,2.8,4800,30,1
2026-06-21,B002,P005,36,2.8,18000,30,1
2026-06-21,B002,P006,25,2.3,4100,28,2
2026-06-21,B002,P007,25,1.8,9500,28,2
2026-06-21,B002,P008,27,3.5,2500,30,2
2026-06-21,B002,P009,26,2.2,2800,28,2
2026-06-21,B002,P010,32,4.2,1400,35,3
2026-06-21,B002,P011,32,2.7,2200,30,2
2026-06-21,B002,P012,18,0.8,11000,18,1
2026-06-21,B002,P013,14,0.5,15000,16,1
2026-06-21,B002,P014,18,1.8,12500,22,1
2026-06-21,B002,P015,22,1.2,11000,22,2
2026-06-21,B002,P016,45,6.9,900,40,2
2026-06-21,B003,P001,29,6.4,4500,35,2
2026-06-21,B003,P002,28,2.3,6200,30,1
2026-06-21,B003,P003,42,3.0,3200,38,2
2026-06-21,B003,P004,27,2.4,4800,30,1
2026-06-21,B003,P005,28,1.7,18000,25,3
2026-06-21,B003,P006,32,4.5,4100,28,2
2026-06-21,B003,P007,29,1.4,9500,28,1
2026-06-21,B003,P008,30,3.0,2500,30,2
2026-06-21,B003,P009,25,2.2,2800,28,2
2026-06-21,B003,P010,33,5.4,1400,35,1
2026-06-21,B003,P011,35,2.6,2200,30,2
2026-06-21,B003,P012,19,1.1,11000,18,2
2026-06-21,B003,P013,14,1.0,15000,16,3
2026-06-21,B003,P014,18,1.1,12500,22,3
2026-06-21,B003,P015,20,1.4,11000,22,2
2026-06-21,B003,P016,39,8.6,900,40,2
2026-06-21,B004,P001,38,4.1,4500,35,2
2026-06-21,B004,P002,23,5.2,6200,28,2
2026-06-21,B004,P003,37,4.1,3200,38,2
2026-06-21,B004,P004,33,3.9,4800,30,2
2026-06-21,B004,P005,32,1.4,18000,26,1
2026-06-21,B004,P006,30,2.7,4100,28,2
2026-06-21,B004,P007,29,2.0,9500,28,2
2026-06-21,B004,P008,34,3.4,2500,30,2
2026-06-21,B004,P009,30,2.1,2800,28,1
2026-06-21,B004,P010,38,3.6,1400,35,2
2026-06-21,B004,P011,32,2.3,2200,30,1
2026-06-21,B004,P012,14,0.9,11000,18,2
2026-06-21,B004,P013,13,0.6,15000,16,2
2026-06-21,B004,P014,22,1.1,12500,22,2
2026-06-21,B004,P015,21,1.7,11000,22,3
2026-06-21,B004,P016,39,7.0,900,40,3
2026-06-21,B005,P001,35,2.7,4500,35,3
2026-06-21,B005,P002,33,1.8,6200,30,2
2026-06-21,B005,P003,50,1.4,3200,40,1
2026-06-21,B005,P004,27,2.6,4800,30,2
2026-06-21,B005,P005,25,1.6,18000,26,3
2026-06-21,B005,P006,33,2.2,4100,28,3
2026-06-21,B005,P007,27,1.2,9500,28,2
2026-06-21,B005,P008,30,2.5,2500,30,1
2026-06-21,B005,P009,24,1.7,2800,28,2
2026-06-21,B005,P010,37,2.5,1400,35,1
2026-06-21,B005,P011,27,1.7,2200,30,1
2026-06-21,B005,P012,17,0.8,11000,18,2
2026-06-21,B005,P013,19,0.5,15000,16,2
2026-06-21,B005,P014,23,0.8,12500,22,2
2026-06-21,B005,P015,23,1.0,11000,22,1
2026-06-21,B005,P016,36,4.5,900,40,2
2026-06-22,B001,P001,32,3.5,4500,35,2
2026-06-22,B001,P002,34,2.2,6200,30,1
2026-06-22,B001,P003,36,4.7,3200,38,1
2026-06-22,B001,P004,31,4.7,4800,30,2
2026-06-22,B001,P005,30,5.0,18000,40,2
2026-06-22,B001,P006,28,2.6,4100,28,2
2026-06-22,B001,P007,28,1.9,9500,28,2
2026-06-22,B001,P008,29,3.5,2500,30,3
2026-06-22,B001,P009,33,2.4,2800,28,2
2026-06-22,B001,P010,36,6.2,1400,35,3
2026-06-22,B001,P011,29,2.5,2200,30,2
2026-06-22,B001,P012,22,1.1,11000,18,3
2026-06-22,B001,P013,15,0.8,15000,16,3
2026-06-22,B001,P014,26,1.5,12500,22,2
2026-06-22,B001,P015,27,1.0,11000,22,2
2026-06-22,B001,P016,43,5.6,900,40,3
2026-06-22,B002,P001,33,6.1,4500,40,2
2026-06-22,B002,P002,29,2.1,6200,30,2
2026-06-22,B002,P003,35,4.1,3200,38,3
2026-06-22,B002,P004,30,2.5,4800,30,2
2026-06-22,B002,P005,38,3.0,18000,30,3
2026-06-22,B002,P006,25,2.2,4100,28,2
2026-06-22,B002,P007,27,1.6,9500,28,1
2026-06-22,B002,P008,26,2.6,2500,30,3
2026-06-22,B002,P009,25,1.7,2800,28,3
2026-06-22,B002,P010,31,4.1,1400,35,2
2026-06-22,B002,P011,26,2.2,2200,30,2
2026-06-22,B002,P012,18,1.0,11000,18,2
2026-06-22,B002,P013,12,0.8,15000,16,2
2026-06-22,B002,P014,18,1.4,12500,22,2
2026-06-22,B002,P015,22,1.6,11000,22,2
2026-06-22,B002,P016,36,7.0,900,40,1
2026-06-22,B003,P001,29,5.0,4500,35,2
2026-06-22,B003,P002,30,2.3,6200,30,2
2026-06-22,B003,P003,39,3.8,3200,38,2
2026-06-22,B003,P004,34,2.8,4800,30,1
2026-06-22,B003,P005,30,0.8,18000,25,2
2026-06-22,B003,P006,27,2.3,4100,28,2
2026-06-22,B003,P007,32,1.9,9500,28,3
2026-06-22,B003,P008,29,2.1,2500,30,3
2026-06-22,B003,P009,31,1.8,2800,28,3
2026-06-22,B003,P010,34,3.6,1400,35,2
2026-06-22,B003,P011,35,2.6,2200,30,2
2026-06-22,B003,P012,15,0.7,11000,18,2
2026-06-22,B003,P013,20,0.7,15000,16,2
2026-06-22,B003,P014,22,0.8,12500,22,3
2026-06-22,B003,P015,24,1.5,11000,22,1
2026-06-22,B003,P016,37,6.1,900,40,1
2026-06-22,B004,P001,33,2.1,4500,35,1
2026-06-22,B004,P002,22,3.4,6200,28,2
2026-06-22,B004,P003,42,3.2,3200,38,3
2026-06-22,B004,P004,31,2.6,4800,30,1
2026-06-22,B004,P005,33,1.0,18000,26,3
2026-06-22,B004,P006,25,1.9,4100,28,1
2026-06-22,B004,P007,32,0.7,9500,28,1
2026-06-22,B004,P008,32,2.7,2500,30,3
2026-06-22,B004,P009,31,1.9,2800,28,2
2026-06-22,B004,P010,31,3.0,1400,35,2
2026-06-22,B004,P011,28,1.6,2200,30,1
2026-06-22,B004,P012,17,0.8,11000,18,2
2026-06-22,B004,P013,13,0.5,15000,16,1
2026-06-22,B004,P014,19,0.9,12500,22,2
2026-06-22,B004,P015,18,0.9,11000,22,2
2026-06-22,B004,P016,42,5.9,900,40,2
2026-06-22,B005,P001,31,2.7,4500,35,2
2026-06-22,B005,P002,27,1.7,6200,30,2
2026-06-22,B005,P003,51,1.8,3200,40,3
2026-06-22,B005,P004,30,2.1,4800,30,2
2026-06-22,B005,P005,28,0.8,18000,26,1
2026-06-22,B005,P006,27,2.1,4100,28,3
2026-06-22,B005,P007,29,0.8,9500,28,1
2026-06-22,B005,P008,34,1.7,2500,30,3
2026-06-22,B005,P009,30,1.3,2800,28,2
2026-06-22,B005,P010,40,2.6,1400,35,3
2026-06-22,B005,P011,30,1.0,2200,30,2
2026-06-22,B005,P012,18,0.8,11000,18,2
2026-06-22,B005,P013,15,0.3,15000,16,1
2026-06-22,B005,P014,24,1.1,12500,22,3
2026-06-22,B005,P015,20,0.8,11000,22,1
2026-06-22,B005,P016,40,3.7,900,40,2
2026-06-23,B001,P001,37,4.7,4500,35,1
2026-06-23,B001,P002,31,3.3,6200,30,2
2026-06-23,B001,P003,43,3.0,3200,38,2
2026-06-23,B001,P004,33,2.4,4800,30,3
2026-06-23,B001,P005,30,5.0,18000,40,2
2026-06-23,B001,P006,26,2.1,4100,28,3
2026-06-23,B001,P007,30,1.7,9500,28,2
2026-06-23,B001,P008,30,3.5,2500,30,2
2026-06-23,B001,P009,31,2.3,2800,28,2
2026-06-23,B001,P010,40,3.8,1400,35,1
2026-06-23,B001,P011,34,2.0,2200,30,1
2026-06-23,B001,P012,16,1.0,11000,18,2
2026-06-23,B001,P013,16,0.5,15000,16,3
2026-06-23,B001,P014,20,1.7,12500,22,3
2026-06-23,B001,P015,18,1.1,11000,22,1
2026-06-23,B001,P016,42,6.9,900,40,1
2026-06-23,B002,P001,33,6.0,4500,40,3
2026-06-23,B002,P002,31,2.3,6200,30,3
2026-06-23,B002,P003,35,4.4,3200,38,1
2026-06-23,B002,P004,27,3.3,4800,30,1
2026-06-23,B002,P005,37,2.6,18000,30,2
2026-06-23,B002,P006,28,1.7,4100,28,1
2026-06-23,B002,P007,29,1.7,9500,28,2
2026-06-23,B002,P008,32,1.6,2500,30,2
2026-06-23,B002,P009,31,3.0,2800,28,2
2026-06-23,B002,P010,34,4.0,1400,35,1
2026-06-23,B002,P011,27,2.7,2200,30,1
2026-06-23,B002,P012,17,0.8,11000,18,1
2026-06-23,B002,P013,18,0.8,15000,16,3
2026-06-23,B002,P014,25,1.2,12500,22,3
2026-06-23,B002,P015,26,1.4,11000,22,2
2026-06-23,B002,P016,42,7.8,900,40,3
2026-06-23,B003,P001,27,5.6,4500,35,3
2026-06-23,B003,P002,35,3.4,6200,30,2
2026-06-23,B003,P003,40,5.8,3200,38,1
2026-06-23,B003,P004,34,2.4,4800,30,2
2026-06-23,B003,P005,33,1.8,18000,25,2
2026-06-23,B003,P006,32,2.8,4100,28,3
2026-06-23,B003,P007,25,1.7,9500,28,2
2026-06-23,B003,P008,26,3.2,2500,30,1
2026-06-23,B003,P009,32,2.2,2800,28,2
2026-06-23,B003,P010,31,4.2,1400,35,3
2026-06-23,B003,P011,31,2.5,2200,30,3
2026-06-23,B003,P012,15,0.7,11000,18,2
2026-06-23,B003,P013,19,0.6,15000,16,3
2026-06-23,B003,P014,25,1.2,12500,22,2
2026-06-23,B003,P015,23,1.4,11000,22,2
2026-06-23,B003,P016,37,7.8,900,40,2
2026-06-23,B004,P001,37,2.5,4500,35,2
2026-06-23,B004,P002,20,3.4,6200,28,3
2026-06-23,B004,P003,40,3.6,3200,38,2
2026-06-23,B004,P004,33,2.9,4800,30,1
2026-06-23,B004,P005,33,1.1,18000,26,2
2026-06-23,B004,P006,33,2.5,4100,28,2
2026-06-23,B004,P007,27,1.0,9500,28,2
2026-06-23,B004,P008,30,1.8,2500,30,1
2026-06-23,B004,P009,24,1.4,2800,28,2
2026-06-23,B004,P010,35,4.2,1400,35,2
2026-06-23,B004,P011,35,1.4,2200,30,2
2026-06-23,B004,P012,18,0.7,11000,18,2
2026-06-23,B004,P013,19,0.6,15000,16,3
2026-06-23,B004,P014,27,1.2,12500,22,2
2026-06-23,B004,P015,20,1.0,11000,22,1
2026-06-23,B004,P016,37,6.5,900,40,3
2026-06-23,B005,P001,36,2.6,4500,35,2
2026-06-23,B005,P002,34,1.7,6200,30,2
2026-06-23,B005,P003,52,1.1,3200,40,1
2026-06-23,B005,P004,33,2.1,4800,30,1
2026-06-23,B005,P005,27,0.7,18000,26,2
2026-06-23,B005,P006,28,2.1,4100,28,2
2026-06-23,B005,P007,31,1.1,9500,28,3
2026-06-23,B005,P008,33,1.5,2500,30,3
2026-06-23,B005,P009,31,1.3,2800,28,2
2026-06-23,B005,P010,33,3.4,1400,35,3
2026-06-23,B005,P011,31,1.4,2200,30,2
2026-06-23,B005,P012,17,0.6,11000,18,3
2026-06-23,B005,P013,13,0.7,15000,16,2
2026-06-23,B005,P014,18,0.4,12500,22,1
2026-06-23,B005,P015,19,0.9,11000,22,3
2026-06-23,B005,P016,43,4.5,900,40,3
2026-06-24,B001,P001,31,3.7,4500,35,2
2026-06-24,B001,P002,31,3.4,6200,30,2
2026-06-24,B001,P003,35,3.3,3200,38,1
2026-06-24,B001,P004,28,2.8,4800,30,2
2026-06-24,B001,P005,30,5.0,18000,40,2
2026-06-24,B001,P006,29,1.9,4100,28,1
2026-06-24,B001,P007,26,1.4,9500,28,1
2026-06-24,B001,P008,34,3.5,2500,30,3
2026-06-24,B001,P009,25,2.6,2800,28,2
2026-06-24,B001,P010,31,6.3,1400,35,2
2026-06-24,B001,P011,29,3.3,2200,30,1
2026-06-24,B001,P012,17,1.0,11000,18,2
2026-06-24,B001,P013,14,0.8,15000,16,2
2026-06-24,B001,P014,24,1.4,12500,22,3
2026-06-24,B001,P015,27,0.9,11000,22,2
2026-06-24,B001,P016,40,6.8,900,40,2
2026-06-24,B002,P001,33,5.6,4500,40,1
2026-06-24,B002,P002,34,1.5,6200,30,2
2026-06-24,B002,P003,40,4.1,3200,38,2
2026-06-24,B002,P004,31,2.3,4800,30,2
2026-06-24,B002,P005,37,1.5,18000,30,1
2026-06-24,B002,P006,31,2.1,4100,28,2
2026-06-24,B002,P007,27,1.5,9500,28,2
2026-06-24,B002,P008,32,3.7,2500,30,1
2026-06-24,B002,P009,29,2.2,2800,28,1
2026-06-24,B002,P010,40,3.7,1400,35,3
2026-06-24,B002,P011,26,2.8,2200,30,3
2026-06-24,B002,P012,14,0.8,11000,18,2
2026-06-24,B002,P013,21,0.8,15000,16,2
2026-06-24,B002,P014,21,1.1,12500,22,2
2026-06-24,B002,P015,24,1.8,11000,22,3
2026-06-24,B002,P016,40,3.5,900,40,2
2026-06-24,B003,P001,27,4.9,4500,35,2
2026-06-24,B003,P002,28,3.6,6200,30,2
2026-06-24,B003,P003,36,3.8,3200,38,1
2026-06-24,B003,P004,27,3.2,4800,30,3
2026-06-24,B003,P005,31,1.5,18000,25,2
2026-06-24,B003,P006,31,1.6,4100,28,1
2026-06-24,B003,P007,24,1.6,9500,28,2
2026-06-24,B003,P008,26,2.0,2500,30,2
2026-06-24,B003,P009,24,1.5,2800,28,3
2026-06-24,B003,P010,37,4.1,1400,35,2
2026-06-24,B003,P011,33,1.8,2200,30,2
2026-06-24,B003,P012,18,0.8,11000,18,2
2026-06-24,B003,P013,20,0.6,15000,16,1
2026-06-24,B003,P014,19,1.2,12500,22,2
2026-06-24,B003,P015,25,1.2,11000,22,2
2026-06-24,B003,P016,45,5.9,900,40,1
2026-06-24,B004,P001,33,3.5,4500,35,2
2026-06-24,B004,P002,20,4.4,6200,28,2
2026-06-24,B004,P003,41,2.5,3200,38,2
2026-06-24,B004,P004,26,2.5,4800,30,3
2026-06-24,B004,P005,32,1.5,18000,26,2
2026-06-24,B004,P006,31,2.4,4100,28,1
2026-06-24,B004,P007,31,1.1,9500,28,3
2026-06-24,B004,P008,28,2.4,2500,30,2
2026-06-24,B004,P009,31,1.2,2800,28,2
2026-06-24,B004,P010,37,2.4,1400,35,2
2026-06-24,B004,P011,31,1.3,2200,30,1
2026-06-24,B004,P012,20,0.7,11000,18,1
2026-06-24,B004,P013,15,0.7,15000,16,1
2026-06-24,B004,P014,18,1.2,12500,22,2
2026-06-24,B004,P015,22,0.9,11000,22,2
2026-06-24,B004,P016,38,2.9,900,40,1
2026-06-24,B005,P001,33,1.8,4500,35,2
2026-06-24,B005,P002,28,1.4,6200,30,2
2026-06-24,B005,P003,55,1.4,3200,40,2
2026-06-24,B005,P004,27,2.0,4800,30,2
2026-06-24,B005,P005,27,0.9,18000,26,2
2026-06-24,B005,P006,27,1.8,4100,28,2
2026-06-24,B005,P007,33,1.6,9500,28,1
2026-06-24,B005,P008,34,1.7,2500,30,3
2026-06-24,B005,P009,29,1.5,2800,28,2
2026-06-24,B005,P010,33,2.8,1400,35,1
2026-06-24,B005,P011,35,1.3,2200,30,2
2026-06-24,B005,P012,14,0.6,11000,18,3
2026-06-24,B005,P013,19,0.5,15000,16,2
2026-06-24,B005,P014,26,0.7,12500,22,1
2026-06-24,B005,P015,27,0.8,11000,22,1
2026-06-24,B005,P016,41,4.9,900,40,1
2026-06-25,B001,P001,37,4.1,4500,35,3
2026-06-25,B001,P002,33,2.7,6200,30,3
2026-06-25,B001,P003,39,4.3,3200,38,3
2026-06-25,B001,P004,30,3.2,4800,30,3
2026-06-25,B001,P005,29,5.0,18000,40,2
2026-06-25,B001,P006,30,2.8,4100,28,3
2026-06-25,B001,P007,26,2.3,9500,28,3
2026-06-25,B001,P008,33,3.1,2500,30,2
2026-06-25,B001,P009,26,3.1,2800,28,3
2026-06-25,B001,P010,35,3.9,1400,35,3
2026-06-25,B001,P011,29,2.7,2200,30,2
2026-06-25,B001,P012,20,0.8,11000,18,2
2026-06-25,B001,P013,21,0.8,15000,16,2
2026-06-25,B001,P014,24,1.0,12500,22,3
2026-06-25,B001,P015,26,1.1,11000,22,2
2026-06-25,B001,P016,37,5.9,900,40,1
2026-06-25,B002,P001,31,6.1,4500,40,3
2026-06-25,B002,P002,34,2.2,6200,30,2
2026-06-25,B002,P003,39,3.5,3200,38,1
2026-06-25,B002,P004,31,3.7,4800,30,2
2026-06-25,B002,P005,40,2.1,18000,30,2
2026-06-25,B002,P006,33,2.4,4100,28,3
2026-06-25,B002,P007,32,1.0,9500,28,2
2026-06-25,B002,P008,32,3.0,2500,30,3
2026-06-25,B002,P009,27,2.2,2800,28,1
2026-06-25,B002,P010,33,4.3,1400,35,1
2026-06-25,B002,P011,30,1.8,2200,30,2
2026-06-25,B002,P012,16,0.9,11000,18,3
2026-06-25,B002,P013,12,0.9,15000,16,1
2026-06-25,B002,P014,24,1.3,12500,22,3
2026-06-25,B002,P015,20,1.0,11000,22,1
2026-06-25,B002,P016,36,6.8,900,40,2
2026-06-25,B003,P001,26,5.1,4500,35,1
2026-06-25,B003,P002,27,3.0,6200,30,1
2026-06-25,B003,P003,42,3.7,3200,38,2
2026-06-25,B003,P004,31,2.3,4800,30,3
2026-06-25,B003,P005,28,1.7,18000,25,3
2026-06-25,B003,P006,32,2.5,4100,28,1
2026-06-25,B003,P007,25,1.8,9500,28,2
2026-06-25,B003,P008,27,2.2,2500,30,3
2026-06-25,B003,P009,33,2.7,2800,28,1
2026-06-25,B003,P010,31,4.3,1400,35,1
2026-06-25,B003,P011,30,2.5,2200,30,3
2026-06-25,B003,P012,17,0.9,11000,18,2
2026-06-25,B003,P013,15,0.7,15000,16,3
2026-06-25,B003,P014,20,1.3,12500,22,2
2026-06-25,B003,P015,19,0.5,11000,22,2
2026-06-25,B003,P016,37,6.8,900,40,3
2026-06-25,B004,P001,39,2.2,4500,35,3
2026-06-25,B004,P002,23,4.1,6200,28,1
2026-06-25,B004,P003,36,3.2,3200,38,2
2026-06-25,B004,P004,33,2.9,4800,30,2
2026-06-25,B004,P005,32,1.0,18000,26,1
2026-06-25,B004,P006,31,1.8,4100,28,3
2026-06-25,B004,P007,27,1.2,9500,28,2
2026-06-25,B004,P008,27,2.2,2500,30,2
2026-06-25,B004,P009,32,1.6,2800,28,3
2026-06-25,B004,P010,40,3.7,1400,35,2
2026-06-25,B004,P011,34,1.2,2200,30,2
2026-06-25,B004,P012,22,0.7,11000,18,2
2026-06-25,B004,P013,17,0.8,15000,16,2
2026-06-25,B004,P014,18,1.0,12500,22,2
2026-06-25,B004,P015,22,1.2,11000,22,1
2026-06-25,B004,P016,40,6.0,900,40,3
2026-06-25,B005,P001,31,2.4,4500,35,1
2026-06-25,B005,P002,30,2.5,6200,30,2
2026-06-25,B005,P003,53,1.4,3200,40,2
2026-06-25,B005,P004,30,1.9,4800,30,2
2026-06-25,B005,P005,25,0.8,18000,26,3
2026-06-25,B005,P006,24,1.3,4100,28,2
2026-06-25,B005,P007,32,1.1,9500,28,1
2026-06-25,B005,P008,32,1.6,2500,30,1
2026-06-25,B005,P009,27,1.2,2800,28,1
2026-06-25,B005,P010,34,1.2,1400,35,3
2026-06-25,B005,P011,35,2.4,2200,30,3
2026-06-25,B005,P012,20,0.4,11000,18,2
2026-06-25,B005,P013,13,0.5,15000,16,2
2026-06-25,B005,P014,20,1.1,12500,22,2
2026-06-25,B005,P015,25,0.8,11000,22,2
2026-06-25,B005,P016,36,3.6,900,40,2
2026-06-26,B001,P001,35,2.4,4500,35,2
2026-06-26,B001,P002,34,2.5,6200,30,3
2026-06-26,B001,P003,35,4.3,3200,38,1
2026-06-26,B001,P004,29,1.2,4800,30,3
2026-06-26,B001,P005,29,5.0,18000,40,2
2026-06-26,B001,P006,28,2.5,4100,28,2
2026-06-26,B001,P007,28,2.2,9500,28,1
2026-06-26,B001,P008,29,3.4,2500,30,2
2026-06-26,B001,P009,28,2.3,2800,28,3
2026-06-26,B001,P010,32,4.5,1400,35,2
2026-06-26,B001,P011,31,2.6,2200,30,2
2026-06-26,B001,P012,21,0.7,11000,18,1
2026-06-26,B001,P013,12,0.9,15000,16,2
2026-06-26,B001,P014,24,1.4,12500,22,1
2026-06-26,B001,P015,27,1.2,11000,22,1
2026-06-26,B001,P016,40,6.0,900,40,2
2026-06-26,B002,P001,32,5.2,4500,40,3
2026-06-26,B002,P002,32,2.4,6200,30,2
2026-06-26,B002,P003,43,4.3,3200,38,1
2026-06-26,B002,P004,31,3.4,4800,30,3
2026-06-26,B002,P005,36,1.8,18000,30,3
2026-06-26,B002,P006,28,2.3,4100,28,2
2026-06-26,B002,P007,31,1.6,9500,28,2
2026-06-26,B002,P008,31,3.3,2500,30,2
2026-06-26,B002,P009,33,2.4,2800,28,1
2026-06-26,B002,P010,37,3.3,1400,35,3
2026-06-26,B002,P011,31,2.4,2200,30,2
2026-06-26,B002,P012,18,0.7,11000,18,1
2026-06-26,B002,P013,16,0.6,15000,16,3
2026-06-26,B002,P014,18,0.9,12500,22,2
2026-06-26,B002,P015,22,1.2,11000,22,2
2026-06-26,B002,P016,37,6.7,900,40,2
2026-06-26,B003,P001,27,4.7,4500,35,2
2026-06-26,B003,P002,35,3.0,6200,30,1
2026-06-26,B003,P003,34,4.3,3200,38,2
2026-06-26,B003,P004,31,3.2,4800,30,3
2026-06-26,B003,P005,31,0.9,18000,25,2
2026-06-26,B003,P006,27,2.7,4100,28,2
2026-06-26,B003,P007,26,1.6,9500,28,2
2026-06-26,B003,P008,35,2.1,2500,30,2
2026-06-26,B003,P009,31,2.2,2800,28,3
2026-06-26,B003,P010,31,4.9,1400,35,2
2026-06-26,B003,P011,32,1.9,2200,30,2
2026-06-26,B003,P012,20,0.9,11000,18,3
2026-06-26,B003,P013,16,0.7,15000,16,1
2026-06-26,B003,P014,26,0.5,12500,22,1
2026-06-26,B003,P015,22,1.3,11000,22,2
2026-06-26,B003,P016,42,6.3,900,40,2
2026-06-26,B004,P001,31,2.5,4500,35,2
2026-06-26,B004,P002,20,4.2,6200,28,2
2026-06-26,B004,P003,35,2.8,3200,38,1
2026-06-26,B004,P004,28,1.3,4800,30,1
2026-06-26,B004,P005,32,1.2,18000,26,3
2026-06-26,B004,P006,24,2.4,4100,28,2
2026-06-26,B004,P007,28,1.3,9500,28,2
2026-06-26,B004,P008,26,2.1,2500,30,3
2026-06-26,B004,P009,29,1.7,2800,28,2
2026-06-26,B004,P010,33,3.6,1400,35,3
2026-06-26,B004,P011,32,1.4,2200,30,2
2026-06-26,B004,P012,16,0.4,11000,18,1
2026-06-26,B004,P013,16,0.6,15000,16,2
2026-06-26,B004,P014,22,0.7,12500,22,2
2026-06-26,B004,P015,24,1.0,11000,22,2
2026-06-26,B004,P016,41,6.0,900,40,3
2026-06-26,B005,P001,33,2.0,4500,35,2
2026-06-26,B005,P002,29,2.9,6200,30,2
2026-06-26,B005,P003,55,2.0,3200,40,1
2026-06-26,B005,P004,33,2.1,4800,30,3
2026-06-26,B005,P005,28,1.2,18000,26,1
2026-06-26,B005,P006,32,2.2,4100,28,2
2026-06-26,B005,P007,33,0.5,9500,28,2
2026-06-26,B005,P008,31,2.0,2500,30,2
2026-06-26,B005,P009,26,1.6,2800,28,2
2026-06-26,B005,P010,40,2.1,1400,35,2
2026-06-26,B005,P011,33,1.5,2200,30,3
2026-06-26,B005,P012,20,0.7,11000,18,2
2026-06-26,B005,P013,20,0.5,15000,16,3
2026-06-26,B005,P014,27,0.6,12500,22,2
2026-06-26,B005,P015,23,0.9,11000,22,1
2026-06-26,B005,P016,40,4.7,900,40,1
2026-06-27,B001,P001,33,1.7,4500,35,2
2026-06-27,B001,P002,35,3.7,6200,30,3
2026-06-27,B001,P003,34,4.1,3200,38,3
2026-06-27,B001,P004,31,4.7,4800,30,3
2026-06-27,B001,P005,28,5.0,18000,40,2
2026-06-27,B001,P006,28,3.5,4100,28,2
2026-06-27,B001,P007,26,2.2,9500,28,2
2026-06-27,B001,P008,30,3.3,2500,30,3
2026-06-27,B001,P009,26,4.0,2800,28,2
2026-06-27,B001,P010,38,5.1,1400,35,2
2026-06-27,B001,P011,33,3.2,2200,30,2
2026-06-27,B001,P012,21,1.1,11000,18,2
2026-06-27,B001,P013,18,1.0,15000,16,3
2026-06-27,B001,P014,21,2.4,12500,22,3
2026-06-27,B001,P015,24,2.1,11000,22,2
2026-06-27,B001,P016,44,7.8,900,40,1
2026-06-27,B002,P001,31,7.9,4500,40,2
2026-06-27,B002,P002,26,3.9,6200,30,2
2026-06-27,B002,P003,42,4.2,3200,38,2
2026-06-27,B002,P004,31,4.6,4800,30,1
2026-06-27,B002,P005,37,2.1,18000,30,3
2026-06-27,B002,P006,33,2.6,4100,28,3
2026-06-27,B002,P007,26,1.7,9500,28,2
2026-06-27,B002,P008,28,2.6,2500,30,2
2026-06-27,B002,P009,31,2.8,2800,28,2
2026-06-27,B002,P010,32,4.2,1400,35,2
2026-06-27,B002,P011,28,2.2,2200,30,2
2026-06-27,B002,P012,14,1.2,11000,18,1
2026-06-27,B002,P013,15,1.0,15000,16,2
2026-06-27,B002,P014,24,1.6,12500,22,3
2026-06-27,B002,P015,18,1.6,11000,22,2
2026-06-27,B002,P016,44,5.1,900,40,2
2026-06-27,B003,P001,25,6.7,4500,35,2
2026-06-27,B003,P002,29,2.8,6200,30,3
2026-06-27,B003,P003,41,4.2,3200,38,1
2026-06-27,B003,P004,33,3.9,4800,30,1
2026-06-27,B003,P005,30,2.3,18000,25,2
2026-06-27,B003,P006,30,2.5,4100,28,1
2026-06-27,B003,P007,33,2.7,9500,28,2
2026-06-27,B003,P008,26,2.4,2500,30,2
2026-06-27,B003,P009,31,1.8,2800,28,2
2026-06-27,B003,P010,36,4.0,1400,35,3
2026-06-27,B003,P011,27,3.3,2200,30,3
2026-06-27,B003,P012,17,1.1,11000,18,2
2026-06-27,B003,P013,14,0.8,15000,16,2
2026-06-27,B003,P014,25,1.3,12500,22,3
2026-06-27,B003,P015,18,1.8,11000,22,2
2026-06-27,B003,P016,43,7.8,900,40,3
2026-06-27,B004,P001,38,3.3,4500,35,1
2026-06-27,B004,P002,18,5.4,6200,28,1
2026-06-27,B004,P003,41,2.9,3200,38,1
2026-06-27,B004,P004,34,2.5,4800,30,2
2026-06-27,B004,P005,30,1.7,18000,26,2
2026-06-27,B004,P006,29,2.7,4100,28,3
2026-06-27,B004,P007,29,0.9,9500,28,3
2026-06-27,B004,P008,29,2.7,2500,30,2
2026-06-27,B004,P009,31,3.0,2800,28,2
2026-06-27,B004,P010,38,4.9,1400,35,2
2026-06-27,B004,P011,27,2.1,2200,30,1
2026-06-27,B004,P012,14,0.7,11000,18,1
2026-06-27,B004,P013,15,0.8,15000,16,2
2026-06-27,B004,P014,21,1.6,12500,22,3
2026-06-27,B004,P015,23,0.9,11000,22,3
2026-06-27,B004,P016,37,6.7,900,40,1
2026-06-27,B005,P001,32,2.6,4500,35,2
2026-06-27,B005,P002,30,2.4,6200,30,1
2026-06-27,B005,P003,56,1.1,3200,40,3
2026-06-27,B005,P004,34,2.6,4800,30,2
2026-06-27,B005,P005,29,1.5,18000,26,3
2026-06-27,B005,P006,28,1.7,4100,28,3
2026-06-27,B005,P007,25,1.5,9500,28,2
2026-06-27,B005,P008,28,1.9,2500,30,2
2026-06-27,B005,P009,29,1.2,2800,28,2
2026-06-27,B005,P010,31,2.8,1400,35,2
2026-06-27,B005,P011,27,1.7,2200,30,2
2026-06-27,B005,P012,15,0.6,11000,18,2
2026-06-27,B005,P013,17,0.8,15000,16,1
2026-06-27,B005,P014,21,1.1,12500,22,1
2026-06-27,B005,P015,23,1.3,11000,22,2
2026-06-27,B005,P016,39,4.4,900,40,3
2026-06-28,B001,P001,36,2.9,4500,35,2
2026-06-28,B001,P002,28,5.3,6200,30,2
2026-06-28,B001,P003,35,2.9,3200,38,3
2026-06-28,B001,P004,33,3.3,4800,30,2
2026-06-28,B001,P005,28,5.0,18000,40,2
2026-06-28,B001,P006,27,3.9,4100,28,1
2026-06-28,B001,P007,24,1.9,9500,28,2
2026-06-28,B001,P008,35,3.7,2500,30,2
2026-06-28,B001,P009,32,2.2,2800,28,2
2026-06-28,B001,P010,31,6.1,1400,35,3
2026-06-28,B001,P011,30,2.3,2200,30,2
2026-06-28,B001,P012,14,0.5,11000,18,2
2026-06-28,B001,P013,21,0.9,15000,16,2
2026-06-28,B001,P014,27,1.9,12500,22,3
2026-06-28,B001,P015,26,1.6,11000,22,2
2026-06-28,B001,P016,44,9.0,900,40,2
2026-06-28,B002,P001,30,8.0,4500,40,3
2026-06-28,B002,P002,27,3.7,6200,30,2
2026-06-28,B002,P003,39,4.1,3200,38,2
2026-06-28,B002,P004,27,2.5,4800,30,3
2026-06-28,B002,P005,39,2.4,18000,30,3
2026-06-28,B002,P006,25,3.4,4100,28,2
2026-06-28,B002,P007,33,1.8,9500,28,1
2026-06-28,B002,P008,32,3.3,2500,30,2
2026-06-28,B002,P009,25,2.5,2800,28,2
2026-06-28,B002,P010,38,4.5,1400,35,2
2026-06-28,B002,P011,32,3.0,2200,30,2
2026-06-28,B002,P012,21,0.7,11000,18,3
2026-06-28,B002,P013,13,0.8,15000,16,2
2026-06-28,B002,P014,24,1.8,12500,22,1
2026-06-28,B002,P015,21,1.2,11000,22,3
2026-06-28,B002,P016,41,7.9,900,40,1
2026-06-28,B003,P001,25,6.0,4500,35,2
2026-06-28,B003,P002,34,2.5,6200,30,1
2026-06-28,B003,P003,39,3.7,3200,38,2
2026-06-28,B003,P004,35,3.2,4800,30,2
2026-06-28,B003,P005,28,1.9,18000,25,3
2026-06-28,B003,P006,31,2.9,4100,28,2
2026-06-28,B003,P007,25,2.2,9500,28,1
2026-06-28,B003,P008,32,3.9,2500,30,1
2026-06-28,B003,P009,27,3.1,2800,28,1
2026-06-28,B003,P010,36,6.0,1400,35,2
2026-06-28,B003,P011,26,3.1,2200,30,2
2026-06-28,B003,P012,18,0.7,11000,18,3
2026-06-28,B003,P013,20,0.9,15000,16,2
2026-06-28,B003,P014,21,1.6,12500,22,2
2026-06-28,B003,P015,20,0.9,11000,22,2
2026-06-28,B003,P016,42,8.9,900,40,2
2026-06-28,B004,P001,38,3.4,4500,35,3
2026-06-28,B004,P002,20,5.3,6200,28,3
2026-06-28,B004,P003,34,3.2,3200,38,2
2026-06-28,B004,P004,26,3.0,4800,30,3
2026-06-28,B004,P005,31,1.4,18000,26,2
2026-06-28,B004,P006,27,2.6,4100,28,1
2026-06-28,B004,P007,30,1.8,9500,28,1
2026-06-28,B004,P008,34,2.5,2500,30,2
2026-06-28,B004,P009,29,2.3,2800,28,2
2026-06-28,B004,P010,36,5.0,1400,35,1
2026-06-28,B004,P011,32,2.9,2200,30,1
2026-06-28,B004,P012,20,0.8,11000,18,1
2026-06-28,B004,P013,21,0.7,15000,16,2
2026-06-28,B004,P014,21,1.3,12500,22,1
2026-06-28,B004,P015,23,1.4,11000,22,2
2026-06-28,B004,P016,37,5.5,900,40,2
2026-06-28,B005,P001,35,2.4,4500,35,2
2026-06-28,B005,P002,26,2.2,6200,30,2
2026-06-28,B005,P003,54,2.2,3200,40,3
2026-06-28,B005,P004,34,2.1,4800,30,1
2026-06-28,B005,P005,28,1.7,18000,26,3
2026-06-28,B005,P006,29,2.3,4100,28,2
2026-06-28,B005,P007,30,1.3,9500,28,1
2026-06-28,B005,P008,26,2.1,2500,30,1
2026-06-28,B005,P009,27,2.6,2800,28,2
2026-06-28,B005,P010,35,2.8,1400,35,1
2026-06-28,B005,P011,33,2.5,2200,30,2
2026-06-28,B005,P012,14,0.7,11000,18,1
2026-06-28,B005,P013,12,0.5,15000,16,1
2026-06-28,B005,P014,18,1.0,12500,22,3
2026-06-28,B005,P015,21,1.3,11000,22,2
2026-06-28,B005,P016,41,5.0,900,40,2
2026-06-29,B001,P001,34,4.3,4500,35,1
2026-06-29,B001,P002,32,3.3,6200,30,2
2026-06-29,B001,P003,43,3.9,3200,38,2
2026-06-29,B001,P004,35,3.6,4800,30,2
2026-06-29,B001,P005,28,5.0,18000,40,2
2026-06-29,B001,P006,28,2.6,4100,28,1
2026-06-29,B001,P007,29,1.5,9500,28,2
2026-06-29,B001,P008,27,3.2,2500,30,1
2026-06-29,B001,P009,28,2.4,2800,28,2
2026-06-29,B001,P010,33,3.7,1400,35,2
2026-06-29,B001,P011,33,2.5,2200,30,3
2026-06-29,B001,P012,20,0.8,11000,18,3
2026-06-29,B001,P013,16,0.9,15000,16,3
2026-06-29,B001,P014,24,1.2,12500,22,2
2026-06-29,B001,P015,19,1.4,11000,22,3
2026-06-29,B001,P016,39,6.2,900,40,2
2026-06-29,B002,P001,32,5.2,4500,40,2
2026-06-29,B002,P002,30,3.6,6200,30,3
2026-06-29,B002,P003,39,3.7,3200,38,3
2026-06-29,B002,P004,30,3.9,4800,30,2
2026-06-29,B002,P005,41,2.1,18000,30,3
2026-06-29,B002,P006,31,2.1,4100,28,2
2026-06-29,B002,P007,31,1.7,9500,28,2
2026-06-29,B002,P008,29,1.5,2500,30,1
2026-06-29,B002,P009,27,1.5,2800,28,3
2026-06-29,B002,P010,32,4.3,1400,35,2
2026-06-29,B002,P011,31,2.0,2200,30,2
2026-06-29,B002,P012,20,0.7,11000,18,2
2026-06-29,B002,P013,16,1.1,15000,16,2
2026-06-29,B002,P014,24,1.2,12500,22,3
2026-06-29,B002,P015,23,1.1,11000,22,2
2026-06-29,B002,P016,38,6.1,900,40,3
2026-06-29,B003,P001,24,5.5,4500,35,1
2026-06-29,B003,P002,31,2.3,6200,30,2
2026-06-29,B003,P003,37,3.4,3200,38,2
2026-06-29,B003,P004,35,4.5,4800,30,1
2026-06-29,B003,P005,32,1.7,18000,25,3
2026-06-29,B003,P006,26,2.8,4100,28,2
2026-06-29,B003,P007,30,1.2,9500,28,1
2026-06-29,B003,P008,29,2.8,2500,30,1
2026-06-29,B003,P009,33,2.2,2800,28,3
2026-06-29,B003,P010,34,4.7,1400,35,3
2026-06-29,B003,P011,32,1.7,2200,30,2
2026-06-29,B003,P012,14,0.8,11000,18,2
2026-06-29,B003,P013,13,0.6,15000,16,2
2026-06-29,B003,P014,27,0.9,12500,22,1
2026-06-29,B003,P015,21,1.2,11000,22,2
2026-06-29,B003,P016,43,4.8,900,40,2
2026-06-29,B004,P001,32,2.0,4500,35,2
2026-06-29,B004,P002,19,4.4,6200,28,3
2026-06-29,B004,P003,36,2.7,3200,38,2
2026-06-29,B004,P004,32,2.0,4800,30,1
2026-06-29,B004,P005,32,1.5,18000,26,2
2026-06-29,B004,P006,27,2.3,4100,28,1
2026-06-29,B004,P007,31,0.8,9500,28,2
2026-06-29,B004,P008,33,2.3,2500,30,1
2026-06-29,B004,P009,28,1.8,2800,28,3
2026-06-29,B004,P010,37,3.2,1400,35,2
2026-06-29,B004,P011,28,1.8,2200,30,3
2026-06-29,B004,P012,17,0.5,11000,18,2
2026-06-29,B004,P013,14,0.8,15000,16,3
2026-06-29,B004,P014,18,1.0,12500,22,1
2026-06-29,B004,P015,25,1.2,11000,22,3
2026-06-29,B004,P016,40,4.9,900,40,3
2026-06-29,B005,P001,34,1.9,4500,35,3
2026-06-29,B005,P002,26,2.1,6200,30,2
2026-06-29,B005,P003,59,1.4,3200,40,2
2026-06-29,B005,P004,31,2.1,4800,30,2
2026-06-29,B005,P005,28,1.0,18000,26,2
2026-06-29,B005,P006,31,2.3,4100,28,2
2026-06-29,B005,P007,32,1.2,9500,28,3
2026-06-29,B005,P008,32,1.9,2500,30,3
2026-06-29,B005,P009,25,1.0,2800,28,1
2026-06-29,B005,P010,38,3.1,1400,35,1
2026-06-29,B005,P011,27,1.7,2200,30,2
2026-06-29,B005,P012,23,0.4,11000,18,2
2026-06-29,B005,P013,15,0.3,15000,16,1
2026-06-29,B005,P014,22,1.0,12500,22,2
2026-06-29,B005,P015,22,1.1,11000,22,2
2026-06-29,B005,P016,39,3.7,900,40,1
2026-06-30,B001,P001,31,3.2,4500,35,2
2026-06-30,B001,P002,28,3.1,6200,30,2
2026-06-30,B001,P003,35,3.7,3200,38,2
2026-06-30,B001,P004,33,2.2,4800,30,1
2026-06-30,B001,P005,27,5.0,18000,40,2
2026-06-30,B001,P006,29,2.2,4100,28,3
2026-06-30,B001,P007,25,1.8,9500,28,3
2026-06-30,B001,P008,31,2.3,2500,30,1
2026-06-30,B001,P009,26,2.7,2800,28,2
2026-06-30,B001,P010,32,5.0,1400,35,3
2026-06-30,B001,P011,26,2.7,2200,30,2
2026-06-30,B001,P012,23,0.9,11000,18,2
2026-06-30,B001,P013,12,0.7,15000,16,1
2026-06-30,B001,P014,19,1.6,12500,22,2
2026-06-30,B001,P015,20,1.3,11000,22,3
2026-06-30,B001,P016,37,8.3,900,40,2
2026-06-30,B002,P001,33,6.4,4500,40,3
2026-06-30,B002,P002,32,2.6,6200,30,2
2026-06-30,B002,P003,41,4.2,3200,38,2
2026-06-30,B002,P004,34,2.3,4800,30,1
2026-06-30,B002,P005,40,2.0,18000,30,3
2026-06-30,B002,P006,25,3.1,4100,28,3
2026-06-30,B002,P007,26,2.0,9500,28,3
2026-06-30,B002,P008,28,2.8,2500,30,3
2026-06-30,B002,P009,31,1.5,2800,28,2
2026-06-30,B002,P010,31,3.5,1400,35,1
2026-06-30,B002,P011,31,3.1,2200,30,2
2026-06-30,B002,P012,23,0.7,11000,18,3
2026-06-30,B002,P013,13,0.8,15000,16,1
2026-06-30,B002,P014,22,1.4,12500,22,1
2026-06-30,B002,P015,24,1.8,11000,22,2
2026-06-30,B002,P016,36,5.0,900,40,1
2026-06-30,B003,P001,26,5.3,4500,35,2
2026-06-30,B003,P002,34,2.7,6200,30,2
2026-06-30,B003,P003,35,3.6,3200,38,2
2026-06-30,B003,P004,26,2.8,4800,30,2
2026-06-30,B003,P005,33,1.2,18000,25,1
2026-06-30,B003,P006,24,2.6,4100,28,1
2026-06-30,B003,P007,24,1.3,9500,28,2
2026-06-30,B003,P008,32,3.0,2500,30,3
2026-06-30,B003,P009,24,1.9,2800,28,1
2026-06-30,B003,P010,40,4.7,1400,35,2
2026-06-30,B003,P011,28,2.2,2200,30,3
2026-06-30,B003,P012,22,0.8,11000,18,1
2026-06-30,B003,P013,18,0.7,15000,16,2
2026-06-30,B003,P014,27,1.1,12500,22,2
2026-06-30,B003,P015,26,1.8,11000,22,2
2026-06-30,B003,P016,39,8.2,900,40,2
2026-06-30,B004,P001,34,3.7,4500,35,2
2026-06-30,B004,P002,19,4.2,6200,28,3
2026-06-30,B004,P003,35,3.0,3200,38,2
2026-06-30,B004,P004,27,2.4,4800,30,2
2026-06-30,B004,P005,33,1.5,18000,26,1
2026-06-30,B004,P006,25,1.9,4100,28,3
2026-06-30,B004,P007,31,1.6,9500,28,2
2026-06-30,B004,P008,27,1.8,2500,30,1
2026-06-30,B004,P009,28,2.2,2800,28,2
2026-06-30,B004,P010,32,2.5,1400,35,2
2026-06-30,B004,P011,27,1.5,2200,30,2
2026-06-30,B004,P012,15,0.9,11000,18,2
2026-06-30,B004,P013,16,0.4,15000,16,2
2026-06-30,B004,P014,24,1.1,12500,22,3
2026-06-30,B004,P015,27,1.2,11000,22,1
2026-06-30,B004,P016,37,5.7,900,40,3
2026-06-30,B005,P001,39,1.5,4500,35,2
2026-06-30,B005,P002,34,1.7,6200,30,3
2026-06-30,B005,P003,56,0.8,3200,40,2
2026-06-30,B005,P004,28,2.1,4800,30,2
2026-06-30,B005,P005,28,0.7,18000,26,1
2026-06-30,B005,P006,30,1.3,4100,28,2
2026-06-30,B005,P007,28,1.2,9500,28,2
2026-06-30,B005,P008,31,1.6,2500,30,2
2026-06-30,B005,P009,31,1.8,2800,28,2
2026-06-30,B005,P010,32,3.1,1400,35,2
2026-06-30,B005,P011,35,1.5,2200,30,1
2026-06-30,B005,P012,20,0.7,11000,18,1
2026-06-30,B005,P013,14,0.5,15000,16,3
2026-06-30,B005,P014,23,1.0,12500,22,2
2026-06-30,B005,P015,20,0.8,11000,22,1
2026-06-30,B005,P016,38,5.0,900,40,2
2026-07-01,B001,P001,33,2.6,4500,35,1
2026-07-01,B001,P002,33,2.3,6200,30,1
2026-07-01,B001,P003,42,3.3,3200,38,1
2026-07-01,B001,P004,31,2.8,4800,30,3
2026-07-01,B001,P005,27,5.0,18000,40,2
2026-07-01,B001,P006,25,3.0,4100,28,2
2026-07-01,B001,P007,29,1.3,9500,28,3
2026-07-01,B001,P008,29,2.8,2500,30,1
2026-07-01,B001,P009,33,2.0,2800,28,1
2026-07-01,B001,P010,39,4.6,1400,35,2
2026-07-01,B001,P011,32,2.6,2200,30,2
2026-07-01,B001,P012,17,0.8,11000,18,2
2026-07-01,B001,P013,19,0.6,15000,16,1
2026-07-01,B001,P014,23,1.5,12500,22,2
2026-07-01,B001,P015,22,1.9,11000,22,2
2026-07-01,B001,P016,40,8.1,900,40,2
2026-07-01,B002,P001,30,5.8,4500,40,2
2026-07-01,B002,P002,32,2.7,6200,30,3
2026-07-01,B002,P003,35,4.0,3200,38,2
2026-07-01,B002,P004,35,3.8,4800,30,2
2026-07-01,B002,P005,40,2.5,18000,30,2
2026-07-01,B002,P006,33,2.8,4100,28,2
2026-07-01,B002,P007,29,1.7,9500,28,2
2026-07-01,B002,P008,31,2.2,2500,30,2
2026-07-01,B002,P009,31,2.5,2800,28,2
2026-07-01,B002,P010,38,4.8,1400,35,3
2026-07-01,B002,P011,32,2.3,2200,30,3
2026-07-01,B002,P012,16,1.0,11000,18,1
2026-07-01,B002,P013,20,1.0,15000,16,3
2026-07-01,B002,P014,18,1.0,12500,22,2
2026-07-01,B002,P015,21,1.3,11000,22,1
2026-07-01,B002,P016,42,6.0,900,40,3
2026-07-01,B003,P001,26,5.3,4500,35,2
2026-07-01,B003,P002,32,2.3,6200,30,2
2026-07-01,B003,P003,41,4.0,3200,38,1
2026-07-01,B003,P004,27,2.5,4800,30,1
2026-07-01,B003,P005,31,1.2,18000,25,2
2026-07-01,B003,P006,26,1.9,4100,28,2
2026-07-01,B003,P007,24,1.1,9500,28,1
2026-07-01,B003,P008,29,2.7,2500,30,2
2026-07-01,B003,P009,31,2.0,2800,28,2
2026-07-01,B003,P010,37,5.0,1400,35,3
2026-07-01,B003,P011,31,1.9,2200,30,3
2026-07-01,B003,P012,18,0.7,11000,18,3
2026-07-01,B003,P013,20,0.9,15000,16,2
2026-07-01,B003,P014,23,1.0,12500,22,2
2026-07-01,B003,P015,20,1.5,11000,22,2
2026-07-01,B003,P016,45,7.0,900,40,1
2026-07-01,B004,P001,32,2.0,4500,35,2
2026-07-01,B004,P002,19,4.2,6200,28,2
2026-07-01,B004,P003,34,3.0,3200,38,1
2026-07-01,B004,P004,35,2.7,4800,30,2
2026-07-01,B004,P005,30,1.2,18000,26,2
2026-07-01,B004,P006,33,1.6,4100,28,2
2026-07-01,B004,P007,30,0.7,9500,28,2
2026-07-01,B004,P008,28,1.6,2500,30,2
2026-07-01,B004,P009,29,1.8,2800,28,1
2026-07-01,B004,P010,33,2.6,1400,35,3
2026-07-01,B004,P011,34,2.5,2200,30,3
2026-07-01,B004,P012,22,0.8,11000,18,1
2026-07-01,B004,P013,20,0.5,15000,16,2
2026-07-01,B004,P014,25,1.0,12500,22,1
2026-07-01,B004,P015,27,1.0,11000,22,3
2026-07-01,B004,P016,38,5.3,900,40,2
2026-07-01,B005,P001,33,2.5,4500,35,2
2026-07-01,B005,P002,27,1.3,6200,30,2
2026-07-01,B005,P003,59,1.5,3200,40,2
2026-07-01,B005,P004,35,1.4,4800,30,2
2026-07-01,B005,P005,24,1.1,18000,26,1
2026-07-01,B005,P006,24,1.3,4100,28,3
2026-07-01,B005,P007,31,1.1,9500,28,1
2026-07-01,B005,P008,30,1.6,2500,30,2
2026-07-01,B005,P009,32,1.6,2800,28,2
2026-07-01,B005,P010,37,2.8,1400,35,3
2026-07-01,B005,P011,31,1.4,2200,30,3
2026-07-01,B005,P012,20,0.7,11000,18,2
2026-07-01,B005,P013,13,0.5,15000,16,1
2026-07-01,B005,P014,27,0.7,12500,22,3
2026-07-01,B005,P015,19,0.9,11000,22,2
2026-07-01,B005,P016,36,4.9,900,40,2
2026-07-02,B001,P001,39,2.9,4500,35,3
2026-07-02,B001,P002,34,3.1,6200,30,3
2026-07-02,B001,P003,37,4.3,3200,38,2
2026-07-02,B001,P004,28,3.4,4800,30,2
2026-07-02,B001,P005,27,5.0,18000,40,2
2026-07-02,B001,P006,31,2.4,4100,28,3
2026-07-02,B001,P007,28,1.6,9500,28,3
2026-07-02,B001,P008,35,3.6,2500,30,2
2026-07-02,B001,P009,25,2.5,2800,28,2
2026-07-02,B001,P010,31,3.4,1400,35,2
2026-07-02,B001,P011,29,2.6,2200,30,3
2026-07-02,B001,P012,19,1.0,11000,18,1
2026-07-02,B001,P013,21,0.7,15000,16,3
2026-07-02,B001,P014,18,1.8,12500,22,3
2026-07-02,B001,P015,25,1.4,11000,22,2
2026-07-02,B001,P016,39,6.8,900,40,3
2026-07-02,B002,P001,34,6.0,4500,40,1
2026-07-02,B002,P002,27,3.1,6200,30,2
2026-07-02,B002,P003,36,3.3,3200,38,2
2026-07-02,B002,P004,26,3.2,4800,30,2
2026-07-02,B002,P005,38,2.5,18000,30,2
2026-07-02,B002,P006,33,2.9,4100,28,2
2026-07-02,B002,P007,30,0.9,9500,28,2
2026-07-02,B002,P008,34,1.2,2500,30,3
2026-07-02,B002,P009,32,2.1,2800,28,1
2026-07-02,B002,P010,34,4.6,1400,35,1
2026-07-02,B002,P011,32,2.5,2200,30,2
2026-07-02,B002,P012,17,0.8,11000,18,2
2026-07-02,B002,P013,15,0.8,15000,16,3
2026-07-02,B002,P014,19,1.5,12500,22,2
2026-07-02,B002,P015,23,1.0,11000,22,1
2026-07-02,B002,P016,44,4.3,900,40,3
2026-07-02,B003,P001,24,5.1,4500,35,3
2026-07-02,B003,P002,30,2.9,6200,30,1
2026-07-02,B003,P003,40,3.4,3200,38,1
2026-07-02,B003,P004,27,2.6,4800,30,1
2026-07-02,B003,P005,33,1.7,18000,25,2
2026-07-02,B003,P006,29,2.5,4100,28,2
2026-07-02,B003,P007,31,1.6,9500,28,2
2026-07-02,B003,P008,33,2.5,2500,30,2
2026-07-02,B003,P009,27,1.9,2800,28,2
2026-07-02,B003,P010,38,4.4,1400,35,3
2026-07-02,B003,P011,29,2.4,2200,30,3
2026-07-02,B003,P012,21,0.8,11000,18,1
2026-07-02,B003,P013,17,0.6,15000,16,2
2026-07-02,B003,P014,24,1.3,12500,22,3
2026-07-02,B003,P015,22,1.5,11000,22,1
2026-07-02,B003,P016,39,8.3,900,40,2
2026-07-02,B004,P001,34,2.2,4500,35,3
2026-07-02,B004,P002,21,3.4,6200,28,2
2026-07-02,B004,P003,37,3.3,3200,38,2
2026-07-02,B004,P004,32,3.2,4800,30,2
2026-07-02,B004,P005,31,1.1,18000,26,2
2026-07-02,B004,P006,30,2.3,4100,28,3
2026-07-02,B004,P007,27,1.3,9500,28,2
2026-07-02,B004,P008,31,1.9,2500,30,3
2026-07-02,B004,P009,32,1.6,2800,28,3
2026-07-02,B004,P010,35,3.8,1400,35,2
2026-07-02,B004,P011,29,1.5,2200,30,2
2026-07-02,B004,P012,16,0.8,11000,18,1
2026-07-02,B004,P013,16,0.6,15000,16,2
2026-07-02,B004,P014,27,1.2,12500,22,2
2026-07-02,B004,P015,19,1.2,11000,22,2
2026-07-02,B004,P016,45,3.6,900,40,1
2026-07-02,B005,P001,31,2.2,4500,35,2
2026-07-02,B005,P002,26,2.2,6200,30,3
2026-07-02,B005,P003,58,1.4,3200,40,2
2026-07-02,B005,P004,30,2.0,4800,30,2
2026-07-02,B005,P005,25,1.0,18000,26,2
2026-07-02,B005,P006,33,1.1,4100,28,2
2026-07-02,B005,P007,27,1.3,9500,28,3
2026-07-02,B005,P008,27,1.0,2500,30,1
2026-07-02,B005,P009,30,1.8,2800,28,2
2026-07-02,B005,P010,36,2.6,1400,35,1
2026-07-02,B005,P011,26,1.7,2200,30,1
2026-07-02,B005,P012,19,0.4,11000,18,2
2026-07-02,B005,P013,12,0.6,15000,16,2
2026-07-02,B005,P014,20,0.9,12500,22,2
2026-07-02,B005,P015,22,1.0,11000,22,3
2026-07-02,B005,P016,39,2.7,900,40,2
2026-07-03,B001,P001,34,3.1,4500,35,2
2026-07-03,B001,P002,33,3.2,6200,30,3
2026-07-03,B001,P003,35,4.9,3200,38,3
2026-07-03,B001,P004,29,2.7,4800,30,2
2026-07-03,B001,P005,26,5.0,18000,40,2
2026-07-03,B001,P006,32,2.7,4100,28,2
2026-07-03,B001,P007,31,0.5,9500,28,1
2026-07-03,B001,P008,34,3.2,2500,30,3
2026-07-03,B001,P009,24,3.2,2800,28,2
2026-07-03,B001,P010,31,4.7,1400,35,3
2026-07-03,B001,P011,33,3.4,2200,30,2
2026-07-03,B001,P012,22,0.9,11000,18,1
2026-07-03,B001,P013,18,0.9,15000,16,3
2026-07-03,B001,P014,19,1.7,12500,22,2
2026-07-03,B001,P015,19,1.6,11000,22,2
2026-07-03,B001,P016,38,7.1,900,40,2
2026-07-03,B002,P001,30,5.6,4500,40,2
2026-07-03,B002,P002,28,1.9,6200,30,2
2026-07-03,B002,P003,41,3.3,3200,38,1
2026-07-03,B002,P004,34,4.0,4800,30,2
2026-07-03,B002,P005,40,1.7,18000,30,2
2026-07-03,B002,P006,32,3.1,4100,28,2
2026-07-03,B002,P007,32,1.4,9500,28,1
2026-07-03,B002,P008,35,2.1,2500,30,3
2026-07-03,B002,P009,27,3.1,2800,28,1
2026-07-03,B002,P010,36,3.5,1400,35,2
2026-07-03,B002,P011,29,2.1,2200,30,3
2026-07-03,B002,P012,22,1.0,11000,18,2
2026-07-03,B002,P013,17,0.7,15000,16,2
2026-07-03,B002,P014,26,1.0,12500,22,2
2026-07-03,B002,P015,20,1.2,11000,22,2
2026-07-03,B002,P016,42,8.7,900,40,3
2026-07-03,B003,P001,26,5.2,4500,35,2
2026-07-03,B003,P002,34,3.0,6200,30,1
2026-07-03,B003,P003,36,3.7,3200,38,2
2026-07-03,B003,P004,26,3.0,4800,30,1
2026-07-03,B003,P005,31,1.5,18000,25,3
2026-07-03,B003,P006,24,2.3,4100,28,3
2026-07-03,B003,P007,28,1.7,9500,28,3
2026-07-03,B003,P008,32,3.8,2500,30,1
2026-07-03,B003,P009,31,1.8,2800,28,2
2026-07-03,B003,P010,37,4.2,1400,35,2
2026-07-03,B003,P011,29,1.8,2200,30,2
2026-07-03,B003,P012,19,0.5,11000,18,1
2026-07-03,B003,P013,21,0.6,15000,16,2
2026-07-03,B003,P014,25,0.9,12500,22,3
2026-07-03,B003,P015,19,1.2,11000,22,3
2026-07-03,B003,P016,41,6.6,900,40,2
2026-07-03,B004,P001,39,3.1,4500,35,2
2026-07-03,B004,P002,19,4.7,6200,28,2
2026-07-03,B004,P003,39,3.0,3200,38,3
2026-07-03,B004,P004,32,2.9,4800,30,1
2026-07-03,B004,P005,32,0.8,18000,26,3
2026-07-03,B004,P006,33,1.9,4100,28,2
2026-07-03,B004,P007,31,1.3,9500,28,2
2026-07-03,B004,P008,26,2.7,2500,30,3
2026-07-03,B004,P009,29,2.1,2800,28,2
2026-07-03,B004,P010,36,3.7,1400,35,1
2026-07-03,B004,P011,32,1.3,2200,30,2
2026-07-03,B004,P012,17,0.9,11000,18,3
2026-07-03,B004,P013,15,0.8,15000,16,3
2026-07-03,B004,P014,27,1.5,12500,22,1
2026-07-03,B004,P015,23,1.1,11000,22,1
2026-07-03,B004,P016,45,6.2,900,40,1
2026-07-03,B005,P001,36,2.0,4500,35,2
2026-07-03,B005,P002,30,2.2,6200,30,3
2026-07-03,B005,P003,57,1.2,3200,40,2
2026-07-03,B005,P004,34,2.3,4800,30,1
2026-07-03,B005,P005,29,1.1,18000,26,2
2026-07-03,B005,P006,25,2.0,4100,28,1
2026-07-03,B005,P007,25,1.2,9500,28,1
2026-07-03,B005,P008,30,2.4,2500,30,3
2026-07-03,B005,P009,33,1.4,2800,28,2
2026-07-03,B005,P010,40,3.1,1400,35,2
2026-07-03,B005,P011,28,1.7,2200,30,2
2026-07-03,B005,P012,18,0.6,11000,18,3
2026-07-03,B005,P013,19,0.5,15000,16,3
2026-07-03,B005,P014,21,1.1,12500,22,2
2026-07-03,B005,P015,20,0.9,11000,22,2
2026-07-03,B005,P016,40,4.8,900,40,1
2026-07-04,B001,P001,39,6.1,4500,35,2
2026-07-04,B001,P002,26,4.2,6200,30,3
2026-07-04,B001,P003,35,5.6,3200,38,1
2026-07-04,B001,P004,34,4.1,4800,30,2
2026-07-04,B001,P005,26,5.0,18000,40,2
2026-07-04,B001,P006,26,3.8,4100,28,1
2026-07-04,B001,P007,32,2.1,9500,28,2
2026-07-04,B001,P008,29,5.5,2500,30,2
2026-07-04,B001,P009,24,2.2,2800,28,2
2026-07-04,B001,P010,34,5.6,1400,35,3
2026-07-04,B001,P011,30,3.5,2200,30,1
2026-07-04,B001,P012,15,1.3,11000,18,3
2026-07-04,B001,P013,19,1.0,15000,16,2
2026-07-04,B001,P014,26,1.2,12500,22,1
2026-07-04,B001,P015,18,1.4,11000,22,1
2026-07-04,B001,P016,37,9.0,900,40,2
2026-07-04,B002,P001,28,6.5,4500,40,2
2026-07-04,B002,P002,34,1.5,6200,30,1
2026-07-04,B002,P003,36,2.9,3200,38,1
2026-07-04,B002,P004,33,3.0,4800,30,1
2026-07-04,B002,P005,38,3.9,18000,30,1
2026-07-04,B002,P006,31,3.6,4100,28,2
2026-07-04,B002,P007,24,1.7,9500,28,2
2026-07-04,B002,P008,29,3.1,2500,30,1
2026-07-04,B002,P009,31,2.1,2800,28,1
2026-07-04,B002,P010,33,3.7,1400,35,3
2026-07-04,B002,P011,34,2.7,2200,30,3
2026-07-04,B002,P012,14,1.4,11000,18,1
2026-07-04,B002,P013,21,1.3,15000,16,2
2026-07-04,B002,P014,23,1.3,12500,22,2
2026-07-04,B002,P015,20,1.7,11000,22,3
2026-07-04,B002,P016,36,8.6,900,40,3
2026-07-04,B003,P001,25,6.1,4500,35,2
2026-07-04,B003,P002,34,3.3,6200,30,1
2026-07-04,B003,P003,34,3.9,3200,38,1
2026-07-04,B003,P004,32,2.5,4800,30,3
2026-07-04,B003,P005,32,2.7,18000,25,1
2026-07-04,B003,P006,24,3.4,4100,28,1
2026-07-04,B003,P007,27,2.1,9500,28,2
2026-07-04,B003,P008,28,2.8,2500,30,2
2026-07-04,B003,P009,32,2.3,2800,28,1
2026-07-04,B003,P010,37,5.9,1400,35,1
2026-07-04,B003,P011,27,2.6,2200,30,2
2026-07-04,B003,P012,21,0.7,11000,18,1
2026-07-04,B003,P013,16,1.2,15000,16,2
2026-07-04,B003,P014,24,1.1,12500,22,2
2026-07-04,B003,P015,25,1.6,11000,22,2
2026-07-04,B003,P016,44,8.4,900,40,2
2026-07-04,B004,P001,33,3.8,4500,35,2
2026-07-04,B004,P002,18,4.6,6200,28,3
2026-07-04,B004,P003,38,2.5,3200,38,2
2026-07-04,B004,P004,30,3.4,4800,30,2
2026-07-04,B004,P005,28,1.2,18000,26,1
2026-07-04,B004,P006,30,3.1,4100,28,3
2026-07-04,B004,P007,27,1.9,9500,28,2
2026-07-04,B004,P008,34,2.6,2500,30,2
2026-07-04,B004,P009,30,2.1,2800,28,1
2026-07-04,B004,P010,37,3.1,1400,35,2
2026-07-04,B004,P011,30,2.4,2200,30,3
2026-07-04,B004,P012,18,1.0,11000,18,1
2026-07-04,B004,P013,21,0.8,15000,16,2
2026-07-04,B004,P014,21,1.6,12500,22,3
2026-07-04,B004,P015,22,1.3,11000,22,3
2026-07-04,B004,P016,41,6.0,900,40,2
2026-07-04,B005,P001,37,2.3,4500,35,1
2026-07-04,B005,P002,33,3.2,6200,30,1
2026-07-04,B005,P003,56,1.1,3200,40,2
2026-07-04,B005,P004,28,2.8,4800,30,1
2026-07-04,B005,P005,27,1.4,18000,26,2
2026-07-04,B005,P006,25,2.4,4100,28,2
2026-07-04,B005,P007,30,1.1,9500,28,1
2026-07-04,B005,P008,35,1.7,2500,30,3
2026-07-04,B005,P009,28,1.7,2800,28,2
2026-07-04,B005,P010,35,3.9,1400,35,1
2026-07-04,B005,P011,34,1.7,2200,30,2
2026-07-04,B005,P012,14,0.7,11000,18,2
2026-07-04,B005,P013,13,0.5,15000,16,3
2026-07-04,B005,P014,22,1.1,12500,22,2
2026-07-04,B005,P015,24,1.2,11000,22,2
2026-07-04,B005,P016,38,7.0,900,40,1
2026-07-05,B001,P001,34,5.2,4500,35,2
2026-07-05,B001,P002,31,2.9,6200,30,2
2026-07-05,B001,P003,43,3.9,3200,38,1
2026-07-05,B001,P004,26,4.7,4800,30,1
2026-07-05,B001,P005,25,5.0,18000,40,2
2026-07-05,B001,P006,29,1.7,4100,28,3
2026-07-05,B001,P007,28,1.8,9500,28,1
2026-07-05,B001,P008,30,2.6,2500,30,2
2026-07-05,B001,P009,33,1.6,2800,28,3
2026-07-05,B001,P010,39,4.5,1400,35,2
2026-07-05,B001,P011,29,2.3,2200,30,2
2026-07-05,B001,P012,18,1.3,11000,18,1
2026-07-05,B001,P013,20,0.9,15000,16,3
2026-07-05,B001,P014,24,1.3,12500,22,2
2026-07-05,B001,P015,18,1.7,11000,22,1
2026-07-05,B001,P016,37,10.4,900,40,2
2026-07-05,B002,P001,31,6.9,4500,40,3
2026-07-05,B002,P002,27,3.4,6200,30,3
2026-07-05,B002,P003,38,3.9,3200,38,2
2026-07-05,B002,P004,28,5.0,4800,30,3
2026-07-05,B002,P005,41,2.7,18000,30,3
2026-07-05,B002,P006,25,4.0,4100,28,2
2026-07-05,B002,P007,26,1.9,9500,28,2
2026-07-05,B002,P008,27,3.4,2500,30,2
2026-07-05,B002,P009,31,2.9,2800,28,2
2026-07-05,B002,P010,39,3.9,1400,35,1
2026-07-05,B002,P011,34,2.6,2200,30,1
2026-07-05,B002,P012,14,1.5,11000,18,1
2026-07-05,B002,P013,14,1.1,15000,16,3
2026-07-05,B002,P014,18,1.5,12500,22,2
2026-07-05,B002,P015,25,2.0,11000,22,2
2026-07-05,B002,P016,42,9.9,900,40,2
2026-07-05,B003,P001,25,6.1,4500,35,3
2026-07-05,B003,P002,35,3.8,6200,30,3
2026-07-05,B003,P003,41,5.0,3200,38,2
2026-07-05,B003,P004,28,2.8,4800,30,2
2026-07-05,B003,P005,35,2.0,18000,25,3
2026-07-05,B003,P006,33,3.2,4100,28,3
2026-07-05,B003,P007,33,1.9,9500,28,1
2026-07-05,B003,P008,33,2.8,2500,30,3
2026-07-05,B003,P009,30,2.2,2800,28,2
2026-07-05,B003,P010,40,6.3,1400,35,3
2026-07-05,B003,P011,30,2.6,2200,30,2
2026-07-05,B003,P012,15,0.8,11000,18,3
2026-07-05,B003,P013,12,0.8,15000,16,2
2026-07-05,B003,P014,26,2.1,12500,22,1
2026-07-05,B003,P015,25,1.5,11000,22,2
2026-07-05,B003,P016,44,9.0,900,40,3
2026-07-05,B004,P001,32,3.0,4500,35,1
2026-07-05,B004,P002,20,4.9,6200,28,2
2026-07-05,B004,P003,40,4.1,3200,38,2
2026-07-05,B004,P004,28,1.4,4800,30,2
2026-07-05,B004,P005,29,2.1,18000,26,1
2026-07-05,B004,P006,27,1.6,4100,28,1
2026-07-05,B004,P007,31,1.2,9500,28,2
2026-07-05,B004,P008,26,2.8,2500,30,1
2026-07-05,B004,P009,24,2.3,2800,28,3
2026-07-05,B004,P010,35,4.3,1400,35,2
2026-07-05,B004,P011,34,1.8,2200,30,2
2026-07-05,B004,P012,19,1.0,11000,18,2
2026-07-05,B004,P013,17,0.7,15000,16,2
2026-07-05,B004,P014,27,0.9,12500,22,3
2026-07-05,B004,P015,21,1.4,11000,22,2
2026-07-05,B004,P016,44,6.1,900,40,2
2026-07-05,B005,P001,35,3.3,4500,35,2
2026-07-05,B005,P002,32,2.2,6200,30,3
2026-07-05,B005,P003,59,1.6,3200,40,3
2026-07-05,B005,P004,28,2.1,4800,30,1
2026-07-05,B005,P005,27,1.6,18000,26,2
2026-07-05,B005,P006,27,2.2,4100,28,3
2026-07-05,B005,P007,29,1.3,9500,28,3
2026-07-05,B005,P008,34,2.8,2500,30,2
2026-07-05,B005,P009,28,2.1,2800,28,2
2026-07-05,B005,P010,36,3.1,1400,35,2
2026-07-05,B005,P011,35,2.3,2200,30,3
2026-07-05,B005,P012,16,0.8,11000,18,2
2026-07-05,B005,P013,14,0.6,15000,16,2
2026-07-05,B005,P014,20,1.2,12500,22,2
2026-07-05,B005,P015,25,1.5,11000,22,2
2026-07-05,B005,P016,42,5.3,900,40,2
2026-07-06,B001,P001,32,3.7,4500,35,2
2026-07-06,B001,P002,28,3.0,6200,30,3
2026-07-06,B001,P003,43,3.5,3200,38,2
2026-07-06,B001,P004,27,3.2,4800,30,3
2026-07-06,B001,P005,25,5.0,18000,40,2
2026-07-06,B001,P006,27,2.7,4100,28,2
2026-07-06,B001,P007,28,1.7,9500,28,3
2026-07-06,B001,P008,26,2.8,2500,30,2
2026-07-06,B001,P009,32,1.8,2800,28,1
2026-07-06,B001,P010,32,5.6,1400,35,1
2026-07-06,B001,P011,27,2.3,2200,30,1
2026-07-06,B001,P012,20,1.2,11000,18,3
2026-07-06,B001,P013,16,0.7,15000,16,2
2026-07-06,B001,P014,22,1.9,12500,22,1
2026-07-06,B001,P015,23,1.4,11000,22,2
2026-07-06,B001,P016,41,8.3,900,40,2
2026-07-06,B002,P001,31,5.9,4500,40,2
2026-07-06,B002,P002,28,2.7,6200,30,2
2026-07-06,B002,P003,40,3.0,3200,38,2
2026-07-06,B002,P004,31,3.2,4800,30,2
2026-07-06,B002,P005,42,1.8,18000,30,3
2026-07-06,B002,P006,26,1.9,4100,28,2
2026-07-06,B002,P007,33,1.9,9500,28,1
2026-07-06,B002,P008,31,2.5,2500,30,2
2026-07-06,B002,P009,29,1.2,2800,28,3
2026-07-06,B002,P010,37,6.8,1400,35,2
2026-07-06,B002,P011,34,2.3,2200,30,2
2026-07-06,B002,P012,16,1.1,11000,18,2
2026-07-06,B002,P013,18,0.4,15000,16,3
2026-07-06,B002,P014,26,1.9,12500,22,3
2026-07-06,B002,P015,18,1.0,11000,22,1
2026-07-06,B002,P016,41,4.7,900,40,2
2026-07-06,B003,P001,24,4.6,4500,35,1
2026-07-06,B003,P002,28,2.3,6200,30,3
2026-07-06,B003,P003,38,3.6,3200,38,2
2026-07-06,B003,P004,32,2.2,4800,30,2
2026-07-06,B003,P005,33,1.2,18000,25,2
2026-07-06,B003,P006,33,2.9,4100,28,1
2026-07-06,B003,P007,27,2.0,9500,28,2
2026-07-06,B003,P008,26,2.4,2500,30,2
2026-07-06,B003,P009,27,2.4,2800,28,1
2026-07-06,B003,P010,37,2.7,1400,35,3
2026-07-06,B003,P011,33,1.4,2200,30,2
2026-07-06,B003,P012,21,1.0,11000,18,3
2026-07-06,B003,P013,17,0.8,15000,16,1
2026-07-06,B003,P014,20,1.2,12500,22,2
2026-07-06,B003,P015,22,1.8,11000,22,2
2026-07-06,B003,P016,36,5.9,900,40,2
2026-07-06,B004,P001,38,2.2,4500,35,2
2026-07-06,B004,P002,17,3.6,6200,28,3
2026-07-06,B004,P003,36,2.7,3200,38,2
2026-07-06,B004,P004,26,3.6,4800,30,2
2026-07-06,B004,P005,29,1.1,18000,26,2
2026-07-06,B004,P006,32,2.1,4100,28,2
2026-07-06,B004,P007,32,1.3,9500,28,2
2026-07-06,B004,P008,30,1.4,2500,30,1
2026-07-06,B004,P009,27,1.1,2800,28,2
2026-07-06,B004,P010,40,2.5,1400,35,2
2026-07-06,B004,P011,31,1.9,2200,30,3
2026-07-06,B004,P012,21,0.6,11000,18,3
2026-07-06,B004,P013,21,0.5,15000,16,2
2026-07-06,B004,P014,23,1.3,12500,22,3
2026-07-06,B004,P015,25,1.1,11000,22,3
2026-07-06,B004,P016,37,5.1,900,40,1
2026-07-06,B005,P001,32,1.9,4500,35,2
2026-07-06,B005,P002,33,1.6,6200,30,3
2026-07-06,B005,P003,60,1.3,3200,40,1
2026-07-06,B005,P004,29,2.2,4800,30,1
2026-07-06,B005,P005,24,0.8,18000,26,2
2026-07-06,B005,P006,26,2.3,4100,28,1
2026-07-06,B005,P007,26,1.1,9500,28,1
2026-07-06,B005,P008,30,1.6,2500,30,3
2026-07-06,B005,P009,31,1.1,2800,28,1
2026-07-06,B005,P010,36,3.7,1400,35,1
2026-07-06,B005,P011,35,2.2,2200,30,2
2026-07-06,B005,P012,23,0.6,11000,18,2
2026-07-06,B005,P013,13,0.5,15000,16,1
2026-07-06,B005,P014,25,1.0,12500,22,2
2026-07-06,B005,P015,18,0.9,11000,22,3
2026-07-06,B005,P016,36,3.4,900,40,2
2026-07-07,B001,P001,40,2.8,4500,35,2
2026-07-07,B001,P002,29,4.2,6200,30,1
2026-07-07,B001,P003,43,2.8,3200,38,1
2026-07-07,B001,P004,27,3.5,4800,30,2
2026-07-07,B001,P005,25,5.0,18000,40,2
2026-07-07,B001,P006,32,3.0,4100,28,2
2026-07-07,B001,P007,32,2.4,9500,28,1
2026-07-07,B001,P008,30,3.5,2500,30,1
2026-07-07,B001,P009,25,1.8,2800,28,2
2026-07-07,B001,P010,35,5.6,1400,35,2
2026-07-07,B001,P011,31,2.5,2200,30,2
2026-07-07,B001,P012,20,0.9,11000,18,2
2026-07-07,B001,P013,18,0.7,15000,16,3
2026-07-07,B001,P014,24,1.1,12500,22,2
2026-07-07,B001,P015,22,2.0,11000,22,3
2026-07-07,B001,P016,43,5.5,900,40,1
2026-07-07,B002,P001,28,5.2,4500,40,3
2026-07-07,B002,P002,28,3.5,6200,30,1
2026-07-07,B002,P003,41,5.1,3200,38,2
2026-07-07,B002,P004,26,2.9,4800,30,3
2026-07-07,B002,P005,42,1.0,18000,30,2
2026-07-07,B002,P006,26,3.3,4100,28,2
2026-07-07,B002,P007,28,1.2,9500,28,3
2026-07-07,B002,P008,35,1.8,2500,30,3
2026-07-07,B002,P009,26,2.0,2800,28,2
2026-07-07,B002,P010,31,4.4,1400,35,2
2026-07-07,B002,P011,26,3.0,2200,30,3
2026-07-07,B002,P012,16,0.9,11000,18,3
2026-07-07,B002,P013,19,0.9,15000,16,2
2026-07-07,B002,P014,26,1.6,12500,22,2
2026-07-07,B002,P015,19,1.4,11000,22,2
2026-07-07,B002,P016,43,6.2,900,40,2
2026-07-07,B003,P001,26,5.6,4500,35,2
2026-07-07,B003,P002,29,2.6,6200,30,2
2026-07-07,B003,P003,43,4.5,3200,38,1
2026-07-07,B003,P004,31,3.0,4800,30,3
2026-07-07,B003,P005,33,1.8,18000,25,1
2026-07-07,B003,P006,28,2.5,4100,28,1
2026-07-07,B003,P007,33,1.4,9500,28,2
2026-07-07,B003,P008,31,3.1,2500,30,2
2026-07-07,B003,P009,30,1.9,2800,28,2
2026-07-07,B003,P010,31,4.1,1400,35,2
2026-07-07,B003,P011,31,2.5,2200,30,2
2026-07-07,B003,P012,16,1.2,11000,18,3
2026-07-07,B003,P013,19,0.8,15000,16,1
2026-07-07,B003,P014,21,1.2,12500,22,2
2026-07-07,B003,P015,26,0.8,11000,22,2
2026-07-07,B003,P016,39,5.9,900,40,1
2026-07-07,B004,P001,31,2.4,4500,35,2
2026-07-07,B004,P002,17,4.0,6200,28,1
2026-07-07,B004,P003,39,2.8,3200,38,3
2026-07-07,B004,P004,31,2.7,4800,30,2
2026-07-07,B004,P005,33,1.2,18000,26,2
2026-07-07,B004,P006,31,1.7,4100,28,3
2026-07-07,B004,P007,26,1.5,9500,28,2
2026-07-07,B004,P008,33,1.7,2500,30,3
2026-07-07,B004,P009,32,1.7,2800,28,3
2026-07-07,B004,P010,38,3.4,1400,35,2
2026-07-07,B004,P011,35,2.0,2200,30,2
2026-07-07,B004,P012,22,0.9,11000,18,3
2026-07-07,B004,P013,14,0.9,15000,16,2
2026-07-07,B004,P014,22,1.1,12500,22,2
2026-07-07,B004,P015,18,1.0,11000,22,1
2026-07-07,B004,P016,45,4.4,900,40,3
2026-07-07,B005,P001,32,1.9,4500,35,2
2026-07-07,B005,P002,27,2.0,6200,30,3
2026-07-07,B005,P003,58,0.6,3200,40,2
2026-07-07,B005,P004,28,1.6,4800,30,1
2026-07-07,B005,P005,29,1.0,18000,26,2
2026-07-07,B005,P006,29,1.9,4100,28,2
2026-07-07,B005,P007,28,1.2,9500,28,1
2026-07-07,B005,P008,34,2.1,2500,30,2
2026-07-07,B005,P009,28,1.5,2800,28,2
2026-07-07,B005,P010,34,1.5,1400,35,2
2026-07-07,B005,P011,33,1.4,2200,30,3
2026-07-07,B005,P012,16,0.7,11000,18,2
2026-07-07,B005,P013,21,0.6,15000,16,2
2026-07-07,B005,P014,22,0.6,12500,22,2
2026-07-07,B005,P015,19,0.9,11000,22,2
2026-07-07,B005,P016,42,4.7,900,40,1
2026-07-08,B001,P001,32,4.5,4500,35,3
2026-07-08,B001,P002,29,3.0,6200,30,1
2026-07-08,B001,P003,40,5.4,3200,38,2
2026-07-08,B001,P004,33,2.6,4800,30,2
2026-07-08,B001,P005,24,5.0,18000,40,2
2026-07-08,B001,P006,32,2.2,4100,28,2
2026-07-08,B001,P007,27,1.7,9500,28,2
2026-07-08,B001,P008,29,2.9,2500,30,2
2026-07-08,B001,P009,27,2.2,2800,28,1
2026-07-08,B001,P010,32,4.4,1400,35,3
2026-07-08,B001,P011,32,1.6,2200,30,3
2026-07-08,B001,P012,21,0.8,11000,18,3
2026-07-08,B001,P013,16,0.9,15000,16,1
2026-07-08,B001,P014,19,1.1,12500,22,1
2026-07-08,B001,P015,20,1.1,11000,22,3
2026-07-08,B001,P016,38,8.6,900,40,2
2026-07-08,B002,P001,29,5.4,4500,40,3
2026-07-08,B002,P002,26,3.0,6200,30,2
2026-07-08,B002,P003,34,2.5,3200,38,1
2026-07-08,B002,P004,31,1.8,4800,30,1
2026-07-08,B002,P005,43,2.2,18000,30,2
2026-07-08,B002,P006,29,2.4,4100,28,3
2026-07-08,B002,P007,32,1.8,9500,28,1
2026-07-08,B002,P008,28,2.3,2500,30,3
2026-07-08,B002,P009,32,2.3,2800,28,1
2026-07-08,B002,P010,33,4.9,1400,35,2
2026-07-08,B002,P011,35,2.0,2200,30,2
2026-07-08,B002,P012,22,0.8,11000,18,2
2026-07-08,B002,P013,15,0.6,15000,16,2
2026-07-08,B002,P014,20,1.5,12500,22,2
2026-07-08,B002,P015,18,1.5,11000,22,2
2026-07-08,B002,P016,45,7.2,900,40,3
2026-07-08,B003,P001,24,4.9,4500,35,3
2026-07-08,B003,P002,29,2.3,6200,30,1
2026-07-08,B003,P003,37,2.7,3200,38,2
2026-07-08,B003,P004,29,2.8,4800,30,2
2026-07-08,B003,P005,33,1.9,18000,25,2
2026-07-08,B003,P006,24,2.4,4100,28,2
2026-07-08,B003,P007,31,1.3,9500,28,3
2026-07-08,B003,P008,29,2.0,2500,30,2
2026-07-08,B003,P009,24,3.0,2800,28,2
2026-07-08,B003,P010,32,3.4,1400,35,2
2026-07-08,B003,P011,31,2.4,2200,30,3
2026-07-08,B003,P012,15,0.7,11000,18,2
2026-07-08,B003,P013,16,0.7,15000,16,2
2026-07-08,B003,P014,20,1.1,12500,22,2
2026-07-08,B003,P015,18,1.3,11000,22,3
2026-07-08,B003,P016,43,5.6,900,40,2
2026-07-08,B004,P001,37,3.1,4500,35,2
2026-07-08,B004,P002,17,4.3,6200,28,2
2026-07-08,B004,P003,36,2.4,3200,38,1
2026-07-08,B004,P004,27,2.4,4800,30,2
2026-07-08,B004,P005,29,1.2,18000,26,2
2026-07-08,B004,P006,25,1.4,4100,28,1
2026-07-08,B004,P007,33,1.2,9500,28,3
2026-07-08,B004,P008,35,1.7,2500,30,2
2026-07-08,B004,P009,24,2.2,2800,28,2
2026-07-08,B004,P010,36,3.3,1400,35,2
2026-07-08,B004,P011,34,1.2,2200,30,1
2026-07-08,B004,P012,21,1.0,11000,18,2
2026-07-08,B004,P013,18,0.6,15000,16,3
2026-07-08,B004,P014,27,1.0,12500,22,3
2026-07-08,B004,P015,19,1.3,11000,22,1
2026-07-08,B004,P016,42,4.2,900,40,3
2026-07-08,B005,P001,39,2.5,4500,35,2
2026-07-08,B005,P002,35,1.2,6200,30,1
2026-07-08,B005,P003,60,1.1,3200,40,2
2026-07-08,B005,P004,31,1.8,4800,30,1
2026-07-08,B005,P005,26,1.3,18000,26,3
2026-07-08,B005,P006,29,1.2,4100,28,2
2026-07-08,B005,P007,27,1.0,9500,28,1
2026-07-08,B005,P008,33,1.1,2500,30,1
2026-07-08,B005,P009,29,1.1,2800,28,1
2026-07-08,B005,P010,34,3.8,1400,35,1
2026-07-08,B005,P011,29,1.7,2200,30,1
2026-07-08,B005,P012,18,0.6,11000,18,2
2026-07-08,B005,P013,14,0.4,15000,16,2
2026-07-08,B005,P014,22,0.8,12500,22,2
2026-07-08,B005,P015,23,1.1,11000,22,2
2026-07-08,B005,P016,39,5.7,900,40,2
2026-07-09,B001,P001,32,4.9,4500,35,1
2026-07-09,B001,P002,35,3.0,6200,30,1
2026-07-09,B001,P003,41,3.7,3200,38,2
2026-07-09,B001,P004,35,4.2,4800,30,1
2026-07-09,B001,P005,24,5.0,18000,40,2
2026-07-09,B001,P006,30,2.9,4100,28,1
2026-07-09,B001,P007,32,1.4,9500,28,2
2026-07-09,B001,P008,35,2.6,2500,30,2
2026-07-09,B001,P009,26,1.4,2800,28,2
2026-07-09,B001,P010,37,6.0,1400,35,2
2026-07-09,B001,P011,29,2.2,2200,30,3
2026-07-09,B001,P012,16,1.0,11000,18,1
2026-07-09,B001,P013,13,1.0,15000,16,2
2026-07-09,B001,P014,18,1.9,12500,22,2
2026-07-09,B001,P015,27,1.8,11000,22,3
2026-07-09,B001,P016,41,6.4,900,40,3
2026-07-09,B002,P001,30,6.1,4500,40,2
2026-07-09,B002,P002,34,3.7,6200,30,3
2026-07-09,B002,P003,40,3.2,3200,38,2
2026-07-09,B002,P004,28,2.1,4800,30,2
2026-07-09,B002,P005,44,1.8,18000,30,1
2026-07-09,B002,P006,31,2.5,4100,28,3
2026-07-09,B002,P007,27,1.7,9500,28,1
2026-07-09,B002,P008,28,3.0,2500,30,2
2026-07-09,B002,P009,31,1.9,2800,28,2
2026-07-09,B002,P010,35,4.1,1400,35,2
2026-07-09,B002,P011,29,2.6,2200,30,2
2026-07-09,B002,P012,16,0.9,11000,18,1
2026-07-09,B002,P013,15,0.6,15000,16,2
2026-07-09,B002,P014,20,1.6,12500,22,3
2026-07-09,B002,P015,23,1.3,11000,22,2
2026-07-09,B002,P016,42,8.0,900,40,1
2026-07-09,B003,P001,26,4.7,4500,35,3
2026-07-09,B003,P002,28,2.6,6200,30,2
2026-07-09,B003,P003,39,2.5,3200,38,2
2026-07-09,B003,P004,35,4.0,4800,30,2
2026-07-09,B003,P005,32,1.6,18000,25,3
2026-07-09,B003,P006,31,2.0,4100,28,3
2026-07-09,B003,P007,32,1.1,9500,28,2
2026-07-09,B003,P008,35,3.1,2500,30,3
2026-07-09,B003,P009,30,1.5,2800,28,1
2026-07-09,B003,P010,35,3.7,1400,35,3
2026-07-09,B003,P011,31,1.4,2200,30,1
2026-07-09,B003,P012,23,0.6,11000,18,2
2026-07-09,B003,P013,13,0.8,15000,16,2
2026-07-09,B003,P014,21,1.3,12500,22,3
2026-07-09,B003,P015,23,1.3,11000,22,2
2026-07-09,B003,P016,41,5.6,900,40,2
2026-07-09,B004,P001,38,1.9,4500,35,2
2026-07-09,B004,P002,18,3.9,6200,28,1
2026-07-09,B004,P003,41,2.9,3200,38,3
2026-07-09,B004,P004,33,2.7,4800,30,3
2026-07-09,B004,P005,31,1.4,18000,26,3
2026-07-09,B004,P006,29,2.4,4100,28,2
2026-07-09,B004,P007,33,1.4,9500,28,2
2026-07-09,B004,P008,27,2.1,2500,30,2
2026-07-09,B004,P009,24,1.8,2800,28,1
2026-07-09,B004,P010,40,3.0,1400,35,1
2026-07-09,B004,P011,33,1.9,2200,30,3
2026-07-09,B004,P012,21,0.7,11000,18,3
2026-07-09,B004,P013,20,0.9,15000,16,2
2026-07-09,B004,P014,26,1.1,12500,22,3
2026-07-09,B004,P015,21,0.7,11000,22,2
2026-07-09,B004,P016,41,4.7,900,40,2
2026-07-09,B005,P001,31,2.1,4500,35,3
2026-07-09,B005,P002,34,2.2,6200,30,3
2026-07-09,B005,P003,60,1.5,3200,40,2
2026-07-09,B005,P004,31,1.8,4800,30,3
2026-07-09,B005,P005,29,1.0,18000,26,2
2026-07-09,B005,P006,31,1.4,4100,28,3
2026-07-09,B005,P007,33,1.0,9500,28,2
2026-07-09,B005,P008,26,2.0,2500,30,1
2026-07-09,B005,P009,29,0.7,2800,28,2
2026-07-09,B005,P010,40,3.5,1400,35,3
2026-07-09,B005,P011,30,2.1,2200,30,1
2026-07-09,B005,P012,16,0.4,11000,18,3
2026-07-09,B005,P013,20,0.5,15000,16,2
2026-07-09,B005,P014,20,1.1,12500,22,2
2026-07-09,B005,P015,19,1.0,11000,22,2
2026-07-09,B005,P016,42,3.1,900,40,3
2026-07-10,B001,P001,38,3.7,4500,35,1
2026-07-10,B001,P002,35,3.3,6200,30,1
2026-07-10,B001,P003,35,4.1,3200,38,1
2026-07-10,B001,P004,35,3.9,4800,30,1
2026-07-10,B001,P005,23,5.0,18000,40,2
2026-07-10,B001,P006,28,3.4,4100,28,2
2026-07-10,B001,P007,33,1.7,9500,28,3
2026-07-10,B001,P008,31,3.3,2500,30,2
2026-07-10,B001,P009,24,2.1,2800,28,1
2026-07-10,B001,P010,34,4.7,1400,35,3
2026-07-10,B001,P011,35,2.4,2200,30,2
2026-07-10,B001,P012,18,0.9,11000,18,1
2026-07-10,B001,P013,12,0.8,15000,16,2
2026-07-10,B001,P014,21,1.1,12500,22,2
2026-07-10,B001,P015,26,1.8,11000,22,2
2026-07-10,B001,P016,39,6.4,900,40,2
2026-07-10,B002,P001,28,6.2,4500,40,3
2026-07-10,B002,P002,28,2.8,6200,30,1
2026-07-10,B002,P003,41,2.9,3200,38,3
2026-07-10,B002,P004,28,2.3,4800,30,2
2026-07-10,B002,P005,44,1.8,18000,30,1
2026-07-10,B002,P006,27,2.1,4100,28,3
2026-07-10,B002,P007,33,1.3,9500,28,2
2026-07-10,B002,P008,27,2.7,2500,30,2
2026-07-10,B002,P009,25,2.4,2800,28,1
2026-07-10,B002,P010,34,4.8,1400,35,2
2026-07-10,B002,P011,31,1.6,2200,30,3
2026-07-10,B002,P012,23,0.8,11000,18,2
2026-07-10,B002,P013,18,0.7,15000,16,2
2026-07-10,B002,P014,18,1.6,12500,22,1
2026-07-10,B002,P015,26,1.3,11000,22,2
2026-07-10,B002,P016,44,6.3,900,40,2
2026-07-10,B003,P001,23,4.4,4500,35,2
2026-07-10,B003,P002,26,2.7,6200,30,3
2026-07-10,B003,P003,39,4.1,3200,38,2
2026-07-10,B003,P004,27,2.9,4800,30,2
2026-07-10,B003,P005,33,1.5,18000,25,2
2026-07-10,B003,P006,29,2.1,4100,28,3
2026-07-10,B003,P007,28,1.5,9500,28,2
2026-07-10,B003,P008,28,1.5,2500,30,2
2026-07-10,B003,P009,30,2.1,2800,28,1
2026-07-10,B003,P010,36,5.0,1400,35,3
2026-07-10,B003,P011,35,2.5,2200,30,3
2026-07-10,B003,P012,22,0.9,11000,18,2
2026-07-10,B003,P013,16,1.0,15000,16,2
2026-07-10,B003,P014,22,1.4,12500,22,2
2026-07-10,B003,P015,27,1.3,11000,22,2
2026-07-10,B003,P016,40,6.7,900,40,2
2026-07-10,B004,P001,35,2.6,4500,35,1
2026-07-10,B004,P002,16,4.8,6200,28,2
2026-07-10,B004,P003,38,3.8,3200,38,1
2026-07-10,B004,P004,33,3.1,4800,30,3
2026-07-10,B004,P005,33,1.8,18000,26,1
2026-07-10,B004,P006,27,2.1,4100,28,2
2026-07-10,B004,P007,31,1.0,9500,28,1
2026-07-10,B004,P008,31,2.7,2500,30,1
2026-07-10,B004,P009,33,1.9,2800,28,3
2026-07-10,B004,P010,39,4.7,1400,35,2
2026-07-10,B004,P011,34,2.5,2200,30,2
2026-07-10,B004,P012,15,0.6,11000,18,3
2026-07-10,B004,P013,17,0.5,15000,16,1
2026-07-10,B004,P014,23,0.8,12500,22,1
2026-07-10,B004,P015,27,1.0,11000,22,2
2026-07-10,B004,P016,43,4.6,900,40,2
2026-07-10,B005,P001,36,2.1,4500,35,1
2026-07-10,B005,P002,31,2.1,6200,30,1
2026-07-10,B005,P003,59,1.2,3200,40,2
2026-07-10,B005,P004,29,2.0,4800,30,1
2026-07-10,B005,P005,29,0.7,18000,26,3
2026-07-10,B005,P006,28,1.4,4100,28,2
2026-07-10,B005,P007,27,0.9,9500,28,2
2026-07-10,B005,P008,28,1.2,2500,30,1
2026-07-10,B005,P009,33,1.3,2800,28,2
2026-07-10,B005,P010,34,2.0,1400,35,1
2026-07-10,B005,P011,29,1.4,2200,30,2
2026-07-10,B005,P012,20,0.6,11000,18,2
2026-07-10,B005,P013,15,0.6,15000,16,3
2026-07-10,B005,P014,24,0.7,12500,22,1
2026-07-10,B005,P015,20,0.9,11000,22,2
2026-07-10,B005,P016,36,3.7,900,40,2
2026-07-11,B001,P001,39,3.2,4500,35,1
2026-07-11,B001,P002,34,4.9,6200,30,2
2026-07-11,B001,P003,40,5.2,3200,38,2
2026-07-11,B001,P004,34,4.4,4800,30,1
2026-07-11,B001,P005,23,5.0,18000,40,2
2026-07-11,B001,P006,30,3.5,4100,28,3
2026-07-11,B001,P007,31,2.0,9500,28,3
2026-07-11,B001,P008,32,4.0,2500,30,3
2026-07-11,B001,P009,24,3.5,2800,28,3
2026-07-11,B001,P010,38,5.9,1400,35,1
2026-07-11,B001,P011,27,1.8,2200,30,2
2026-07-11,B001,P012,15,1.1,11000,18,3
2026-07-11,B001,P013,13,1.1,15000,16,2
2026-07-11,B001,P014,19,1.8,12500,22,1
2026-07-11,B001,P015,21,2.1,11000,22,3
2026-07-11,B001,P016,45,9.5,900,40,1
2026-07-11,B002,P001,26,7.6,4500,40,1
2026-07-11,B002,P002,31,5.2,6200,30,3
2026-07-11,B002,P003,39,6.0,3200,38,2
2026-07-11,B002,P004,29,4.5,4800,30,3
2026-07-11,B002,P005,43,2.9,18000,30,2
2026-07-11,B002,P006,31,3.4,4100,28,1
2026-07-11,B002,P007,28,1.1,9500,28,1
2026-07-11,B002,P008,34,3.6,2500,30,3
2026-07-11,B002,P009,31,3.1,2800,28,2
2026-07-11,B002,P010,36,5.3,1400,35,2
2026-07-11,B002,P011,34,1.6,2200,30,2
2026-07-11,B002,P012,19,1.0,11000,18,2
2026-07-11,B002,P013,16,1.0,15000,16,3
2026-07-11,B002,P014,25,1.9,12500,22,3
2026-07-11,B002,P015,26,2.0,11000,22,3
2026-07-11,B002,P016,41,7.7,900,40,3
2026-07-11,B003,P001,24,5.9,4500,35,2
2026-07-11,B003,P002,29,3.2,6200,30,3
2026-07-11,B003,P003,36,2.9,3200,38,3
2026-07-11,B003,P004,29,3.1,4800,30,1
2026-07-11,B003,P005,32,2.6,18000,25,1
2026-07-11,B003,P006,31,2.9,4100,28,2
2026-07-11,B003,P007,30,2.3,9500,28,2
2026-07-11,B003,P008,33,3.5,2500,30,1
2026-07-11,B003,P009,24,2.4,2800,28,3
2026-07-11,B003,P010,32,5.4,1400,35,1
2026-07-11,B003,P011,35,3.1,2200,30,3
2026-07-11,B003,P012,15,0.8,11000,18,3
2026-07-11,B003,P013,13,1.1,15000,16,1
2026-07-11,B003,P014,20,1.1,12500,22,3
2026-07-11,B003,P015,19,1.7,11000,22,2
2026-07-11,B003,P016,45,7.0,900,40,1
2026-07-11,B004,P001,31,3.8,4500,35,2
2026-07-11,B004,P002,17,4.5,6200,28,2
2026-07-11,B004,P003,43,3.7,3200,38,2
2026-07-11,B004,P004,34,2.7,4800,30,2
2026-07-11,B004,P005,32,1.3,18000,26,3
2026-07-11,B004,P006,25,2.6,4100,28,2
2026-07-11,B004,P007,29,1.5,9500,28,2
2026-07-11,B004,P008,33,2.5,2500,30,2
2026-07-11,B004,P009,29,1.8,2800,28,1
2026-07-11,B004,P010,31,7.0,1400,35,3
2026-07-11,B004,P011,32,1.7,2200,30,2
2026-07-11,B004,P012,21,0.7,11000,18,1
2026-07-11,B004,P013,21,0.7,15000,16,3
2026-07-11,B004,P014,23,1.7,12500,22,2
2026-07-11,B004,P015,21,1.7,11000,22,2
2026-07-11,B004,P016,42,5.8,900,40,2
2026-07-11,B005,P001,31,3.5,4500,35,3
2026-07-11,B005,P002,28,3.1,6200,30,2
2026-07-11,B005,P003,62,1.8,3200,40,1
2026-07-11,B005,P004,32,1.8,4800,30,1
2026-07-11,B005,P005,24,1.3,18000,26,1
2026-07-11,B005,P006,29,2.2,4100,28,2
2026-07-11,B005,P007,32,1.5,9500,28,2
2026-07-11,B005,P008,29,2.3,2500,30,1
2026-07-11,B005,P009,27,2.4,2800,28,2
2026-07-11,B005,P010,33,3.4,1400,35,1
2026-07-11,B005,P011,26,1.7,2200,30,2
2026-07-11,B005,P012,23,0.9,11000,18,1
2026-07-11,B005,P013,16,0.6,15000,16,3
2026-07-11,B005,P014,25,1.1,12500,22,1
2026-07-11,B005,P015,20,1.2,11000,22,2
2026-07-11,B005,P016,40,5.5,900,40,2
2026-07-12,B001,P001,39,5.2,4500,35,2
2026-07-12,B001,P002,27,4.3,6200,30,3
2026-07-12,B001,P003,35,4.5,3200,38,2
2026-07-12,B001,P004,35,3.2,4800,30,2
2026-07-12,B001,P005,23,5.0,18000,40,2
2026-07-12,B001,P006,32,2.8,4100,28,2
2026-07-12,B001,P007,26,2.7,9500,28,2
2026-07-12,B001,P008,26,3.5,2500,30,1
2026-07-12,B001,P009,28,3.4,2800,28,2
2026-07-12,B001,P010,36,6.6,1400,35,2
2026-07-12,B001,P011,32,3.2,2200,30,3
2026-07-12,B001,P012,19,1.0,11000,18,1
2026-07-12,B001,P013,16,1.2,15000,16,2
2026-07-12,B001,P014,22,1.7,12500,22,1
2026-07-12,B001,P015,27,1.4,11000,22,2
2026-07-12,B001,P016,37,7.9,900,40,1
2026-07-12,B002,P001,26,6.7,4500,40,3
2026-07-12,B002,P002,34,3.4,6200,30,2
2026-07-12,B002,P003,37,5.2,3200,38,2
2026-07-12,B002,P004,28,4.1,4800,30,2
2026-07-12,B002,P005,44,2.3,18000,30,2
2026-07-12,B002,P006,31,2.4,4100,28,2
2026-07-12,B002,P007,29,1.6,9500,28,1
2026-07-12,B002,P008,28,3.1,2500,30,2
2026-07-12,B002,P009,25,2.0,2800,28,2
2026-07-12,B002,P010,34,5.6,1400,35,3
2026-07-12,B002,P011,27,3.8,2200,30,3
2026-07-12,B002,P012,16,1.4,11000,18,1
2026-07-12,B002,P013,17,1.1,15000,16,1
2026-07-12,B002,P014,24,1.7,12500,22,2
2026-07-12,B002,P015,22,1.3,11000,22,1
2026-07-12,B002,P016,41,5.8,900,40,1
2026-07-12,B003,P001,22,6.6,4500,35,3
2026-07-12,B003,P002,34,2.9,6200,30,2
2026-07-12,B003,P003,41,4.3,3200,38,3
2026-07-12,B003,P004,26,3.3,4800,30,3
2026-07-12,B003,P005,36,1.8,18000,25,1
2026-07-12,B003,P006,27,2.4,4100,28,3
2026-07-12,B003,P007,32,2.3,9500,28,2
2026-07-12,B003,P008,33,2.9,2500,30,1
2026-07-12,B003,P009,31,2.7,2800,28,2
2026-07-12,B003,P010,36,5.6,1400,35,1
2026-07-12,B003,P011,28,3.0,2200,30,2
2026-07-12,B003,P012,21,1.1,11000,18,3
2026-07-12,B003,P013,17,1.0,15000,16,2
2026-07-12,B003,P014,26,1.3,12500,22,1
2026-07-12,B003,P015,23,1.5,11000,22,2
2026-07-12,B003,P016,43,9.2,900,40,1
2026-07-12,B004,P001,36,3.1,4500,35,3
2026-07-12,B004,P002,14,5.1,6200,28,1
2026-07-12,B004,P003,35,3.4,3200,38,2
2026-07-12,B004,P004,31,2.6,4800,30,3
2026-07-12,B004,P005,32,2.0,18000,26,3
2026-07-12,B004,P006,28,2.5,4100,28,2
2026-07-12,B004,P007,29,1.3,9500,28,2
2026-07-12,B004,P008,28,2.5,2500,30,2
2026-07-12,B004,P009,33,2.1,2800,28,2
2026-07-12,B004,P010,40,3.7,1400,35,1
2026-07-12,B004,P011,33,2.1,2200,30,1
2026-07-12,B004,P012,21,0.8,11000,18,3
2026-07-12,B004,P013,12,0.7,15000,16,1
2026-07-12,B004,P014,18,0.8,12500,22,2
2026-07-12,B004,P015,27,1.4,11000,22,1
2026-07-12,B004,P016,37,6.0,900,40,2
2026-07-12,B005,P001,38,3.7,4500,35,2
2026-07-12,B005,P002,31,2.4,6200,30,2
2026-07-12,B005,P003,60,1.7,3200,40,1
2026-07-12,B005,P004,29,2.4,4800,30,2
2026-07-12,B005,P005,27,1.2,18000,26,2
2026-07-12,B005,P006,30,1.6,4100,28,3
2026-07-12,B005,P007,24,1.5,9500,28,2
2026-07-12,B005,P008,33,2.8,2500,30,2
2026-07-12,B005,P009,30,1.6,2800,28,2
2026-07-12,B005,P010,38,4.3,1400,35,2
2026-07-12,B005,P011,30,2.9,2200,30,2
2026-07-12,B005,P012,20,1.0,11000,18,1
2026-07-12,B005,P013,17,0.8,15000,16,2
2026-07-12,B005,P014,27,0.8,12500,22,1
2026-07-12,B005,P015,19,0.9,11000,22,1
2026-07-12,B005,P016,42,6.0,900,40,3
2026-07-13,B001,P001,40,3.7,4500,35,1
2026-07-13,B001,P002,33,1.9,6200,30,1
2026-07-13,B001,P003,40,3.7,3200,38,1
2026-07-13,B001,P004,33,3.6,4800,30,3
2026-07-13,B001,P005,22,5.0,18000,40,2
2026-07-13,B001,P006,29,1.6,4100,28,1
2026-07-13,B001,P007,25,1.8,9500,28,2
2026-07-13,B001,P008,35,3.0,2500,30,1
2026-07-13,B001,P009,30,1.7,2800,28,2
2026-07-13,B001,P010,36,4.1,1400,35,2
2026-07-13,B001,P011,31,2.3,2200,30,2
2026-07-13,B001,P012,15,0.9,11000,18,2
2026-07-13,B001,P013,20,0.7,15000,16,2
2026-07-13,B001,P014,20,1.8,12500,22,2
2026-07-13,B001,P015,24,1.7,11000,22,1
2026-07-13,B001,P016,38,5.0,900,40,2
2026-07-13,B002,P001,27,5.7,4500,40,3
2026-07-13,B002,P002,27,2.1,6200,30,1
2026-07-13,B002,P003,34,2.7,3200,38,2
2026-07-13,B002,P004,35,2.9,4800,30,1
2026-07-13,B002,P005,43,2.1,18000,30,2
2026-07-13,B002,P006,33,2.4,4100,28,1
2026-07-13,B002,P007,33,1.6,9500,28,1
2026-07-13,B002,P008,29,2.6,2500,30,3
2026-07-13,B002,P009,33,2.1,2800,28,2
2026-07-13,B002,P010,31,4.5,1400,35,3
2026-07-13,B002,P011,29,2.3,2200,30,2
2026-07-13,B002,P012,15,1.0,11000,18,2
2026-07-13,B002,P013,17,0.7,15000,16,1
2026-07-13,B002,P014,19,1.6,12500,22,2
2026-07-13,B002,P015,24,1.1,11000,22,1
2026-07-13,B002,P016,39,6.0,900,40,3
2026-07-13,B003,P001,19,4.7,4500,35,3
2026-07-13,B003,P002,32,2.7,6200,30,2
2026-07-13,B003,P003,39,2.9,3200,38,2
2026-07-13,B003,P004,26,3.3,4800,30,3
2026-07-13,B003,P005,34,1.1,18000,25,2
2026-07-13,B003,P006,29,2.3,4100,28,1
2026-07-13,B003,P007,33,1.6,9500,28,1
2026-07-13,B003,P008,26,2.8,2500,30,3
2026-07-13,B003,P009,32,2.1,2800,28,1
2026-07-13,B003,P010,38,4.4,1400,35,2
2026-07-13,B003,P011,30,2.1,2200,30,3
2026-07-13,B003,P012,22,0.7,11000,18,2
2026-07-13,B003,P013,18,0.9,15000,16,3
2026-07-13,B003,P014,26,1.0,12500,22,2
2026-07-13,B003,P015,25,1.6,11000,22,2
2026-07-13,B003,P016,37,5.1,900,40,2
2026-07-13,B004,P001,31,2.3,4500,35,2
2026-07-13,B004,P002,14,4.3,6200,28,3
2026-07-13,B004,P003,39,2.9,3200,38,2
2026-07-13,B004,P004,32,2.5,4800,30,2
2026-07-13,B004,P005,32,1.5,18000,26,1
2026-07-13,B004,P006,31,1.1,4100,28,3
2026-07-13,B004,P007,28,1.5,9500,28,2
2026-07-13,B004,P008,33,2.0,2500,30,3
2026-07-13,B004,P009,30,2.2,2800,28,2
2026-07-13,B004,P010,31,3.0,1400,35,2
2026-07-13,B004,P011,29,2.0,2200,30,2
2026-07-13,B004,P012,23,0.8,11000,18,2
2026-07-13,B004,P013,16,0.6,15000,16,2
2026-07-13,B004,P014,22,0.9,12500,22,1
2026-07-13,B004,P015,20,1.1,11000,22,3
2026-07-13,B004,P016,37,5.3,900,40,1
2026-07-13,B005,P001,38,2.0,4500,35,2
2026-07-13,B005,P002,35,2.3,6200,30,2
2026-07-13,B005,P003,62,0.9,3200,40,2
2026-07-13,B005,P004,30,1.7,4800,30,2
2026-07-13,B005,P005,26,1.0,18000,26,2
2026-07-13,B005,P006,29,0.7,4100,28,2
2026-07-13,B005,P007,25,1.1,9500,28,2
2026-07-13,B005,P008,30,2.1,2500,30,1
2026-07-13,B005,P009,29,1.4,2800,28,2
2026-07-13,B005,P010,40,2.7,1400,35,2
2026-07-13,B005,P011,35,1.0,2200,30,2
2026-07-13,B005,P012,20,0.7,11000,18,2
2026-07-13,B005,P013,20,0.5,15000,16,2
2026-07-13,B005,P014,26,0.5,12500,22,2
2026-07-13,B005,P015,24,0.5,11000,22,2
2026-07-13,B005,P016,39,4.2,900,40,2
2026-07-14,B001,P001,35,3.1,4500,35,2
2026-07-14,B001,P002,28,2.5,6200,30,2
2026-07-14,B001,P003,37,3.4,3200,38,1
2026-07-14,B001,P004,27,2.4,4800,30,3
2026-07-14,B001,P005,22,5.0,18000,40,2
2026-07-14,B001,P006,33,2.8,4100,28,2
2026-07-14,B001,P007,24,1.7,9500,28,2
2026-07-14,B001,P008,27,2.8,2500,30,1
2026-07-14,B001,P009,29,1.6,2800,28,2
2026-07-14,B001,P010,31,4.9,1400,35,2
2026-07-14,B001,P011,33,2.8,2200,30,2
2026-07-14,B001,P012,16,1.2,11000,18,2
2026-07-14,B001,P013,12,0.9,15000,16,2
2026-07-14,B001,P014,25,1.9,12500,22,3
2026-07-14,B001,P015,22,1.3,11000,22,1
2026-07-14,B001,P016,38,9.0,900,40,1
2026-07-14,B002,P001,31,6.0,4500,40,3
2026-07-14,B002,P002,29,2.0,6200,30,2
2026-07-14,B002,P003,36,3.0,3200,38,2
2026-07-14,B002,P004,27,2.7,4800,30,3
2026-07-14,B002,P005,46,1.5,18000,30,2
2026-07-14,B002,P006,29,2.7,4100,28,2
2026-07-14,B002,P007,24,1.8,9500,28,2
2026-07-14,B002,P008,26,2.8,2500,30,2
2026-07-14,B002,P009,31,2.2,2800,28,2
2026-07-14,B002,P010,37,4.8,1400,35,3
2026-07-14,B002,P011,32,2.2,2200,30,2
2026-07-14,B002,P012,22,0.8,11000,18,2
2026-07-14,B002,P013,17,0.8,15000,16,3
2026-07-14,B002,P014,25,1.1,12500,22,2
2026-07-14,B002,P015,23,1.2,11000,22,3
2026-07-14,B002,P016,36,5.5,900,40,3
2026-07-14,B003,P001,23,5.5,4500,35,2
2026-07-14,B003,P002,29,2.9,6200,30,3
2026-07-14,B003,P003,37,3.8,3200,38,2
2026-07-14,B003,P004,28,2.7,4800,30,2
2026-07-14,B003,P005,36,1.6,18000,25,2
2026-07-14,B003,P006,26,2.4,4100,28,3
2026-07-14,B003,P007,28,1.8,9500,28,1
2026-07-14,B003,P008,33,1.6,2500,30,1
2026-07-14,B003,P009,27,1.8,2800,28,2
2026-07-14,B003,P010,35,3.2,1400,35,1
2026-07-14,B003,P011,32,3.1,2200,30,1
2026-07-14,B003,P012,14,1.0,11000,18,3
2026-07-14,B003,P013,16,0.6,15000,16,2
2026-07-14,B003,P014,20,0.9,12500,22,2
2026-07-14,B003,P015,22,1.0,11000,22,2
2026-07-14,B003,P016,42,7.1,900,40,2
2026-07-14,B004,P001,34,1.9,4500,35,2
2026-07-14,B004,P002,15,4.1,6200,28,3
2026-07-14,B004,P003,38,2.9,3200,38,1
2026-07-14,B004,P004,33,3.3,4800,30,3
2026-07-14,B004,P005,33,1.2,18000,26,1
2026-07-14,B004,P006,26,2.5,4100,28,2
2026-07-14,B004,P007,32,0.9,9500,28,2
2026-07-14,B004,P008,30,2.7,2500,30,2
2026-07-14,B004,P009,30,1.6,2800,28,2
2026-07-14,B004,P010,34,3.9,1400,35,3
2026-07-14,B004,P011,26,1.8,2200,30,3
2026-07-14,B004,P012,19,0.6,11000,18,2
2026-07-14,B004,P013,14,0.6,15000,16,2
2026-07-14,B004,P014,21,1.0,12500,22,2
2026-07-14,B004,P015,24,1.3,11000,22,2
2026-07-14,B004,P016,40,4.7,900,40,2
2026-07-14,B005,P001,36,2.7,4500,35,2
2026-07-14,B005,P002,28,2.5,6200,30,2
2026-07-14,B005,P003,63,1.2,3200,40,1
2026-07-14,B005,P004,31,1.8,4800,30,1
2026-07-14,B005,P005,26,0.7,18000,26,2
2026-07-14,B005,P006,28,1.8,4100,28,2
2026-07-14,B005,P007,28,0.6,9500,28,2
2026-07-14,B005,P008,28,1.7,2500,30,2
2026-07-14,B005,P009,27,0.6,2800,28,2
2026-07-14,B005,P010,35,2.8,1400,35,2
2026-07-14,B005,P011,30,1.7,2200,30,2
2026-07-14,B005,P012,14,0.4,11000,18,2
2026-07-14,B005,P013,21,0.5,15000,16,2
2026-07-14,B005,P014,18,0.7,12500,22,2
2026-07-14,B005,P015,24,0.8,11000,22,3
2026-07-14,B005,P016,45,3.7,900,40,2
2026-07-15,B001,P001,38,3.6,4500,35,3
2026-07-15,B001,P002,28,3.5,6200,30,1
2026-07-15,B001,P003,34,4.2,3200,38,2
2026-07-15,B001,P004,34,3.9,4800,30,1
2026-07-15,B001,P005,21,5.0,18000,40,2
2026-07-15,B001,P006,25,2.1,4100,28,2
2026-07-15,B001,P007,24,1.5,9500,28,3
2026-07-15,B001,P008,31,2.4,2500,30,3
2026-07-15,B001,P009,24,2.5,2800,28,3
2026-07-15,B001,P010,33,2.9,1400,35,2
2026-07-15,B001,P011,31,1.8,2200,30,1
2026-07-15,B001,P012,20,1.0,11000,18,1
2026-07-15,B001,P013,21,0.7,15000,16,1
2026-07-15,B001,P014,20,1.3,12500,22,1
2026-07-15,B001,P015,21,1.7,11000,22,1
2026-07-15,B001,P016,36,8.2,900,40,3
2026-07-15,B002,P001,27,6.3,4500,40,2
2026-07-15,B002,P002,26,3.1,6200,30,2
2026-07-15,B002,P003,38,3.5,3200,38,1
2026-07-15,B002,P004,35,2.8,4800,30,2
2026-07-15,B002,P005,47,1.9,18000,30,1
2026-07-15,B002,P006,24,2.2,4100,28,3
2026-07-15,B002,P007,27,1.4,9500,28,2
2026-07-15,B002,P008,32,3.4,2500,30,2
2026-07-15,B002,P009,30,1.8,2800,28,2
2026-07-15,B002,P010,32,5.3,1400,35,3
2026-07-15,B002,P011,34,2.3,2200,30,1
2026-07-15,B002,P012,17,0.6,11000,18,1
2026-07-15,B002,P013,13,0.8,15000,16,2
2026-07-15,B002,P014,26,1.2,12500,22,3
2026-07-15,B002,P015,27,1.3,11000,22,2
2026-07-15,B002,P016,36,7.1,900,40,2
2026-07-15,B003,P001,22,4.8,4500,35,2
2026-07-15,B003,P002,35,2.1,6200,30,2
2026-07-15,B003,P003,34,4.6,3200,38,1
2026-07-15,B003,P004,33,3.4,4800,30,2
2026-07-15,B003,P005,36,1.6,18000,25,3
2026-07-15,B003,P006,26,2.7,4100,28,3
2026-07-15,B003,P007,24,1.6,9500,28,2
2026-07-15,B003,P008,32,2.4,2500,30,1
2026-07-15,B003,P009,26,2.2,2800,28,1
2026-07-15,B003,P010,33,3.1,1400,35,3
2026-07-15,B003,P011,27,2.3,2200,30,2
2026-07-15,B003,P012,19,0.8,11000,18,2
2026-07-15,B003,P013,21,0.7,15000,16,3
2026-07-15,B003,P014,20,1.3,12500,22,3
2026-07-15,B003,P015,24,0.8,11000,22,2
2026-07-15,B003,P016,44,4.9,900,40,2
2026-07-15,B004,P001,39,3.0,4500,35,2
2026-07-15,B004,P002,16,4.1,6200,28,2
2026-07-15,B004,P003,41,2.1,3200,38,1
2026-07-15,B004,P004,28,2.4,4800,30,2
2026-07-15,B004,P005,30,1.1,18000,26,1
2026-07-15,B004,P006,30,2.5,4100,28,2
2026-07-15,B004,P007,32,1.0,9500,28,1
2026-07-15,B004,P008,29,1.7,2500,30,2
2026-07-15,B004,P009,28,1.8,2800,28,2
2026-07-15,B004,P010,33,3.3,1400,35,3
2026-07-15,B004,P011,34,1.8,2200,30,3
2026-07-15,B004,P012,18,1.0,11000,18,3
2026-07-15,B004,P013,18,0.7,15000,16,2
2026-07-15,B004,P014,22,0.9,12500,22,3
2026-07-15,B004,P015,24,0.8,11000,22,3
2026-07-15,B004,P016,44,4.7,900,40,3
2026-07-15,B005,P001,39,1.7,4500,35,2
2026-07-15,B005,P002,28,1.5,6200,30,1
2026-07-15,B005,P003,64,1.0,3200,40,1
2026-07-15,B005,P004,29,1.9,4800,30,2
2026-07-15,B005,P005,26,0.7,18000,26,2
2026-07-15,B005,P006,33,1.3,4100,28,1
2026-07-15,B005,P007,32,1.1,9500,28,2
2026-07-15,B005,P008,26,1.9,2500,30,1
2026-07-15,B005,P009,31,1.1,2800,28,1
2026-07-15,B005,P010,39,2.4,1400,35,1
2026-07-15,B005,P011,31,1.7,2200,30,2
2026-07-15,B005,P012,21,0.6,11000,18,1
2026-07-15,B005,P013,15,0.5,15000,16,2
2026-07-15,B005,P014,20,0.9,12500,22,1
2026-07-15,B005,P015,25,0.7,11000,22,2
2026-07-15,B005,P016,42,4.8,900,40,2
2026-07-16,B001,P001,33,4.5,4500,35,1
2026-07-16,B001,P002,30,4.2,6200,30,3
2026-07-16,B001,P003,38,4.3,3200,38,3
2026-07-16,B001,P004,33,4.0,4800,30,3
2026-07-16,B001,P005,21,5.0,18000,40,2
2026-07-16,B001,P006,30,2.0,4100,28,2
2026-07-16,B001,P007,32,1.8,9500,28,2
2026-07-16,B001,P008,33,2.9,2500,30,3
2026-07-16,B001,P009,24,2.2,2800,28,2
2026-07-16,B001,P010,33,5.4,1400,35,3
2026-07-16,B001,P011,26,2.8,2200,30,2
2026-07-16,B001,P012,22,0.6,11000,18,2
2026-07-16,B001,P013,19,0.9,15000,16,1
2026-07-16,B001,P014,20,2.0,12500,22,3
2026-07-16,B001,P015,22,1.4,11000,22,2
2026-07-16,B001,P016,39,7.1,900,40,3
2026-07-16,B002,P001,28,5.7,4500,40,3
2026-07-16,B002,P002,35,2.2,6200,30,1
2026-07-16,B002,P003,39,3.4,3200,38,3
2026-07-16,B002,P004,33,2.9,4800,30,1
2026-07-16,B002,P005,46,1.8,18000,30,2
2026-07-16,B002,P006,28,2.5,4100,28,3
2026-07-16,B002,P007,24,1.5,9500,28,1
2026-07-16,B002,P008,34,2.3,2500,30,1
2026-07-16,B002,P009,24,2.4,2800,28,2
2026-07-16,B002,P010,40,4.6,1400,35,1
2026-07-16,B002,P011,33,2.7,2200,30,3
2026-07-16,B002,P012,21,1.0,11000,18,1
2026-07-16,B002,P013,17,1.0,15000,16,3
2026-07-16,B002,P014,24,0.9,12500,22,1
2026-07-16,B002,P015,21,1.0,11000,22,1
2026-07-16,B002,P016,43,7.1,900,40,1
2026-07-16,B003,P001,21,4.8,4500,35,1
2026-07-16,B003,P002,27,3.5,6200,30,1
2026-07-16,B003,P003,35,2.6,3200,38,2
2026-07-16,B003,P004,26,2.7,4800,30,3
2026-07-16,B003,P005,36,1.4,18000,25,3
2026-07-16,B003,P006,32,2.9,4100,28,2
2026-07-16,B003,P007,26,1.3,9500,28,3
2026-07-16,B003,P008,33,2.8,2500,30,1
2026-07-16,B003,P009,24,1.5,2800,28,2
2026-07-16,B003,P010,35,4.5,1400,35,1
2026-07-16,B003,P011,35,2.1,2200,30,3
2026-07-16,B003,P012,17,0.6,11000,18,2
2026-07-16,B003,P013,18,0.6,15000,16,2
2026-07-16,B003,P014,19,1.3,12500,22,2
2026-07-16,B003,P015,25,1.3,11000,22,3
2026-07-16,B003,P016,43,5.0,900,40,2
2026-07-16,B004,P001,34,2.5,4500,35,2
2026-07-16,B004,P002,14,4.1,6200,28,3
2026-07-16,B004,P003,41,4.0,3200,38,3
2026-07-16,B004,P004,35,1.6,4800,30,2
2026-07-16,B004,P005,30,1.0,18000,26,1
2026-07-16,B004,P006,30,1.7,4100,28,3
2026-07-16,B004,P007,30,1.4,9500,28,1
2026-07-16,B004,P008,34,2.5,2500,30,3
2026-07-16,B004,P009,26,1.9,2800,28,2
2026-07-16,B004,P010,36,3.5,1400,35,2
2026-07-16,B004,P011,33,1.3,2200,30,1
2026-07-16,B004,P012,16,0.7,11000,18,2
2026-07-16,B004,P013,14,0.7,15000,16,3
2026-07-16,B004,P014,24,1.4,12500,22,3
2026-07-16,B004,P015,20,1.2,11000,22,1
2026-07-16,B004,P016,44,3.4,900,40,2
2026-07-16,B005,P001,36,2.4,4500,35,2
2026-07-16,B005,P002,31,1.7,6200,30,1
2026-07-16,B005,P003,66,0.7,3200,40,2
2026-07-16,B005,P004,33,1.5,4800,30,1
2026-07-16,B005,P005,28,0.8,18000,26,2
2026-07-16,B005,P006,25,1.9,4100,28,1
2026-07-16,B005,P007,33,1.4,9500,28,2
2026-07-16,B005,P008,33,1.9,2500,30,2
2026-07-16,B005,P009,32,1.6,2800,28,1
2026-07-16,B005,P010,39,2.7,1400,35,3
2026-07-16,B005,P011,28,1.4,2200,30,2
2026-07-16,B005,P012,15,0.6,11000,18,1
2026-07-16,B005,P013,18,0.5,15000,16,2
2026-07-16,B005,P014,25,0.7,12500,22,2
2026-07-16,B005,P015,26,0.9,11000,22,2
2026-07-16,B005,P016,44,4.1,900,40,2
2026-07-17,B001,P001,36,3.4,4500,35,2
2026-07-17,B001,P002,35,2.6,6200,30,2
2026-07-17,B001,P003,38,4.3,3200,38,2
2026-07-17,B001,P004,27,2.8,4800,30,2
2026-07-17,B001,P005,21,5.0,18000,40,2
2026-07-17,B001,P006,32,2.0,4100,28,2
2026-07-17,B001,P007,33,1.8,9500,28,1
2026-07-17,B001,P008,31,3.6,2500,30,2
2026-07-17,B001,P009,28,2.1,2800,28,2
2026-07-17,B001,P010,31,2.9,1400,35,3
2026-07-17,B001,P011,28,2.1,2200,30,3
2026-07-17,B001,P012,17,0.6,11000,18,2
2026-07-17,B001,P013,15,0.5,15000,16,3
2026-07-17,B001,P014,24,1.0,12500,22,2
2026-07-17,B001,P015,22,1.8,11000,22,3
2026-07-17,B001,P016,42,8.5,900,40,1
2026-07-17,B002,P001,29,5.5,4500,40,1
2026-07-17,B002,P002,27,1.9,6200,30,2
2026-07-17,B002,P003,43,3.3,3200,38,2
2026-07-17,B002,P004,29,3.3,4800,30,2
2026-07-17,B002,P005,45,2.5,18000,30,2
2026-07-17,B002,P006,25,2.8,4100,28,1
2026-07-17,B002,P007,25,1.7,9500,28,2
2026-07-17,B002,P008,32,3.1,2500,30,2
2026-07-17,B002,P009,26,2.0,2800,28,2
2026-07-17,B002,P010,37,4.4,1400,35,1
2026-07-17,B002,P011,27,2.1,2200,30,2
2026-07-17,B002,P012,19,1.0,11000,18,3
2026-07-17,B002,P013,15,0.7,15000,16,1
2026-07-17,B002,P014,27,0.5,12500,22,2
2026-07-17,B002,P015,21,1.7,11000,22,2
2026-07-17,B002,P016,37,6.8,900,40,3
2026-07-17,B003,P001,22,5.0,4500,35,1
2026-07-17,B003,P002,27,2.4,6200,30,1
2026-07-17,B003,P003,40,3.1,3200,38,3
2026-07-17,B003,P004,33,3.7,4800,30,1
2026-07-17,B003,P005,34,1.5,18000,25,2
2026-07-17,B003,P006,27,2.7,4100,28,3
2026-07-17,B003,P007,32,1.3,9500,28,3
2026-07-17,B003,P008,32,2.0,2500,30,2
2026-07-17,B003,P009,33,2.6,2800,28,2
2026-07-17,B003,P010,38,4.6,1400,35,3
2026-07-17,B003,P011,30,2.3,2200,30,2
2026-07-17,B003,P012,23,0.7,11000,18,3
2026-07-17,B003,P013,14,0.9,15000,16,3
2026-07-17,B003,P014,22,1.8,12500,22,3
2026-07-17,B003,P015,27,1.0,11000,22,2
2026-07-17,B003,P016,40,4.6,900,40,2
2026-07-17,B004,P001,34,2.7,4500,35,2
2026-07-17,B004,P002,15,4.3,6200,28,1
2026-07-17,B004,P003,34,2.7,3200,38,2
2026-07-17,B004,P004,27,4.3,4800,30,2
2026-07-17,B004,P005,30,1.2,18000,26,2
2026-07-17,B004,P006,32,1.8,4100,28,2
2026-07-17,B004,P007,33,1.1,9500,28,1
2026-07-17,B004,P008,35,2.9,2500,30,2
2026-07-17,B004,P009,33,1.6,2800,28,1
2026-07-17,B004,P010,38,4.3,1400,35,3
2026-07-17,B004,P011,30,1.2,2200,30,2
2026-07-17,B004,P012,20,0.8,11000,18,2
2026-07-17,B004,P013,20,0.5,15000,16,3
2026-07-17,B004,P014,21,1.2,12500,22,1
2026-07-17,B004,P015,27,0.9,11000,22,1
2026-07-17,B004,P016,39,4.6,900,40,3
2026-07-17,B005,P001,38,1.7,4500,35,2
2026-07-17,B005,P002,35,2.1,6200,30,1
2026-07-17,B005,P003,63,1.7,3200,40,3
2026-07-17,B005,P004,35,2.5,4800,30,3
2026-07-17,B005,P005,25,1.2,18000,26,1
2026-07-17,B005,P006,29,2.0,4100,28,3
2026-07-17,B005,P007,28,0.9,9500,28,1
2026-07-17,B005,P008,32,1.3,2500,30,2
2026-07-17,B005,P009,29,1.6,2800,28,2
2026-07-17,B005,P010,37,2.2,1400,35,2
2026-07-17,B005,P011,27,1.7,2200,30,2
2026-07-17,B005,P012,21,0.6,11000,18,1
2026-07-17,B005,P013,17,0.5,15000,16,3
2026-07-17,B005,P014,21,0.6,12500,22,1
2026-07-17,B005,P015,23,0.9,11000,22,2
2026-07-17,B005,P016,37,4.6,900,40,1
2026-07-18,B001,P001,31,5.0,4500,35,2
2026-07-18,B001,P002,34,3.2,6200,30,2
2026-07-18,B001,P003,35,5.4,3200,38,2
2026-07-18,B001,P004,33,3.9,4800,30,3
2026-07-18,B001,P005,20,5.0,18000,40,2
2026-07-18,B001,P006,32,3.5,4100,28,1
2026-07-18,B001,P007,28,1.9,9500,28,2
2026-07-18,B001,P008,29,2.8,2500,30,2
2026-07-18,B001,P009,32,4.1,2800,28,1
2026-07-18,B001,P010,36,5.7,1400,35,2
2026-07-18,B001,P011,29,2.3,2200,30,2
2026-07-18,B001,P012,16,1.0,11000,18,1
2026-07-18,B001,P013,14,0.9,15000,16,2
2026-07-18,B001,P014,20,1.9,12500,22,2
2026-07-18,B001,P015,22,1.6,11000,22,2
2026-07-18,B001,P016,42,8.3,900,40,2
2026-07-18,B002,P001,25,7.4,4500,40,3
2026-07-18,B002,P002,29,3.8,6200,30,2
2026-07-18,B002,P003,37,3.5,3200,38,2
2026-07-18,B002,P004,31,2.9,4800,30,2
2026-07-18,B002,P005,46,2.7,18000,30,2
2026-07-18,B002,P006,24,4.2,4100,28,2
2026-07-18,B002,P007,24,1.7,9500,28,2
2026-07-18,B002,P008,33,2.9,2500,30,3
2026-07-18,B002,P009,32,1.9,2800,28,3
2026-07-18,B002,P010,37,5.3,1400,35,1
2026-07-18,B002,P011,31,1.9,2200,30,3
2026-07-18,B002,P012,23,0.9,11000,18,3
2026-07-18,B002,P013,14,0.9,15000,16,2
2026-07-18,B002,P014,24,1.6,12500,22,2
2026-07-18,B002,P015,19,2.1,11000,22,2
2026-07-18,B002,P016,42,7.6,900,40,2
2026-07-18,B003,P001,19,5.8,4500,35,2
2026-07-18,B003,P002,35,2.5,6200,30,1
2026-07-18,B003,P003,37,5.1,3200,38,1
2026-07-18,B003,P004,28,2.6,4800,30,2
2026-07-18,B003,P005,38,1.7,18000,25,2
2026-07-18,B003,P006,29,3.5,4100,28,3
2026-07-18,B003,P007,29,2.1,9500,28,3
2026-07-18,B003,P008,27,2.7,2500,30,1
2026-07-18,B003,P009,28,2.7,2800,28,3
2026-07-18,B003,P010,39,5.2,1400,35,3
2026-07-18,B003,P011,28,2.7,2200,30,2
2026-07-18,B003,P012,18,0.9,11000,18,3
2026-07-18,B003,P013,19,0.9,15000,16,3
2026-07-18,B003,P014,18,1.1,12500,22,2
2026-07-18,B003,P015,27,1.8,11000,22,3
2026-07-18,B003,P016,37,7.7,900,40,2
2026-07-18,B004,P001,33,3.6,4500,35,1
2026-07-18,B004,P002,13,4.8,6200,28,2
2026-07-18,B004,P003,34,3.9,3200,38,2
2026-07-18,B004,P004,35,2.9,4800,30,2
2026-07-18,B004,P005,28,1.9,18000,26,2
2026-07-18,B004,P006,32,2.6,4100,28,2
2026-07-18,B004,P007,29,1.4,9500,28,2
2026-07-18,B004,P008,32,2.8,2500,30,2
2026-07-18,B004,P009,32,2.2,2800,28,2
2026-07-18,B004,P010,36,4.4,1400,35,1
2026-07-18,B004,P011,31,2.5,2200,30,3
2026-07-18,B004,P012,17,0.6,11000,18,1
2026-07-18,B004,P013,20,0.8,15000,16,3
2026-07-18,B004,P014,18,1.4,12500,22,2
2026-07-18,B004,P015,20,1.6,11000,22,2
2026-07-18,B004,P016,40,6.0,900,40,3
2026-07-18,B005,P001,39,2.6,4500,35,3
2026-07-18,B005,P002,27,2.5,6200,30,3
2026-07-18,B005,P003,64,1.6,3200,40,2
2026-07-18,B005,P004,33,2.4,4800,30,1
2026-07-18,B005,P005,24,1.4,18000,26,2
2026-07-18,B005,P006,29,2.4,4100,28,3
2026-07-18,B005,P007,24,1.4,9500,28,3
2026-07-18,B005,P008,32,2.9,2500,30,2
2026-07-18,B005,P009,25,1.8,2800,28,3
2026-07-18,B005,P010,34,2.9,1400,35,1
2026-07-18,B005,P011,34,1.8,2200,30,3
2026-07-18,B005,P012,22,0.6,11000,18,2
2026-07-18,B005,P013,15,0.5,15000,16,2
2026-07-18,B005,P014,24,1.1,12500,22,1
2026-07-18,B005,P015,23,1.3,11000,22,3
2026-07-18,B005,P016,38,5.9,900,40,2
2026-07-19,B001,P001,33,4.6,4500,35,3
2026-07-19,B001,P002,26,3.8,6200,30,2
2026-07-19,B001,P003,36,4.2,3200,38,1
2026-07-19,B001,P004,26,4.4,4800,30,1
2026-07-19,B001,P005,20,5.0,18000,40,2
2026-07-19,B001,P006,30,4.8,4100,28,2
2026-07-19,B001,P007,33,2.5,9500,28,2
2026-07-19,B001,P008,27,2.3,2500,30,1
2026-07-19,B001,P009,32,2.6,2800,28,3
2026-07-19,B001,P010,38,5.5,1400,35,2
2026-07-19,B001,P011,32,3.3,2200,30,3
2026-07-19,B001,P012,15,1.3,11000,18,1
2026-07-19,B001,P013,19,1.5,15000,16,3
2026-07-19,B001,P014,19,2.3,12500,22,2
2026-07-19,B001,P015,19,1.8,11000,22,1
2026-07-19,B001,P016,37,8.5,900,40,2
2026-07-19,B002,P001,28,7.9,4500,40,2
2026-07-19,B002,P002,34,3.4,6200,30,2
2026-07-19,B002,P003,43,4.1,3200,38,2
2026-07-19,B002,P004,29,4.4,4800,30,2
2026-07-19,B002,P005,45,2.7,18000,30,2
2026-07-19,B002,P006,31,3.3,4100,28,3
2026-07-19,B002,P007,25,2.3,9500,28,3
2026-07-19,B002,P008,33,2.8,2500,30,3
2026-07-19,B002,P009,32,3.5,2800,28,2
2026-07-19,B002,P010,33,7.1,1400,35,1
2026-07-19,B002,P011,28,2.9,2200,30,2
2026-07-19,B002,P012,17,1.0,11000,18,3
2026-07-19,B002,P013,16,0.8,15000,16,1
2026-07-19,B002,P014,25,1.6,12500,22,2
2026-07-19,B002,P015,27,1.5,11000,22,2
2026-07-19,B002,P016,40,6.3,900,40,1
2026-07-19,B003,P001,21,6.0,4500,35,2
2026-07-19,B003,P002,26,4.1,6200,30,1
2026-07-19,B003,P003,35,5.2,3200,38,2
2026-07-19,B003,P004,29,3.2,4800,30,1
2026-07-19,B003,P005,33,2.8,18000,25,2
2026-07-19,B003,P006,25,3.9,4100,28,2
2026-07-19,B003,P007,28,1.8,9500,28,1
2026-07-19,B003,P008,31,3.2,2500,30,2
2026-07-19,B003,P009,32,2.7,2800,28,1
2026-07-19,B003,P010,31,4.6,1400,35,3
2026-07-19,B003,P011,32,2.6,2200,30,2
2026-07-19,B003,P012,18,1.1,11000,18,3
2026-07-19,B003,P013,17,0.8,15000,16,1
2026-07-19,B003,P014,20,1.2,12500,22,2
2026-07-19,B003,P015,24,1.5,11000,22,3
2026-07-19,B003,P016,38,6.9,900,40,3
2026-07-19,B004,P001,32,3.5,4500,35,1
2026-07-19,B004,P002,12,5.2,6200,28,2
2026-07-19,B004,P003,43,4.5,3200,38,2
2026-07-19,B004,P004,29,3.4,4800,30,2
2026-07-19,B004,P005,33,1.3,18000,26,2
2026-07-19,B004,P006,25,2.9,4100,28,2
2026-07-19,B004,P007,30,1.9,9500,28,2
2026-07-19,B004,P008,34,3.2,2500,30,1
2026-07-19,B004,P009,30,2.2,2800,28,3
2026-07-19,B004,P010,39,4.4,1400,35,3
2026-07-19,B004,P011,29,2.3,2200,30,2
2026-07-19,B004,P012,23,0.9,11000,18,2
2026-07-19,B004,P013,12,1.0,15000,16,2
2026-07-19,B004,P014,25,1.3,12500,22,2
2026-07-19,B004,P015,19,1.2,11000,22,1
2026-07-19,B004,P016,41,6.8,900,40,3
2026-07-19,B005,P001,32,3.2,4500,35,2
2026-07-19,B005,P002,35,2.7,6200,30,2
2026-07-19,B005,P003,67,1.3,3200,40,2
2026-07-19,B005,P004,30,2.6,4800,30,2
2026-07-19,B005,P005,25,1.4,18000,26,3
2026-07-19,B005,P006,33,2.4,4100,28,1
2026-07-19,B005,P007,27,1.8,9500,28,1
2026-07-19,B005,P008,27,2.0,2500,30,1
2026-07-19,B005,P009,29,1.9,2800,28,2
2026-07-19,B005,P010,33,3.7,1400,35,3
2026-07-19,B005,P011,35,1.7,2200,30,3
2026-07-19,B005,P012,14,0.8,11000,18,2
2026-07-19,B005,P013,16,0.6,15000,16,2
2026-07-19,B005,P014,23,1.0,12500,22,1
2026-07-19,B005,P015,18,1.3,11000,22,2
2026-07-19,B005,P016,45,4.0,900,40,2
2026-07-20,B001,P001,32,4.1,4500,35,1
2026-07-20,B001,P002,33,2.7,6200,30,3
2026-07-20,B001,P003,41,5.2,3200,38,1
2026-07-20,B001,P004,27,2.2,4800,30,2
2026-07-20,B001,P005,20,5.0,18000,40,2
2026-07-20,B001,P006,28,3.9,4100,28,1
2026-07-20,B001,P007,28,1.7,9500,28,3
2026-07-20,B001,P008,27,2.9,2500,30,1
2026-07-20,B001,P009,31,2.8,2800,28,2
2026-07-20,B001,P010,32,5.8,1400,35,1
2026-07-20,B001,P011,27,2.4,2200,30,3
2026-07-20,B001,P012,16,0.6,11000,18,1
2026-07-20,B001,P013,17,1.1,15000,16,1
2026-07-20,B001,P014,22,1.6,12500,22,2
2026-07-20,B001,P015,22,1.4,11000,22,1
2026-07-20,B001,P016,39,9.7,900,40,2
2026-07-20,B002,P001,26,6.1,4500,40,2
2026-07-20,B002,P002,26,2.3,6200,30,1
2026-07-20,B002,P003,37,2.8,3200,38,2
2026-07-20,B002,P004,27,2.8,4800,30,1
2026-07-20,B002,P005,46,2.1,18000,30,2
2026-07-20,B002,P006,29,1.9,4100,28,1
2026-07-20,B002,P007,33,1.5,9500,28,1
2026-07-20,B002,P008,28,3.1,2500,30,2
2026-07-20,B002,P009,26,1.3,2800,28,3
2026-07-20,B002,P010,35,4.3,1400,35,3
2026-07-20,B002,P011,32,2.1,2200,30,2
2026-07-20,B002,P012,23,0.8,11000,18,2
2026-07-20,B002,P013,12,1.0,15000,16,2
2026-07-20,B002,P014,25,1.2,12500,22,2
2026-07-20,B002,P015,18,1.3,11000,22,2
2026-07-20,B002,P016,43,7.1,900,40,2
2026-07-20,B003,P001,21,5.1,4500,35,2
2026-07-20,B003,P002,26,2.3,6200,30,2
2026-07-20,B003,P003,35,4.9,3200,38,3
2026-07-20,B003,P004,31,3.0,4800,30,2
2026-07-20,B003,P005,36,1.3,18000,25,2
2026-07-20,B003,P006,29,2.9,4100,28,2
2026-07-20,B003,P007,32,1.3,9500,28,3
2026-07-20,B003,P008,29,3.6,2500,30,1
2026-07-20,B003,P009,26,2.7,2800,28,2
2026-07-20,B003,P010,32,4.2,1400,35,2
2026-07-20,B003,P011,35,2.6,2200,30,2
2026-07-20,B003,P012,22,0.6,11000,18,2
2026-07-20,B003,P013,20,0.8,15000,16,2
2026-07-20,B003,P014,19,1.1,12500,22,3
2026-07-20,B003,P015,19,1.6,11000,22,2
2026-07-20,B003,P016,45,6.3,900,40,1
2026-07-20,B004,P001,36,2.2,4500,35,2
2026-07-20,B004,P002,13,4.1,6200,28,1
2026-07-20,B004,P003,35,2.3,3200,38,1
2026-07-20,B004,P004,33,1.4,4800,30,1
2026-07-20,B004,P005,29,0.7,18000,26,2
2026-07-20,B004,P006,25,1.3,4100,28,1
2026-07-20,B004,P007,26,1.7,9500,28,1
2026-07-20,B004,P008,28,1.4,2500,30,1
2026-07-20,B004,P009,30,1.4,2800,28,3
2026-07-20,B004,P010,39,3.3,1400,35,1
2026-07-20,B004,P011,34,2.1,2200,30,2
2026-07-20,B004,P012,21,0.8,11000,18,2
2026-07-20,B004,P013,17,0.5,15000,16,2
2026-07-20,B004,P014,24,1.0,12500,22,2
2026-07-20,B004,P015,22,1.1,11000,22,3
2026-07-20,B004,P016,38,5.1,900,40,3
2026-07-20,B005,P001,33,2.3,4500,35,1
2026-07-20,B005,P002,31,2.0,6200,30,1
2026-07-20,B005,P003,65,1.1,3200,40,3
2026-07-20,B005,P004,29,2.4,4800,30,3
2026-07-20,B005,P005,24,1.3,18000,26,3
2026-07-20,B005,P006,27,1.6,4100,28,2
2026-07-20,B005,P007,29,1.5,9500,28,3
2026-07-20,B005,P008,33,1.6,2500,30,3
2026-07-20,B005,P009,24,1.4,2800,28,2
2026-07-20,B005,P010,38,2.7,1400,35,2
2026-07-20,B005,P011,31,1.6,2200,30,3
2026-07-20,B005,P012,19,0.7,11000,18,3
2026-07-20,B005,P013,19,0.5,15000,16,3
2026-07-20,B005,P014,24,0.7,12500,22,2
2026-07-20,B005,P015,23,0.8,11000,22,2
2026-07-20,B005,P016,39,4.0,900,40,1
2026-07-21,B001,P001,33,3.8,4500,35,2
2026-07-21,B001,P002,31,2.5,6200,30,2
2026-07-21,B001,P003,37,3.5,3200,38,1
2026-07-21,B001,P004,34,3.4,4800,30,2
2026-07-21,B001,P005,19,5.0,18000,40,2
2026-07-21,B001,P006,31,2.4,4100,28,2
2026-07-21,B001,P007,32,2.3,9500,28,3
2026-07-21,B001,P008,33,1.8,2500,30,2
2026-07-21,B001,P009,27,2.1,2800,28,2
2026-07-21,B001,P010,32,5.1,1400,35,2
2026-07-21,B001,P011,31,2.4,2200,30,2
2026-07-21,B001,P012,22,1.2,11000,18,3
2026-07-21,B001,P013,14,0.6,15000,16,2
2026-07-21,B001,P014,20,1.4,12500,22,3
2026-07-21,B001,P015,26,1.0,11000,22,1
2026-07-21,B001,P016,36,7.8,900,40,2
2026-07-21,B002,P001,26,5.9,4500,40,1
2026-07-21,B002,P002,33,3.1,6200,30,2
2026-07-21,B002,P003,34,1.8,3200,38,3
2026-07-21,B002,P004,34,3.2,4800,30,2
2026-07-21,B002,P005,47,2.1,18000,30,2
2026-07-21,B002,P006,25,1.9,4100,28,1
2026-07-21,B002,P007,31,1.9,9500,28,3
2026-07-21,B002,P008,32,2.5,2500,30,1
2026-07-21,B002,P009,28,2.4,2800,28,2
2026-07-21,B002,P010,31,3.1,1400,35,3
2026-07-21,B002,P011,33,2.4,2200,30,2
2026-07-21,B002,P012,21,1.1,11000,18,2
2026-07-21,B002,P013,19,1.1,15000,16,1
2026-07-21,B002,P014,21,0.9,12500,22,2
2026-07-21,B002,P015,20,1.3,11000,22,3
2026-07-21,B002,P016,39,5.1,900,40,1
2026-07-21,B003,P001,19,4.9,4500,35,1
2026-07-21,B003,P002,29,3.0,6200,30,3
2026-07-21,B003,P003,43,4.3,3200,38,2
2026-07-21,B003,P004,34,3.5,4800,30,2
2026-07-21,B003,P005,35,1.1,18000,25,2
2026-07-21,B003,P006,29,3.0,4100,28,2
2026-07-21,B003,P007,28,1.4,9500,28,3
2026-07-21,B003,P008,28,2.8,2500,30,3
2026-07-21,B003,P009,26,1.8,2800,28,3
2026-07-21,B003,P010,38,3.5,1400,35,2
2026-07-21,B003,P011,33,2.2,2200,30,1
2026-07-21,B003,P012,17,1.0,11000,18,2
2026-07-21,B003,P013,16,0.9,15000,16,2
2026-07-21,B003,P014,27,1.2,12500,22,2
2026-07-21,B003,P015,21,1.9,11000,22,3
2026-07-21,B003,P016,38,5.6,900,40,2
2026-07-21,B004,P001,40,3.1,4500,35,2
2026-07-21,B004,P002,14,3.8,6200,28,3
2026-07-21,B004,P003,37,2.3,3200,38,3
2026-07-21,B004,P004,29,2.4,4800,30,1
2026-07-21,B004,P005,33,1.2,18000,26,3
2026-07-21,B004,P006,33,1.7,4100,28,1
2026-07-21,B004,P007,27,1.7,9500,28,2
2026-07-21,B004,P008,28,2.4,2500,30,2
2026-07-21,B004,P009,28,1.7,2800,28,2
2026-07-21,B004,P010,37,2.5,1400,35,2
2026-07-21,B004,P011,28,1.1,2200,30,2
2026-07-21,B004,P012,19,0.7,11000,18,1
2026-07-21,B004,P013,16,0.3,15000,16,1
2026-07-21,B004,P014,20,1.0,12500,22,2
2026-07-21,B004,P015,24,1.0,11000,22,2
2026-07-21,B004,P016,45,4.6,900,40,2
2026-07-21,B005,P001,38,2.8,4500,35,3
2026-07-21,B005,P002,30,1.6,6200,30,3
2026-07-21,B005,P003,67,1.4,3200,40,3
2026-07-21,B005,P004,26,2.5,4800,30,3
2026-07-21,B005,P005,24,1.1,18000,26,1
2026-07-21,B005,P006,33,1.5,4100,28,2
2026-07-21,B005,P007,30,1.0,9500,28,3
2026-07-21,B005,P008,31,1.7,2500,30,3
2026-07-21,B005,P009,32,0.9,2800,28,3
2026-07-21,B005,P010,38,3.1,1400,35,3
2026-07-21,B005,P011,35,1.6,2200,30,1
2026-07-21,B005,P012,17,0.6,11000,18,3
2026-07-21,B005,P013,13,0.5,15000,16,3
2026-07-21,B005,P014,21,0.8,12500,22,3
2026-07-21,B005,P015,27,1.2,11000,22,2
2026-07-21,B005,P016,40,3.1,900,40,3
2026-07-22,B001,P001,37,2.5,4500,35,1
2026-07-22,B001,P002,28,3.6,6200,30,2
2026-07-22,B001,P003,34,4.2,3200,38,3
2026-07-22,B001,P004,33,4.0,4800,30,3
2026-07-22,B001,P005,19,5.0,18000,40,2
2026-07-22,B001,P006,30,3.0,4100,28,1
2026-07-22,B001,P007,32,2.0,9500,28,2
2026-07-22,B001,P008,26,2.8,2500,30,2
2026-07-22,B001,P009,25,2.8,2800,28,3
2026-07-22,B001,P010,31,3.9,1400,35,2
2026-07-22,B001,P011,34,2.7,2200,30,3
2026-07-22,B001,P012,16,0.8,11000,18,3
2026-07-22,B001,P013,16,0.9,15000,16,2
2026-07-22,B001,P014,20,1.9,12500,22,2
2026-07-22,B001,P015,18,1.5,11000,22,3
2026-07-22,B001,P016,42,6.7,900,40,1
2026-07-22,B002,P001,26,6.1,4500,40,2
2026-07-22,B002,P002,29,2.7,6200,30,2
2026-07-22,B002,P003,38,2.8,3200,38,2
2026-07-22,B002,P004,35,3.4,4800,30,3
2026-07-22,B002,P005,45,2.4,18000,30,2
2026-07-22,B002,P006,31,2.5,4100,28,2
2026-07-22,B002,P007,24,2.0,9500,28,2
2026-07-22,B002,P008,30,1.8,2500,30,2
2026-07-22,B002,P009,28,1.9,2800,28,3
2026-07-22,B002,P010,35,4.6,1400,35,1
2026-07-22,B002,P011,26,1.8,2200,30,3
2026-07-22,B002,P012,16,1.0,11000,18,3
2026-07-22,B002,P013,17,0.9,15000,16,2
2026-07-22,B002,P014,19,0.6,12500,22,1
2026-07-22,B002,P015,27,1.8,11000,22,3
2026-07-22,B002,P016,40,6.9,900,40,2
2026-07-22,B003,P001,22,4.7,4500,35,2
2026-07-22,B003,P002,32,2.0,6200,30,2
2026-07-22,B003,P003,39,3.2,3200,38,1
2026-07-22,B003,P004,29,3.7,4800,30,1
2026-07-22,B003,P005,35,1.5,18000,25,2
2026-07-22,B003,P006,29,3.4,4100,28,1
2026-07-22,B003,P007,28,1.9,9500,28,2
2026-07-22,B003,P008,35,2.2,2500,30,2
2026-07-22,B003,P009,29,2.6,2800,28,2
2026-07-22,B003,P010,39,2.5,1400,35,1
2026-07-22,B003,P011,26,2.1,2200,30,1
2026-07-22,B003,P012,19,0.8,11000,18,3
2026-07-22,B003,P013,19,0.6,15000,16,2
2026-07-22,B003,P014,18,1.1,12500,22,2
2026-07-22,B003,P015,27,1.3,11000,22,1
2026-07-22,B003,P016,44,7.9,900,40,2
2026-07-22,B004,P001,32,3.7,4500,35,2
2026-07-22,B004,P002,16,3.9,6200,28,2
2026-07-22,B004,P003,37,2.9,3200,38,1
2026-07-22,B004,P004,30,1.8,4800,30,2
2026-07-22,B004,P005,32,1.3,18000,26,2
2026-07-22,B004,P006,26,2.4,4100,28,2
2026-07-22,B004,P007,32,1.2,9500,28,2
2026-07-22,B004,P008,35,3.0,2500,30,2
2026-07-22,B004,P009,28,1.2,2800,28,1
2026-07-22,B004,P010,35,4.5,1400,35,1
2026-07-22,B004,P011,27,2.2,2200,30,3
2026-07-22,B004,P012,20,0.6,11000,18,2
2026-07-22,B004,P013,18,0.7,15000,16,3
2026-07-22,B004,P014,26,0.8,12500,22,1
2026-07-22,B004,P015,26,1.3,11000,22,2
2026-07-22,B004,P016,38,5.7,900,40,2
2026-07-22,B005,P001,33,2.1,4500,35,1
2026-07-22,B005,P002,26,2.0,6200,30,1
2026-07-22,B005,P003,67,1.7,3200,40,2
2026-07-22,B005,P004,27,1.5,4800,30,2
2026-07-22,B005,P005,28,1.0,18000,26,2
2026-07-22,B005,P006,30,1.6,4100,28,2
2026-07-22,B005,P007,31,1.2,9500,28,1
2026-07-22,B005,P008,31,1.4,2500,30,1
2026-07-22,B005,P009,28,1.9,2800,28,1
2026-07-22,B005,P010,31,1.9,1400,35,2
2026-07-22,B005,P011,27,2.0,2200,30,2
2026-07-22,B005,P012,20,0.3,11000,18,2
2026-07-22,B005,P013,19,0.6,15000,16,2
2026-07-22,B005,P014,25,0.7,12500,22,2
2026-07-22,B005,P015,20,0.5,11000,22,1
2026-07-22,B005,P016,36,3.8,900,40,2
2026-07-23,B001,P001,31,4.6,4500,35,2
2026-07-23,B001,P002,29,2.2,6200,30,2
2026-07-23,B001,P003,43,4.4,3200,38,2
2026-07-23,B001,P004,33,1.9,4800,30,2
2026-07-23,B001,P005,18,5.0,18000,40,2
2026-07-23,B001,P006,25,2.1,4100,28,2
2026-07-23,B001,P007,24,1.9,9500,28,2
2026-07-23,B001,P008,35,2.0,2500,30,1
2026-07-23,B001,P009,28,2.8,2800,28,2
2026-07-23,B001,P010,38,4.3,1400,35,2
2026-07-23,B001,P011,30,2.0,2200,30,2
2026-07-23,B001,P012,18,0.7,11000,18,1
2026-07-23,B001,P013,19,0.6,15000,16,2
2026-07-23,B001,P014,25,1.8,12500,22,2
2026-07-23,B001,P015,25,1.6,11000,22,2
2026-07-23,B001,P016,40,6.1,900,40,3
2026-07-23,B002,P001,23,5.9,4500,40,2
2026-07-23,B002,P002,29,2.8,6200,30,2
2026-07-23,B002,P003,36,4.6,3200,38,2
2026-07-23,B002,P004,30,1.6,4800,30,1
2026-07-23,B002,P005,48,1.7,18000,30,2
2026-07-23,B002,P006,27,2.3,4100,28,3
2026-07-23,B002,P007,32,1.6,9500,28,3
2026-07-23,B002,P008,30,1.8,2500,30,1
2026-07-23,B002,P009,31,2.7,2800,28,3
2026-07-23,B002,P010,34,4.3,1400,35,2
2026-07-23,B002,P011,27,2.4,2200,30,3
2026-07-23,B002,P012,21,1.0,11000,18,3
2026-07-23,B002,P013,21,0.8,15000,16,2
2026-07-23,B002,P014,19,0.6,12500,22,3
2026-07-23,B002,P015,21,1.8,11000,22,1
2026-07-23,B002,P016,42,5.8,900,40,3
2026-07-23,B003,P001,19,5.5,4500,35,3
2026-07-23,B003,P002,28,2.4,6200,30,2
2026-07-23,B003,P003,40,3.1,3200,38,3
2026-07-23,B003,P004,33,3.0,4800,30,3
2026-07-23,B003,P005,37,2.5,18000,25,2
2026-07-23,B003,P006,27,1.9,4100,28,1
2026-07-23,B003,P007,31,1.3,9500,28,1
2026-07-23,B003,P008,28,2.8,2500,30,2
2026-07-23,B003,P009,24,2.0,2800,28,3
2026-07-23,B003,P010,34,5.1,1400,35,2
2026-07-23,B003,P011,30,2.5,2200,30,2
2026-07-23,B003,P012,20,0.6,11000,18,1
2026-07-23,B003,P013,14,0.6,15000,16,2
2026-07-23,B003,P014,25,1.3,12500,22,2
2026-07-23,B003,P015,26,1.0,11000,22,2
2026-07-23,B003,P016,41,6.1,900,40,2
2026-07-23,B004,P001,34,3.2,4500,35,2
2026-07-23,B004,P002,12,4.3,6200,28,3
2026-07-23,B004,P003,37,2.2,3200,38,1
2026-07-23,B004,P004,28,1.9,4800,30,2
2026-07-23,B004,P005,30,1.3,18000,26,3
2026-07-23,B004,P006,26,2.8,4100,28,1
2026-07-23,B004,P007,33,1.2,9500,28,3
2026-07-23,B004,P008,33,2.5,2500,30,2
2026-07-23,B004,P009,30,1.8,2800,28,3
2026-07-23,B004,P010,35,2.9,1400,35,2
2026-07-23,B004,P011,31,2.2,2200,30,3
2026-07-23,B004,P012,18,0.5,11000,18,2
2026-07-23,B004,P013,13,0.7,15000,16,2
2026-07-23,B004,P014,24,1.1,12500,22,3
2026-07-23,B004,P015,27,1.0,11000,22,2
2026-07-23,B004,P016,45,4.0,900,40,2
2026-07-23,B005,P001,39,2.0,4500,35,2
2026-07-23,B005,P002,28,1.6,6200,30,1
2026-07-23,B005,P003,69,1.2,3200,40,2
2026-07-23,B005,P004,35,2.1,4800,30,2
2026-07-23,B005,P005,24,0.9,18000,26,3
2026-07-23,B005,P006,27,1.2,4100,28,3
2026-07-23,B005,P007,29,1.1,9500,28,3
2026-07-23,B005,P008,30,1.1,2500,30,2
2026-07-23,B005,P009,33,1.0,2800,28,3
2026-07-23,B005,P010,37,3.4,1400,35,2
2026-07-23,B005,P011,31,1.5,2200,30,3
2026-07-23,B005,P012,19,0.6,11000,18,1
2026-07-23,B005,P013,21,0.5,15000,16,3
2026-07-23,B005,P014,21,0.9,12500,22,1
2026-07-23,B005,P015,18,0.7,11000,22,1
2026-07-23,B005,P016,38,4.1,900,40,2
2026-07-24,B001,P001,37,4.3,4500,35,2
2026-07-24,B001,P002,31,2.8,6200,30,3
2026-07-24,B001,P003,34,3.3,3200,38,3
2026-07-24,B001,P004,32,1.2,4800,30,3
2026-07-24,B001,P005,18,5.0,18000,40,2
2026-07-24,B001,P006,27,2.3,4100,28,2
2026-07-24,B001,P007,28,1.0,9500,28,2
2026-07-24,B001,P008,26,3.1,2500,30,2
2026-07-24,B001,P009,25,2.5,2800,28,1
2026-07-24,B001,P010,36,4.6,1400,35,3
2026-07-24,B001,P011,33,3.0,2200,30,2
2026-07-24,B001,P012,14,0.8,11000,18,2
2026-07-24,B001,P013,21,0.9,15000,16,2
2026-07-24,B001,P014,18,1.3,12500,22,3
2026-07-24,B001,P015,24,1.5,11000,22,2
2026-07-24,B001,P016,38,4.3,900,40,2
2026-07-24,B002,P001,23,6.2,4500,40,1
2026-07-24,B002,P002,32,3.3,6200,30,3
2026-07-24,B002,P003,34,3.4,3200,38,1
2026-07-24,B002,P004,30,3.0,4800,30,2
2026-07-24,B002,P005,47,2.1,18000,30,2
2026-07-24,B002,P006,28,2.0,4100,28,3
2026-07-24,B002,P007,24,1.7,9500,28,3
2026-07-24,B002,P008,35,2.7,2500,30,1
2026-07-24,B002,P009,25,1.8,2800,28,3
2026-07-24,B002,P010,39,3.6,1400,35,1
2026-07-24,B002,P011,26,2.9,2200,30,1
2026-07-24,B002,P012,15,1.1,11000,18,1
2026-07-24,B002,P013,15,0.6,15000,16,2
2026-07-24,B002,P014,22,1.5,12500,22,3
2026-07-24,B002,P015,25,1.1,11000,22,2
2026-07-24,B002,P016,39,6.6,900,40,3
2026-07-24,B003,P001,19,5.9,4500,35,2
2026-07-24,B003,P002,32,3.2,6200,30,2
2026-07-24,B003,P003,39,4.2,3200,38,1
2026-07-24,B003,P004,33,2.5,4800,30,2
2026-07-24,B003,P005,36,2.3,18000,25,2
2026-07-24,B003,P006,25,2.0,4100,28,2
2026-07-24,B003,P007,28,1.3,9500,28,2
2026-07-24,B003,P008,33,2.9,2500,30,2
2026-07-24,B003,P009,31,1.2,2800,28,2
2026-07-24,B003,P010,34,4.0,1400,35,2
2026-07-24,B003,P011,32,2.1,2200,30,2
2026-07-24,B003,P012,14,1.1,11000,18,1
2026-07-24,B003,P013,20,0.6,15000,16,2
2026-07-24,B003,P014,24,1.0,12500,22,2
2026-07-24,B003,P015,18,1.8,11000,22,1
2026-07-24,B003,P016,39,5.7,900,40,2
2026-07-24,B004,P001,33,3.3,4500,35,2
2026-07-24,B004,P002,13,3.9,6200,28,1
2026-07-24,B004,P003,38,3.5,3200,38,2
2026-07-24,B004,P004,34,1.7,4800,30,2
2026-07-24,B004,P005,29,0.9,18000,26,2
2026-07-24,B004,P006,28,2.1,4100,28,1
2026-07-24,B004,P007,29,1.2,9500,28,2
2026-07-24,B004,P008,33,2.2,2500,30,2
2026-07-24,B004,P009,25,1.6,2800,28,1
2026-07-24,B004,P010,40,2.6,1400,35,2
2026-07-24,B004,P011,28,1.4,2200,30,2
2026-07-24,B004,P012,16,0.7,11000,18,2
2026-07-24,B004,P013,17,0.8,15000,16,2
2026-07-24,B004,P014,21,1.1,12500,22,2
2026-07-24,B004,P015,20,1.3,11000,22,2
2026-07-24,B004,P016,42,4.9,900,40,1
2026-07-24,B005,P001,32,1.9,4500,35,1
2026-07-24,B005,P002,27,1.1,6200,30,2
2026-07-24,B005,P003,67,1.3,3200,40,3
2026-07-24,B005,P004,27,1.9,4800,30,1
2026-07-24,B005,P005,25,1.2,18000,26,1
2026-07-24,B005,P006,32,2.1,4100,28,2
2026-07-24,B005,P007,29,1.2,9500,28,1
2026-07-24,B005,P008,35,1.4,2500,30,1
2026-07-24,B005,P009,31,1.4,2800,28,1
2026-07-24,B005,P010,33,1.9,1400,35,3
2026-07-24,B005,P011,34,1.7,2200,30,3
2026-07-24,B005,P012,23,0.7,11000,18,2
2026-07-24,B005,P013,17,0.7,15000,16,2
2026-07-24,B005,P014,19,0.5,12500,22,2
2026-07-24,B005,P015,27,0.7,11000,22,2
2026-07-24,B005,P016,36,4.1,900,40,2
2026-07-25,B001,P001,38,3.8,4500,35,3
2026-07-25,B001,P002,30,3.5,6200,30,3
2026-07-25,B001,P003,38,4.8,3200,38,2
2026-07-25,B001,P004,27,2.7,4800,30,1
2026-07-25,B001,P005,18,5.0,18000,40,2
2026-07-25,B001,P006,24,2.5,4100,28,3
2026-07-25,B001,P007,33,1.4,9500,28,2
2026-07-25,B001,P008,32,3.7,2500,30,2
2026-07-25,B001,P009,30,2.3,2800,28,3
2026-07-25,B001,P010,36,5.7,1400,35,2
2026-07-25,B001,P011,31,3.3,2200,30,2
2026-07-25,B001,P012,21,0.8,11000,18,1
2026-07-25,B001,P013,17,1.1,15000,16,1
2026-07-25,B001,P014,20,2.1,12500,22,2
2026-07-25,B001,P015,19,2.1,11000,22,3
2026-07-25,B001,P016,44,7.0,900,40,2
2026-07-25,B002,P001,24,7.3,4500,40,2
2026-07-25,B002,P002,34,3.4,6200,30,1
2026-07-25,B002,P003,43,4.5,3200,38,1
2026-07-25,B002,P004,27,2.7,4800,30,2
2026-07-25,B002,P005,46,2.3,18000,30,1
2026-07-25,B002,P006,26,3.6,4100,28,1
2026-07-25,B002,P007,30,1.8,9500,28,2
2026-07-25,B002,P008,30,3.7,2500,30,3
2026-07-25,B002,P009,27,3.0,2800,28,2
2026-07-25,B002,P010,33,3.8,1400,35,1
2026-07-25,B002,P011,26,4.1,2200,30,3
2026-07-25,B002,P012,23,1.2,11000,18,2
2026-07-25,B002,P013,17,0.6,15000,16,1
2026-07-25,B002,P014,20,1.4,12500,22,3
2026-07-25,B002,P015,24,1.8,11000,22,2
2026-07-25,B002,P016,37,9.2,900,40,1
2026-07-25,B003,P001,18,6.2,4500,35,1
2026-07-25,B003,P002,26,3.0,6200,30,1
2026-07-25,B003,P003,36,3.4,3200,38,2
2026-07-25,B003,P004,30,3.4,4800,30,2
2026-07-25,B003,P005,37,1.9,18000,25,2
2026-07-25,B003,P006,24,3.0,4100,28,3
2026-07-25,B003,P007,30,1.6,9500,28,2
2026-07-25,B003,P008,28,3.4,2500,30,2
2026-07-25,B003,P009,24,2.6,2800,28,2
2026-07-25,B003,P010,32,4.6,1400,35,2
2026-07-25,B003,P011,30,2.1,2200,30,2
2026-07-25,B003,P012,14,0.9,11000,18,2
2026-07-25,B003,P013,13,0.8,15000,16,2
2026-07-25,B003,P014,19,1.3,12500,22,1
2026-07-25,B003,P015,25,1.1,11000,22,3
2026-07-25,B003,P016,38,9.5,900,40,3
2026-07-25,B004,P001,39,4.3,4500,35,1
2026-07-25,B004,P002,12,5.1,6200,28,2
2026-07-25,B004,P003,41,3.9,3200,38,2
2026-07-25,B004,P004,27,3.2,4800,30,3
2026-07-25,B004,P005,33,1.4,18000,26,2
2026-07-25,B004,P006,32,2.7,4100,28,2
2026-07-25,B004,P007,29,1.8,9500,28,2
2026-07-25,B004,P008,33,2.7,2500,30,1
2026-07-25,B004,P009,33,2.4,2800,28,2
2026-07-25,B004,P010,36,3.7,1400,35,3
2026-07-25,B004,P011,27,2.3,2200,30,2
2026-07-25,B004,P012,16,1.3,11000,18,2
2026-07-25,B004,P013,14,0.9,15000,16,2
2026-07-25,B004,P014,22,1.3,12500,22,1
2026-07-25,B004,P015,19,1.1,11000,22,2
2026-07-25,B004,P016,37,6.4,900,40,2
2026-07-25,B005,P001,31,3.3,4500,35,1
2026-07-25,B005,P002,29,2.6,6200,30,3
2026-07-25,B005,P003,68,1.0,3200,40,1
2026-07-25,B005,P004,33,3.2,4800,30,1
2026-07-25,B005,P005,26,1.0,18000,26,2
2026-07-25,B005,P006,30,1.9,4100,28,2
2026-07-25,B005,P007,33,1.8,9500,28,2
2026-07-25,B005,P008,29,2.1,2500,30,2
2026-07-25,B005,P009,24,2.0,2800,28,3
2026-07-25,B005,P010,33,2.9,1400,35,1
2026-07-25,B005,P011,27,1.8,2200,30,3
2026-07-25,B005,P012,15,0.5,11000,18,3
2026-07-25,B005,P013,16,0.5,15000,16,1
2026-07-25,B005,P014,23,0.8,12500,22,1
2026-07-25,B005,P015,22,0.9,11000,22,3
2026-07-25,B005,P016,44,4.8,900,40,2
2026-07-26,B001,P001,37,3.5,4500,35,2
2026-07-26,B001,P002,34,4.3,6200,30,2
2026-07-26,B001,P003,34,4.1,3200,38,2
2026-07-26,B001,P004,29,4.8,4800,30,2
2026-07-26,B001,P005,17,5.0,18000,40,2
2026-07-26,B001,P006,28,3.4,4100,28,3
2026-07-26,B001,P007,32,1.7,9500,28,2
2026-07-26,B001,P008,35,4.5,2500,30,3
2026-07-26,B001,P009,32,3.0,2800,28,3
2026-07-26,B001,P010,33,5.1,1400,35,3
2026-07-26,B001,P011,31,2.6,2200,30,2
2026-07-26,B001,P012,19,1.1,11000,18,1
2026-07-26,B001,P013,14,1.3,15000,16,2
2026-07-26,B001,P014,19,2.0,12500,22,2
2026-07-26,B001,P015,20,2.1,11000,22,1
2026-07-26,B001,P016,45,11.4,900,40,2
2026-07-26,B002,P001,25,7.4,4500,40,2
2026-07-26,B002,P002,34,2.4,6200,30,2
2026-07-26,B002,P003,34,4.4,3200,38,1
2026-07-26,B002,P004,30,3.1,4800,30,2
2026-07-26,B002,P005,47,2.9,18000,30,2
2026-07-26,B002,P006,32,3.3,4100,28,2
2026-07-26,B002,P007,24,1.7,9500,28,1
2026-07-26,B002,P008,29,2.4,2500,30,1
2026-07-26,B002,P009,26,4.0,2800,28,3
2026-07-26,B002,P010,36,5.0,1400,35,2
2026-07-26,B002,P011,30,2.9,2200,30,3
2026-07-26,B002,P012,20,1.0,11000,18,3
2026-07-26,B002,P013,17,0.7,15000,16,3
2026-07-26,B002,P014,18,1.7,12500,22,3
2026-07-26,B002,P015,24,2.0,11000,22,1
2026-07-26,B002,P016,38,5.0,900,40,2
2026-07-26,B003,P001,19,5.5,4500,35,1
2026-07-26,B003,P002,26,4.5,6200,30,3
2026-07-26,B003,P003,43,3.4,3200,38,1
2026-07-26,B003,P004,29,3.0,4800,30,3
2026-07-26,B003,P005,37,2.8,18000,25,3
2026-07-26,B003,P006,31,3.6,4100,28,3
2026-07-26,B003,P007,25,1.8,9500,28,2
2026-07-26,B003,P008,29,3.8,2500,30,1
2026-07-26,B003,P009,30,2.0,2800,28,2
2026-07-26,B003,P010,35,4.7,1400,35,1
2026-07-26,B003,P011,28,1.2,2200,30,2
2026-07-26,B003,P012,18,1.0,11000,18,2
2026-07-26,B003,P013,21,0.8,15000,16,2
2026-07-26,B003,P014,18,1.4,12500,22,3
2026-07-26,B003,P015,27,1.8,11000,22,3
2026-07-26,B003,P016,42,8.9,900,40,1
2026-07-26,B004,P001,40,3.1,4500,35,3
2026-07-26,B004,P002,13,4.6,6200,28,3
2026-07-26,B004,P003,40,3.0,3200,38,3
2026-07-26,B004,P004,33,2.8,4800,30,3
2026-07-26,B004,P005,28,2.0,18000,26,2
2026-07-26,B004,P006,32,2.9,4100,28,1
2026-07-26,B004,P007,31,1.7,9500,28,3
2026-07-26,B004,P008,30,2.3,2500,30,3
2026-07-26,B004,P009,26,1.9,2800,28,2
2026-07-26,B004,P010,37,5.1,1400,35,3
2026-07-26,B004,P011,29,1.6,2200,30,1
2026-07-26,B004,P012,21,0.8,11000,18,2
2026-07-26,B004,P013,19,0.9,15000,16,2
2026-07-26,B004,P014,19,1.2,12500,22,3
2026-07-26,B004,P015,24,1.5,11000,22,2
2026-07-26,B004,P016,37,6.2,900,40,2
2026-07-26,B005,P001,37,1.3,4500,35,1
2026-07-26,B005,P002,31,2.2,6200,30,2
2026-07-26,B005,P003,67,1.7,3200,40,1
2026-07-26,B005,P004,32,2.3,4800,30,1
2026-07-26,B005,P005,25,0.9,18000,26,1
2026-07-26,B005,P006,29,2.0,4100,28,1
2026-07-26,B005,P007,32,0.8,9500,28,1
2026-07-26,B005,P008,35,2.0,2500,30,1
2026-07-26,B005,P009,27,2.0,2800,28,1
2026-07-26,B005,P010,32,4.6,1400,35,2
2026-07-26,B005,P011,28,2.4,2200,30,1
2026-07-26,B005,P012,19,0.5,11000,18,2
2026-07-26,B005,P013,12,0.4,15000,16,2
2026-07-26,B005,P014,25,1.1,12500,22,2
2026-07-26,B005,P015,24,1.1,11000,22,2
2026-07-26,B005,P016,39,5.8,900,40,3
2026-07-27,B001,P001,32,3.2,4500,35,1
2026-07-27,B001,P002,31,3.0,6200,30,2
2026-07-27,B001,P003,41,4.0,3200,38,3
2026-07-27,B001,P004,33,2.9,4800,30,2
2026-07-27,B001,P005,17,5.0,18000,40,2
2026-07-27,B001,P006,28,2.7,4100,28,2
2026-07-27,B001,P007,24,2.0,9500,28,2
2026-07-27,B001,P008,30,3.8,2500,30,2
2026-07-27,B001,P009,29,2.7,2800,28,1
2026-07-27,B001,P010,33,5.6,1400,35,3
2026-07-27,B001,P011,33,3.3,2200,30,2
2026-07-27,B001,P012,14,0.7,11000,18,2
2026-07-27,B001,P013,16,0.9,15000,16,2
2026-07-27,B001,P014,27,1.7,12500,22,3
2026-07-27,B001,P015,20,1.7,11000,22,3
2026-07-27,B001,P016,42,5.0,900,40,2
2026-07-27,B002,P001,24,5.6,4500,40,2
2026-07-27,B002,P002,26,2.8,6200,30,1
2026-07-27,B002,P003,38,3.6,3200,38,2
2026-07-27,B002,P004,33,1.3,4800,30,1
2026-07-27,B002,P005,50,2.6,18000,30,3
2026-07-27,B002,P006,30,3.4,4100,28,2
2026-07-27,B002,P007,29,1.6,9500,28,1
2026-07-27,B002,P008,27,2.6,2500,30,2
2026-07-27,B002,P009,24,1.9,2800,28,2
2026-07-27,B002,P010,31,4.6,1400,35,2
2026-07-27,B002,P011,26,2.1,2200,30,2
2026-07-27,B002,P012,15,0.7,11000,18,3
2026-07-27,B002,P013,12,0.8,15000,16,2
2026-07-27,B002,P014,24,1.0,12500,22,2
2026-07-27,B002,P015,21,1.6,11000,22,2
2026-07-27,B002,P016,44,7.0,900,40,2
2026-07-27,B003,P001,19,5.6,4500,35,2
2026-07-27,B003,P002,31,3.0,6200,30,3
2026-07-27,B003,P003,39,1.9,3200,38,3
2026-07-27,B003,P004,26,3.3,4800,30,3
2026-07-27,B003,P005,37,2.2,18000,25,1
2026-07-27,B003,P006,24,2.3,4100,28,2
2026-07-27,B003,P007,29,1.3,9500,28,2
2026-07-27,B003,P008,32,2.1,2500,30,2
2026-07-27,B003,P009,30,2.3,2800,28,1
2026-07-27,B003,P010,33,3.1,1400,35,2
2026-07-27,B003,P011,33,2.2,2200,30,2
2026-07-27,B003,P012,19,1.0,11000,18,1
2026-07-27,B003,P013,17,0.8,15000,16,2
2026-07-27,B003,P014,21,0.9,12500,22,2
2026-07-27,B003,P015,19,1.3,11000,22,3
2026-07-27,B003,P016,44,6.0,900,40,3
2026-07-27,B004,P001,34,2.3,4500,35,2
2026-07-27,B004,P002,10,4.2,6200,28,2
2026-07-27,B004,P003,38,2.8,3200,38,1
2026-07-27,B004,P004,31,2.7,4800,30,2
2026-07-27,B004,P005,28,1.3,18000,26,1
2026-07-27,B004,P006,31,1.8,4100,28,2
2026-07-27,B004,P007,26,1.2,9500,28,3
2026-07-27,B004,P008,33,2.1,2500,30,1
2026-07-27,B004,P009,28,1.5,2800,28,2
2026-07-27,B004,P010,33,3.8,1400,35,3
2026-07-27,B004,P011,27,2.1,2200,30,2
2026-07-27,B004,P012,21,0.7,11000,18,3
2026-07-27,B004,P013,18,0.5,15000,16,3
2026-07-27,B004,P014,23,0.7,12500,22,3
2026-07-27,B004,P015,22,0.8,11000,22,2
2026-07-27,B004,P016,43,5.8,900,40,3
2026-07-27,B005,P001,31,1.4,4500,35,2
2026-07-27,B005,P002,35,2.0,6200,30,1
2026-07-27,B005,P003,68,1.9,3200,40,3
2026-07-27,B005,P004,30,2.3,4800,30,2
2026-07-27,B005,P005,26,0.6,18000,26,1
2026-07-27,B005,P006,25,2.1,4100,28,1
2026-07-27,B005,P007,27,1.5,9500,28,3
2026-07-27,B005,P008,30,1.8,2500,30,1
2026-07-27,B005,P009,33,1.4,2800,28,2
2026-07-27,B005,P010,31,2.0,1400,35,2
2026-07-27,B005,P011,32,1.4,2200,30,1
2026-07-27,B005,P012,19,0.7,11000,18,2
2026-07-27,B005,P013,12,0.6,15000,16,2
2026-07-27,B005,P014,21,0.9,12500,22,3
2026-07-27,B005,P015,19,1.1,11000,22,2
2026-07-27,B005,P016,44,3.5,900,40,3
2026-07-28,B001,P001,32,4.0,4500,35,2
2026-07-28,B001,P002,26,3.9,6200,30,2
2026-07-28,B001,P003,39,4.5,3200,38,3
2026-07-28,B001,P004,35,4.3,4800,30,2
2026-07-28,B001,P005,16,5.0,18000,40,2
2026-07-28,B001,P006,29,3.7,4100,28,2
2026-07-28,B001,P007,28,1.9,9500,28,2
2026-07-28,B001,P008,30,1.1,2500,30,1
2026-07-28,B001,P009,33,2.8,2800,28,2
2026-07-28,B001,P010,38,3.5,1400,35,1
2026-07-28,B001,P011,29,1.2,2200,30,2
2026-07-28,B001,P012,16,0.6,11000,18,2
2026-07-28,B001,P013,16,1.0,15000,16,1
2026-07-28,B001,P014,21,1.5,12500,22,1
2026-07-28,B001,P015,20,1.6,11000,22,3
2026-07-28,B001,P016,41,7.8,900,40,2
2026-07-28,B002,P001,24,5.1,4500,40,1
2026-07-28,B002,P002,26,2.9,6200,30,2
2026-07-28,B002,P003,43,5.1,3200,38,3
2026-07-28,B002,P004,32,3.1,4800,30,2
2026-07-28,B002,P005,49,2.5,18000,30,2
2026-07-28,B002,P006,32,2.7,4100,28,2
2026-07-28,B002,P007,29,1.0,9500,28,1
2026-07-28,B002,P008,27,2.6,2500,30,3
2026-07-28,B002,P009,32,2.3,2800,28,3
2026-07-28,B002,P010,36,4.7,1400,35,2
2026-07-28,B002,P011,34,2.3,2200,30,2
2026-07-28,B002,P012,20,0.9,11000,18,3
2026-07-28,B002,P013,15,0.9,15000,16,3
2026-07-28,B002,P014,25,0.9,12500,22,2
2026-07-28,B002,P015,27,1.6,11000,22,1
2026-07-28,B002,P016,39,4.2,900,40,2
2026-07-28,B003,P001,16,4.3,4500,35,2
2026-07-28,B003,P002,32,2.9,6200,30,3
2026-07-28,B003,P003,43,3.9,3200,38,2
2026-07-28,B003,P004,26,2.6,4800,30,2
2026-07-28,B003,P005,36,1.5,18000,25,2
2026-07-28,B003,P006,30,2.0,4100,28,1
2026-07-28,B003,P007,31,1.5,9500,28,2
2026-07-28,B003,P008,33,1.8,2500,30,3
2026-07-28,B003,P009,33,1.4,2800,28,3
2026-07-28,B003,P010,33,3.7,1400,35,2
2026-07-28,B003,P011,26,2.0,2200,30,2
2026-07-28,B003,P012,15,0.7,11000,18,1
2026-07-28,B003,P013,18,0.6,15000,16,2
2026-07-28,B003,P014,22,1.2,12500,22,2
2026-07-28,B003,P015,23,1.2,11000,22,1
2026-07-28,B003,P016,38,3.9,900,40,2
2026-07-28,B004,P001,31,2.3,4500,35,2
2026-07-28,B004,P002,12,4.6,6200,28,3
2026-07-28,B004,P003,36,3.0,3200,38,1
2026-07-28,B004,P004,35,2.2,4800,30,2
2026-07-28,B004,P005,32,1.3,18000,26,3
2026-07-28,B004,P006,32,1.9,4100,28,1
2026-07-28,B004,P007,28,1.4,9500,28,3
2026-07-28,B004,P008,27,2.2,2500,30,2
2026-07-28,B004,P009,30,1.1,2800,28,2
2026-07-28,B004,P010,37,3.7,1400,35,3
2026-07-28,B004,P011,35,1.9,2200,30,2
2026-07-28,B004,P012,16,0.9,11000,18,3
2026-07-28,B004,P013,19,0.5,15000,16,3
2026-07-28,B004,P014,26,1.1,12500,22,1
2026-07-28,B004,P015,20,1.0,11000,22,1
2026-07-28,B004,P016,45,3.3,900,40,2
2026-07-28,B005,P001,34,1.3,4500,35,2
2026-07-28,B005,P002,28,2.4,6200,30,2
2026-07-28,B005,P003,69,1.4,3200,40,3
2026-07-28,B005,P004,27,1.9,4800,30,2
2026-07-28,B005,P005,26,0.7,18000,26,2
2026-07-28,B005,P006,29,2.2,4100,28,1
2026-07-28,B005,P007,24,0.9,9500,28,1
2026-07-28,B005,P008,28,1.8,2500,30,2
2026-07-28,B005,P009,25,1.4,2800,28,3
2026-07-28,B005,P010,33,3.9,1400,35,2
2026-07-28,B005,P011,33,1.5,2200,30,1
2026-07-28,B005,P012,20,0.5,11000,18,3
2026-07-28,B005,P013,14,0.5,15000,16,1
2026-07-28,B005,P014,22,0.9,12500,22,2
2026-07-28,B005,P015,27,1.4,11000,22,1
2026-07-28,B005,P016,39,4.2,900,40,3
2026-07-29,B001,P001,39,2.8,4500,35,1
2026-07-29,B001,P002,28,2.8,6200,30,3
2026-07-29,B001,P003,34,4.2,3200,38,1
2026-07-29,B001,P004,33,3.5,4800,30,2
2026-07-29,B001,P005,16,5.0,18000,40,2
2026-07-29,B001,P006,28,2.9,4100,28,2
2026-07-29,B001,P007,24,2.4,9500,28,2
2026-07-29,B001,P008,29,4.0,2500,30,2
2026-07-29,B001,P009,28,2.6,2800,28,2
2026-07-29,B001,P010,34,5.3,1400,35,1
2026-07-29,B001,P011,27,3.2,2200,30,2
2026-07-29,B001,P012,17,0.9,11000,18,1
2026-07-29,B001,P013,13,0.9,15000,16,3
2026-07-29,B001,P014,27,1.5,12500,22,3
2026-07-29,B001,P015,26,1.5,11000,22,2
2026-07-29,B001,P016,41,8.0,900,40,3
2026-07-29,B002,P001,24,5.2,4500,40,3
2026-07-29,B002,P002,30,2.3,6200,30,1
2026-07-29,B002,P003,38,2.9,3200,38,2
2026-07-29,B002,P004,31,2.9,4800,30,3
2026-07-29,B002,P005,50,1.9,18000,30,2
2026-07-29,B002,P006,24,2.4,4100,28,2
2026-07-29,B002,P007,24,1.8,9500,28,3
2026-07-29,B002,P008,29,1.2,2500,30,2
2026-07-29,B002,P009,26,2.4,2800,28,2
2026-07-29,B002,P010,32,3.5,1400,35,1
2026-07-29,B002,P011,30,2.3,2200,30,2
2026-07-29,B002,P012,23,0.9,11000,18,2
2026-07-29,B002,P013,18,0.7,15000,16,1
2026-07-29,B002,P014,26,1.4,12500,22,3
2026-07-29,B002,P015,25,1.3,11000,22,2
2026-07-29,B002,P016,40,7.9,900,40,1
2026-07-29,B003,P001,15,4.9,4500,35,2
2026-07-29,B003,P002,26,2.5,6200,30,2
2026-07-29,B003,P003,38,3.4,3200,38,2
2026-07-29,B003,P004,26,2.8,4800,30,2
2026-07-29,B003,P005,39,1.1,18000,25,1
2026-07-29,B003,P006,30,2.4,4100,28,2
2026-07-29,B003,P007,24,1.8,9500,28,2
2026-07-29,B003,P008,34,2.7,2500,30,2
2026-07-29,B003,P009,30,2.5,2800,28,2
2026-07-29,B003,P010,38,2.5,1400,35,3
2026-07-29,B003,P011,33,2.5,2200,30,2
2026-07-29,B003,P012,14,1.1,11000,18,2
2026-07-29,B003,P013,17,0.7,15000,16,2
2026-07-29,B003,P014,21,1.2,12500,22,3
2026-07-29,B003,P015,25,1.5,11000,22,2
2026-07-29,B003,P016,39,5.7,900,40,3
2026-07-29,B004,P001,33,2.8,4500,35,1
2026-07-29,B004,P002,10,3.5,6200,28,1
2026-07-29,B004,P003,43,3.4,3200,38,1
2026-07-29,B004,P004,34,2.3,4800,30,1
2026-07-29,B004,P005,28,1.4,18000,26,3
2026-07-29,B004,P006,31,1.8,4100,28,3
2026-07-29,B004,P007,28,1.5,9500,28,2
2026-07-29,B004,P008,26,2.0,2500,30,3
2026-07-29,B004,P009,28,1.8,2800,28,2
2026-07-29,B004,P010,36,3.0,1400,35,3
2026-07-29,B004,P011,27,1.7,2200,30,1
2026-07-29,B004,P012,22,0.5,11000,18,2
2026-07-29,B004,P013,13,0.7,15000,16,2
2026-07-29,B004,P014,23,1.1,12500,22,3
2026-07-29,B004,P015,25,1.6,11000,22,2
2026-07-29,B004,P016,44,3.4,900,40,2
2026-07-29,B005,P001,35,1.9,4500,35,1
2026-07-29,B005,P002,27,1.9,6200,30,2
2026-07-29,B005,P003,70,2.0,3200,40,3
2026-07-29,B005,P004,35,1.8,4800,30,1
2026-07-29,B005,P005,29,1.2,18000,26,2
2026-07-29,B005,P006,33,1.4,4100,28,2
2026-07-29,B005,P007,25,1.0,9500,28,1
2026-07-29,B005,P008,34,1.3,2500,30,2
2026-07-29,B005,P009,25,1.7,2800,28,1
2026-07-29,B005,P010,38,2.3,1400,35,3
2026-07-29,B005,P011,29,1.3,2200,30,2
2026-07-29,B005,P012,20,0.6,11000,18,2
2026-07-29,B005,P013,17,0.3,15000,16,3
2026-07-29,B005,P014,20,0.6,12500,22,2
2026-07-29,B005,P015,24,1.0,11000,22,2
2026-07-29,B005,P016,44,3.4,900,40,1
2026-07-30,B001,P001,36,5.4,4500,35,1
2026-07-30,B001,P002,33,3.1,6200,30,1
2026-07-30,B001,P003,34,2.6,3200,38,2
2026-07-30,B001,P004,31,1.6,4800,30,1
2026-07-30,B001,P005,16,5.0,18000,40,2
2026-07-30,B001,P006,27,3.6,4100,28,2
2026-07-30,B001,P007,27,1.8,9500,28,3
2026-07-30,B001,P008,35,2.7,2500,30,3
2026-07-30,B001,P009,32,2.4,2800,28,1
2026-07-30,B001,P010,34,3.0,1400,35,1
2026-07-30,B001,P011,33,2.5,2200,30,1
2026-07-30,B001,P012,18,0.7,11000,18,2
2026-07-30,B001,P013,19,0.8,15000,16,2
2026-07-30,B001,P014,24,1.2,12500,22,2
2026-07-30,B001,P015,22,1.5,11000,22,1
2026-07-30,B001,P016,41,6.4,900,40,2
2026-07-30,B002,P001,22,5.6,4500,40,2
2026-07-30,B002,P002,33,2.6,6200,30,2
2026-07-30,B002,P003,43,3.9,3200,38,3
2026-07-30,B002,P004,35,3.0,4800,30,3
2026-07-30,B002,P005,50,1.9,18000,30,3
2026-07-30,B002,P006,27,3.7,4100,28,3
2026-07-30,B002,P007,27,1.5,9500,28,2
2026-07-30,B002,P008,34,2.2,2500,30,2
2026-07-30,B002,P009,29,2.4,2800,28,2
2026-07-30,B002,P010,34,6.1,1400,35,2
2026-07-30,B002,P011,34,1.8,2200,30,2
2026-07-30,B002,P012,19,1.0,11000,18,2
2026-07-30,B002,P013,19,0.6,15000,16,2
2026-07-30,B002,P014,25,0.8,12500,22,1
2026-07-30,B002,P015,21,1.2,11000,22,2
2026-07-30,B002,P016,36,7.9,900,40,3
2026-07-30,B003,P001,17,5.2,4500,35,2
2026-07-30,B003,P002,27,2.0,6200,30,2
2026-07-30,B003,P003,41,3.8,3200,38,2
2026-07-30,B003,P004,31,2.8,4800,30,3
2026-07-30,B003,P005,39,1.8,18000,25,2
2026-07-30,B003,P006,32,2.8,4100,28,1
2026-07-30,B003,P007,28,1.4,9500,28,3
2026-07-30,B003,P008,27,2.2,2500,30,2
2026-07-30,B003,P009,31,3.0,2800,28,1
2026-07-30,B003,P010,36,4.4,1400,35,2
2026-07-30,B003,P011,31,2.6,2200,30,2
2026-07-30,B003,P012,20,0.9,11000,18,2
2026-07-30,B003,P013,13,0.8,15000,16,1
2026-07-30,B003,P014,24,1.3,12500,22,3
2026-07-30,B003,P015,23,1.5,11000,22,3
2026-07-30,B003,P016,42,5.1,900,40,2
2026-07-30,B004,P001,31,1.8,4500,35,1
2026-07-30,B004,P002,11,3.7,6200,28,2
2026-07-30,B004,P003,36,3.0,3200,38,3
2026-07-30,B004,P004,26,2.3,4800,30,2
2026-07-30,B004,P005,31,1.1,18000,26,2
2026-07-30,B004,P006,33,2.5,4100,28,2
2026-07-30,B004,P007,24,1.2,9500,28,2
2026-07-30,B004,P008,33,2.3,2500,30,2
2026-07-30,B004,P009,25,1.5,2800,28,2
2026-07-30,B004,P010,33,4.1,1400,35,2
2026-07-30,B004,P011,30,1.4,2200,30,2
2026-07-30,B004,P012,21,0.8,11000,18,3
2026-07-30,B004,P013,18,0.6,15000,16,3
2026-07-30,B004,P014,24,0.9,12500,22,1
2026-07-30,B004,P015,22,1.0,11000,22,2
2026-07-30,B004,P016,45,3.0,900,40,1
2026-07-30,B005,P001,40,2.5,4500,35,3
2026-07-30,B005,P002,30,1.6,6200,30,2
2026-07-30,B005,P003,69,1.0,3200,40,2
2026-07-30,B005,P004,32,2.4,4800,30,1
2026-07-30,B005,P005,29,0.5,18000,26,1
2026-07-30,B005,P006,33,1.4,4100,28,2
2026-07-30,B005,P007,30,1.4,9500,28,3
2026-07-30,B005,P008,28,1.7,2500,30,1
2026-07-30,B005,P009,29,0.9,2800,28,3
2026-07-30,B005,P010,35,3.0,1400,35,1
2026-07-30,B005,P011,33,1.4,2200,30,2
2026-07-30,B005,P012,21,0.4,11000,18,2
2026-07-30,B005,P013,17,0.5,15000,16,2
2026-07-30,B005,P014,23,0.8,12500,22,3
2026-07-30,B005,P015,27,0.9,11000,22,1
2026-07-30,B005,P016,42,4.6,900,40,2
2026-07-31,B001,P001,34,2.8,4500,35,2
2026-07-31,B001,P002,32,3.1,6200,30,3
2026-07-31,B001,P003,42,4.1,3200,38,1
2026-07-31,B001,P004,30,3.9,4800,30,2
2026-07-31,B001,P005,15,5.0,18000,40,2
2026-07-31,B001,P006,25,2.9,4100,28,1
2026-07-31,B001,P007,33,1.9,9500,28,2
2026-07-31,B001,P008,33,2.6,2500,30,3
2026-07-31,B001,P009,26,2.2,2800,28,1
2026-07-31,B001,P010,32,5.7,1400,35,2
2026-07-31,B001,P011,35,2.5,2200,30,3
2026-07-31,B001,P012,16,0.7,11000,18,2
2026-07-31,B001,P013,21,0.7,15000,16,3
2026-07-31,B001,P014,27,1.9,12500,22,2
2026-07-31,B001,P015,21,1.7,11000,22,3
2026-07-31,B001,P016,42,6.7,900,40,1
2026-07-31,B002,P001,22,6.1,4500,40,2
2026-07-31,B002,P002,34,2.0,6200,30,3
2026-07-31,B002,P003,37,3.6,3200,38,2
2026-07-31,B002,P004,29,3.2,4800,30,1
2026-07-31,B002,P005,50,2.3,18000,30,2
2026-07-31,B002,P006,31,2.8,4100,28,1
2026-07-31,B002,P007,28,1.4,9500,28,2
2026-07-31,B002,P008,27,3.2,2500,30,2
2026-07-31,B002,P009,30,2.7,2800,28,2
2026-07-31,B002,P010,40,3.6,1400,35,2
2026-07-31,B002,P011,33,2.2,2200,30,2
2026-07-31,B002,P012,18,0.8,11000,18,2
2026-07-31,B002,P013,16,0.6,15000,16,3
2026-07-31,B002,P014,24,1.6,12500,22,2
2026-07-31,B002,P015,23,1.7,11000,22,3
2026-07-31,B002,P016,36,5.9,900,40,2
2026-07-31,B003,P001,18,5.2,4500,35,2
2026-07-31,B003,P002,28,3.1,6200,30,3
2026-07-31,B003,P003,38,3.6,3200,38,3
2026-07-31,B003,P004,28,2.6,4800,30,2
2026-07-31,B003,P005,38,1.3,18000,25,2
2026-07-31,B003,P006,26,3.0,4100,28,2
2026-07-31,B003,P007,29,1.3,9500,28,1
2026-07-31,B003,P008,31,2.9,2500,30,2
2026-07-31,B003,P009,33,1.8,2800,28,1
2026-07-31,B003,P010,40,4.4,1400,35,1
2026-07-31,B003,P011,33,1.9,2200,30,1
2026-07-31,B003,P012,17,1.0,11000,18,3
2026-07-31,B003,P013,20,0.6,15000,16,2
2026-07-31,B003,P014,21,1.2,12500,22,1
2026-07-31,B003,P015,26,1.4,11000,22,2
2026-07-31,B003,P016,42,5.6,900,40,3
2026-07-31,B004,P001,32,3.4,4500,35,3
2026-07-31,B004,P002,13,3.6,6200,28,2
2026-07-31,B004,P003,40,2.8,3200,38,2
2026-07-31,B004,P004,32,2.3,4800,30,3
2026-07-31,B004,P005,30,1.3,18000,26,3
2026-07-31,B004,P006,24,2.4,4100,28,2
2026-07-31,B004,P007,26,1.1,9500,28,3
2026-07-31,B004,P008,30,2.3,2500,30,2
2026-07-31,B004,P009,25,1.2,2800,28,2
2026-07-31,B004,P010,32,3.1,1400,35,2
2026-07-31,B004,P011,32,1.3,2200,30,1
2026-07-31,B004,P012,20,0.6,11000,18,1
2026-07-31,B004,P013,16,0.5,15000,16,2
2026-07-31,B004,P014,21,1.0,12500,22,3
2026-07-31,B004,P015,26,0.7,11000,22,1
2026-07-31,B004,P016,36,4.6,900,40,1
2026-07-31,B005,P001,33,2.1,4500,35,2
2026-07-31,B005,P002,29,1.8,6200,30,3
2026-07-31,B005,P003,72,1.2,3200,40,2
2026-07-31,B005,P004,27,1.2,4800,30,3
2026-07-31,B005,P005,29,0.8,18000,26,3
2026-07-31,B005,P006,31,1.3,4100,28,3
2026-07-31,B005,P007,25,1.1,9500,28,1
2026-07-31,B005,P008,27,2.3,2500,30,1
2026-07-31,B005,P009,27,1.5,2800,28,1
2026-07-31,B005,P010,37,2.0,1400,35,1
2026-07-31,B005,P011,33,2.2,2200,30,2
2026-07-31,B005,P012,18,0.6,11000,18,2
2026-07-31,B005,P013,17,0.6,15000,16,1
2026-07-31,B005,P014,24,0.6,12500,22,2
2026-07-31,B005,P015,18,1.3,11000,22,2
2026-07-31,B005,P016,42,3.8,900,40,3
2026-08-01,B001,P001,33,3.1,4500,35,1
2026-08-01,B001,P002,32,3.9,6200,30,2
2026-08-01,B001,P003,34,5.9,3200,38,1
2026-08-01,B001,P004,34,4.5,4800,30,3
2026-08-01,B001,P005,15,5.0,18000,40,2
2026-08-01,B001,P006,29,3.8,4100,28,3
2026-08-01,B001,P007,29,2.4,9500,28,3
2026-08-01,B001,P008,27,3.6,2500,30,2
2026-08-01,B001,P009,29,2.0,2800,28,3
2026-08-01,B001,P010,31,5.4,1400,35,1
2026-08-01,B001,P011,29,2.9,2200,30,2
2026-08-01,B001,P012,19,1.5,11000,18,1
2026-08-01,B001,P013,20,1.2,15000,16,2
2026-08-01,B001,P014,19,1.5,12500,22,3
2026-08-01,B001,P015,19,2.1,11000,22,2
2026-08-01,B001,P016,39,8.4,900,40,2
2026-08-01,B002,P001,22,6.6,4500,40,2
2026-08-01,B002,P002,28,4.6,6200,30,2
2026-08-01,B002,P003,36,4.0,3200,38,1
2026-08-01,B002,P004,27,4.4,4800,30,3
2026-08-01,B002,P005,49,2.2,18000,30,1
2026-08-01,B002,P006,28,3.2,4100,28,3
2026-08-01,B002,P007,25,2.4,9500,28,2
2026-08-01,B002,P008,32,3.3,2500,30,1
2026-08-01,B002,P009,30,2.3,2800,28,2
2026-08-01,B002,P010,36,4.5,1400,35,3
2026-08-01,B002,P011,35,2.5,2200,30,2
2026-08-01,B002,P012,16,1.0,11000,18,3
2026-08-01,B002,P013,19,1.2,15000,16,2
2026-08-01,B002,P014,25,1.2,12500,22,3
2026-08-01,B002,P015,18,1.8,11000,22,1
2026-08-01,B002,P016,36,9.1,900,40,3
2026-08-01,B003,P001,18,5.9,4500,35,1
2026-08-01,B003,P002,32,3.2,6200,30,1
2026-08-01,B003,P003,42,4.6,3200,38,3
2026-08-01,B003,P004,30,3.3,4800,30,2
2026-08-01,B003,P005,39,2.4,18000,25,2
2026-08-01,B003,P006,31,3.6,4100,28,2
2026-08-01,B003,P007,28,2.0,9500,28,2
2026-08-01,B003,P008,34,3.8,2500,30,2
2026-08-01,B003,P009,32,3.8,2800,28,1
2026-08-01,B003,P010,37,5.7,1400,35,2
2026-08-01,B003,P011,32,2.7,2200,30,3
2026-08-01,B003,P012,17,1.1,11000,18,2
2026-08-01,B003,P013,16,1.1,15000,16,2
2026-08-01,B003,P014,26,1.4,12500,22,1
2026-08-01,B003,P015,24,1.2,11000,22,3
2026-08-01,B003,P016,36,6.7,900,40,2
2026-08-01,B004,P001,32,3.6,4500,35,3
2026-08-01,B004,P002,10,5.1,6200,28,2
2026-08-01,B004,P003,41,5.0,3200,38,2
2026-08-01,B004,P004,28,3.6,4800,30,2
2026-08-01,B004,P005,30,1.4,18000,26,1
2026-08-01,B004,P006,31,2.6,4100,28,2
2026-08-01,B004,P007,33,1.5,9500,28,2
2026-08-01,B004,P008,26,2.4,2500,30,3
2026-08-01,B004,P009,31,2.1,2800,28,1
2026-08-01,B004,P010,35,2.7,1400,35,3
2026-08-01,B004,P011,30,2.2,2200,30,1
2026-08-01,B004,P012,17,0.8,11000,18,3
2026-08-01,B004,P013,18,0.9,15000,16,3
2026-08-01,B004,P014,24,1.6,12500,22,2
2026-08-01,B004,P015,26,1.6,11000,22,2
2026-08-01,B004,P016,45,7.0,900,40,2
2026-08-01,B005,P001,32,2.3,4500,35,2
2026-08-01,B005,P002,28,1.4,6200,30,1
2026-08-01,B005,P003,70,1.8,3200,40,2
2026-08-01,B005,P004,31,3.0,4800,30,3
2026-08-01,B005,P005,25,1.6,18000,26,1
2026-08-01,B005,P006,25,1.7,4100,28,2
2026-08-01,B005,P007,31,1.5,9500,28,1
2026-08-01,B005,P008,33,1.6,2500,30,3
2026-08-01,B005,P009,27,1.4,2800,28,2
2026-08-01,B005,P010,39,3.2,1400,35,2
2026-08-01,B005,P011,31,1.1,2200,30,2
2026-08-01,B005,P012,21,0.9,11000,18,2
2026-08-01,B005,P013,12,0.6,15000,16,1
2026-08-01,B005,P014,18,0.9,12500,22,3
2026-08-01,B005,P015,27,0.8,11000,22,2
2026-08-01,B005,P016,37,5.8,900,40,1
2026-08-02,B001,P001,38,3.7,4500,35,1
2026-08-02,B001,P002,28,4.3,6200,30,3
2026-08-02,B001,P003,34,3.7,3200,38,1
2026-08-02,B001,P004,30,4.5,4800,30,2
2026-08-02,B001,P005,15,5.0,18000,40,2
2026-08-02,B001,P006,29,3.2,4100,28,2
2026-08-02,B001,P007,26,2.6,9500,28,2
2026-08-02,B001,P008,35,3.7,2500,30,2
2026-08-02,B001,P009,29,2.5,2800,28,1
2026-08-02,B001,P010,38,4.9,1400,35,2
2026-08-02,B001,P011,26,1.7,2200,30,1
2026-08-02,B001,P012,21,1.1,11000,18,2
2026-08-02,B001,P013,15,0.8,15000,16,3
2026-08-02,B001,P014,19,2.1,12500,22,2
2026-08-02,B001,P015,22,1.7,11000,22,1
2026-08-02,B001,P016,42,6.1,900,40,2
2026-08-02,B002,P001,23,7.8,4500,40,2
2026-08-02,B002,P002,30,3.3,6200,30,1
2026-08-02,B002,P003,35,5.1,3200,38,2
2026-08-02,B002,P004,26,3.3,4800,30,1
2026-08-02,B002,P005,51,3.1,18000,30,3
2026-08-02,B002,P006,25,2.5,4100,28,2
2026-08-02,B002,P007,31,2.0,9500,28,1
2026-08-02,B002,P008,28,3.6,2500,30,1
2026-08-02,B002,P009,26,2.9,2800,28,2
2026-08-02,B002,P010,38,4.4,1400,35,3
2026-08-02,B002,P011,33,2.8,2200,30,1
2026-08-02,B002,P012,18,1.2,11000,18,1
2026-08-02,B002,P013,18,0.7,15000,16,2
2026-08-02,B002,P014,26,1.5,12500,22,1
2026-08-02,B002,P015,24,2.0,11000,22,3
2026-08-02,B002,P016,42,10.1,900,40,2
2026-08-02,B003,P001,16,6.1,4500,35,2
2026-08-02,B003,P002,30,2.1,6200,30,2
2026-08-02,B003,P003,36,4.1,3200,38,1
2026-08-02,B003,P004,28,4.0,4800,30,2
2026-08-02,B003,P005,40,1.7,18000,25,3
2026-08-02,B003,P006,25,2.7,4100,28,2
2026-08-02,B003,P007,26,2.3,9500,28,1
2026-08-02,B003,P008,31,2.2,2500,30,3
2026-08-02,B003,P009,28,3.0,2800,28,1
2026-08-02,B003,P010,38,3.8,1400,35,1
2026-08-02,B003,P011,34,2.9,2200,30,2
2026-08-02,B003,P012,22,1.1,11000,18,3
2026-08-02,B003,P013,14,0.8,15000,16,3
2026-08-02,B003,P014,26,1.5,12500,22,3
2026-08-02,B003,P015,18,1.3,11000,22,1
2026-08-02,B003,P016,38,8.8,900,40,1
2026-08-02,B004,P001,35,3.6,4500,35,3
2026-08-02,B004,P002,11,4.8,6200,28,3
2026-08-02,B004,P003,43,3.9,3200,38,1
2026-08-02,B004,P004,31,3.2,4800,30,2
2026-08-02,B004,P005,30,1.5,18000,26,2
2026-08-02,B004,P006,26,1.4,4100,28,1
2026-08-02,B004,P007,30,1.5,9500,28,1
2026-08-02,B004,P008,35,3.1,2500,30,3
2026-08-02,B004,P009,28,2.4,2800,28,2
2026-08-02,B004,P010,40,4.7,1400,35,2
2026-08-02,B004,P011,27,2.4,2200,30,3
2026-08-02,B004,P012,20,1.0,11000,18,2
2026-08-02,B004,P013,13,0.7,15000,16,1
2026-08-02,B004,P014,26,1.1,12500,22,2
2026-08-02,B004,P015,22,1.9,11000,22,2
2026-08-02,B004,P016,42,5.5,900,40,1
2026-08-02,B005,P001,37,2.1,4500,35,3
2026-08-02,B005,P002,34,2.2,6200,30,2
2026-08-02,B005,P003,72,1.7,3200,40,2
2026-08-02,B005,P004,33,2.4,4800,30,3
2026-08-02,B005,P005,26,1.7,18000,26,3
2026-08-02,B005,P006,27,2.4,4100,28,1
2026-08-02,B005,P007,30,1.5,9500,28,3
2026-08-02,B005,P008,30,2.0,2500,30,2
2026-08-02,B005,P009,33,1.5,2800,28,2
2026-08-02,B005,P010,40,3.1,1400,35,2
2026-08-02,B005,P011,30,2.5,2200,30,1
2026-08-02,B005,P012,17,0.8,11000,18,2
2026-08-02,B005,P013,15,0.6,15000,16,1
2026-08-02,B005,P014,27,1.4,12500,22,1
2026-08-02,B005,P015,27,0.9,11000,22,1
2026-08-02,B005,P016,40,6.3,900,40,2
2026-08-03,B001,P001,33,3.3,4500,35,3
2026-08-03,B001,P002,35,2.6,6200,30,3
2026-08-03,B001,P003,39,4.0,3200,38,2
2026-08-03,B001,P004,31,2.9,4800,30,3
2026-08-03,B001,P005,14,5.0,18000,40,2
2026-08-03,B001,P006,24,2.9,4100,28,2
2026-08-03,B001,P007,31,1.8,9500,28,3
2026-08-03,B001,P008,30,3.1,2500,30,2
2026-08-03,B001,P009,31,2.5,2800,28,2
2026-08-03,B001,P010,35,5.7,1400,35,2
2026-08-03,B001,P011,26,2.0,2200,30,2
2026-08-03,B001,P012,17,0.8,11000,18,1
2026-08-03,B001,P013,15,0.8,15000,16,2
2026-08-03,B001,P014,21,1.1,12500,22,1
2026-08-03,B001,P015,21,0.6,11000,22,3
2026-08-03,B001,P016,43,10.1,900,40,2
2026-08-03,B002,P001,22,5.4,4500,40,2
2026-08-03,B002,P002,34,2.0,6200,30,2
2026-08-03,B002,P003,37,3.5,3200,38,1
2026-08-03,B002,P004,31,3.1,4800,30,1
2026-08-03,B002,P005,50,2.0,18000,30,3
2026-08-03,B002,P006,31,2.0,4100,28,2
2026-08-03,B002,P007,28,1.1,9500,28,3
2026-08-03,B002,P008,33,2.4,2500,30,2
2026-08-03,B002,P009,30,2.1,2800,28,2
2026-08-03,B002,P010,38,5.6,1400,35,2
2026-08-03,B002,P011,33,2.6,2200,30,3
2026-08-03,B002,P012,20,0.7,11000,18,2
2026-08-03,B002,P013,14,0.8,15000,16,1
2026-08-03,B002,P014,23,1.4,12500,22,2
2026-08-03,B002,P015,24,1.5,11000,22,3
2026-08-03,B002,P016,41,6.7,900,40,1
2026-08-03,B003,P001,17,5.2,4500,35,3
2026-08-03,B003,P002,34,3.0,6200,30,1
2026-08-03,B003,P003,43,3.5,3200,38,2
2026-08-03,B003,P004,28,3.3,4800,30,3
2026-08-03,B003,P005,39,1.1,18000,25,2
2026-08-03,B003,P006,28,2.3,4100,28,2
2026-08-03,B003,P007,28,1.7,9500,28,3
2026-08-03,B003,P008,28,1.7,2500,30,2
2026-08-03,B003,P009,24,1.0,2800,28,2
2026-08-03,B003,P010,36,5.5,1400,35,3
2026-08-03,B003,P011,32,2.2,2200,30,2
2026-08-03,B003,P012,21,0.5,11000,18,2
2026-08-03,B003,P013,12,0.7,15000,16,2
2026-08-03,B003,P014,21,0.9,12500,22,2
2026-08-03,B003,P015,27,1.1,11000,22,2
2026-08-03,B003,P016,36,7.4,900,40,2
2026-08-03,B004,P001,35,2.4,4500,35,1
2026-08-03,B004,P002,10,3.9,6200,28,1
2026-08-03,B004,P003,36,2.8,3200,38,2
2026-08-03,B004,P004,28,2.0,4800,30,2
2026-08-03,B004,P005,33,1.2,18000,26,2
2026-08-03,B004,P006,28,2.0,4100,28,3
2026-08-03,B004,P007,33,1.8,9500,28,1
2026-08-03,B004,P008,34,1.7,2500,30,2
2026-08-03,B004,P009,33,2.1,2800,28,3
2026-08-03,B004,P010,31,3.6,1400,35,1
2026-08-03,B004,P011,28,1.9,2200,30,1
2026-08-03,B004,P012,20,0.8,11000,18,2
2026-08-03,B004,P013,13,0.7,15000,16,1
2026-08-03,B004,P014,21,1.3,12500,22,1
2026-08-03,B004,P015,25,1.0,11000,22,2
2026-08-03,B004,P016,44,4.2,900,40,2
2026-08-03,B005,P001,36,1.2,4500,35,3
2026-08-03,B005,P002,32,1.6,6200,30,3
2026-08-03,B005,P003,71,1.5,3200,40,3
2026-08-03,B005,P004,35,1.8,4800,30,2
2026-08-03,B005,P005,27,1.3,18000,26,1
2026-08-03,B005,P006,32,1.4,4100,28,2
2026-08-03,B005,P007,26,0.7,9500,28,1
2026-08-03,B005,P008,28,1.8,2500,30,2
2026-08-03,B005,P009,24,1.7,2800,28,2
2026-08-03,B005,P010,38,2.8,1400,35,2
2026-08-03,B005,P011,33,1.1,2200,30,2
2026-08-03,B005,P012,15,0.6,11000,18,2
2026-08-03,B005,P013,21,0.5,15000,16,2
2026-08-03,B005,P014,27,0.9,12500,22,2
2026-08-03,B005,P015,18,0.9,11000,22,2
2026-08-03,B005,P016,44,5.2,900,40,1
2026-08-04,B001,P001,35,2.9,4500,35,2
2026-08-04,B001,P002,26,1.3,6200,30,1
2026-08-04,B001,P003,43,2.5,3200,38,3
2026-08-04,B001,P004,28,2.4,4800,30,2
2026-08-04,B001,P005,14,5.0,18000,40,2
2026-08-04,B001,P006,25,1.7,4100,28,2
2026-08-04,B001,P007,31,1.5,9500,28,2
2026-08-04,B001,P008,34,3.1,2500,30,2
2026-08-04,B001,P009,28,2.1,2800,28,3
2026-08-04,B001,P010,34,5.3,1400,35,2
2026-08-04,B001,P011,33,2.4,2200,30,2
2026-08-04,B001,P012,15,0.8,11000,18,2
2026-08-04,B001,P013,13,0.7,15000,16,1
2026-08-04,B001,P014,19,1.3,12500,22,2
2026-08-04,B001,P015,19,1.5,11000,22,2
2026-08-04,B001,P016,38,6.9,900,40,3
2026-08-04,B002,P001,22,5.6,4500,40,1
2026-08-04,B002,P002,31,2.7,6200,30,1
2026-08-04,B002,P003,41,3.5,3200,38,1
2026-08-04,B002,P004,29,2.5,4800,30,2
2026-08-04,B002,P005,49,2.4,18000,30,3
2026-08-04,B002,P006,29,2.6,4100,28,1
2026-08-04,B002,P007,32,0.9,9500,28,2
2026-08-04,B002,P008,33,2.8,2500,30,2
2026-08-04,B002,P009,31,2.3,2800,28,3
2026-08-04,B002,P010,40,3.2,1400,35,2
2026-08-04,B002,P011,31,2.9,2200,30,3
2026-08-04,B002,P012,21,1.0,11000,18,3
2026-08-04,B002,P013,17,0.8,15000,16,3
2026-08-04,B002,P014,18,1.0,12500,22,1
2026-08-04,B002,P015,26,1.5,11000,22,2
2026-08-04,B002,P016,39,5.8,900,40,2
2026-08-04,B003,P001,17,5.0,4500,35,2
2026-08-04,B003,P002,33,3.0,6200,30,2
2026-08-04,B003,P003,37,2.5,3200,38,2
2026-08-04,B003,P004,26,1.8,4800,30,1
2026-08-04,B003,P005,40,1.5,18000,25,1
2026-08-04,B003,P006,24,1.5,4100,28,1
2026-08-04,B003,P007,25,1.4,9500,28,3
2026-08-04,B003,P008,27,1.8,2500,30,2
2026-08-04,B003,P009,25,2.0,2800,28,3
2026-08-04,B003,P010,37,2.5,1400,35,3
2026-08-04,B003,P011,27,2.6,2200,30,3
2026-08-04,B003,P012,21,1.0,11000,18,2
2026-08-04,B003,P013,12,0.6,15000,16,3
2026-08-04,B003,P014,18,1.2,12500,22,3
2026-08-04,B003,P015,21,1.3,11000,22,3
2026-08-04,B003,P016,43,2.8,900,40,2
2026-08-04,B004,P001,37,2.0,4500,35,3
2026-08-04,B004,P002,11,4.7,6200,28,2
2026-08-04,B004,P003,42,2.8,3200,38,2
2026-08-04,B004,P004,30,2.1,4800,30,2
2026-08-04,B004,P005,29,1.0,18000,26,3
2026-08-04,B004,P006,33,2.5,4100,28,3
2026-08-04,B004,P007,25,1.7,9500,28,2
2026-08-04,B004,P008,26,2.6,2500,30,3
2026-08-04,B004,P009,30,1.0,2800,28,1
2026-08-04,B004,P010,39,3.8,1400,35,1
2026-08-04,B004,P011,29,1.9,2200,30,2
2026-08-04,B004,P012,15,0.5,11000,18,2
2026-08-04,B004,P013,20,0.8,15000,16,2
2026-08-04,B004,P014,27,1.0,12500,22,2
2026-08-04,B004,P015,18,0.9,11000,22,3
2026-08-04,B004,P016,43,6.9,900,40,1
2026-08-04,B005,P001,38,2.4,4500,35,1
2026-08-04,B005,P002,34,2.0,6200,30,2
2026-08-04,B005,P003,72,2.2,3200,40,2
2026-08-04,B005,P004,31,2.0,4800,30,2
2026-08-04,B005,P005,27,1.0,18000,26,2
2026-08-04,B005,P006,24,1.8,4100,28,3
2026-08-04,B005,P007,29,1.0,9500,28,1
2026-08-04,B005,P008,26,1.5,2500,30,2
2026-08-04,B005,P009,27,1.5,2800,28,1
2026-08-04,B005,P010,40,2.3,1400,35,2
2026-08-04,B005,P011,26,2.0,2200,30,3
2026-08-04,B005,P012,15,0.6,11000,18,1
2026-08-04,B005,P013,16,0.6,15000,16,3
2026-08-04,B005,P014,18,1.0,12500,22,2
2026-08-04,B005,P015,23,0.8,11000,22,2
2026-08-04,B005,P016,44,4.9,900,40,2
2026-08-05,B001,P001,40,4.7,4500,35,3
2026-08-05,B001,P002,30,3.8,6200,30,2
2026-08-05,B001,P003,42,3.3,3200,38,3
2026-08-05,B001,P004,27,3.7,4800,30,3
2026-08-05,B001,P005,13,5.0,18000,40,2
2026-08-05,B001,P006,33,2.4,4100,28,2
2026-08-05,B001,P007,33,1.7,9500,28,2
2026-08-05,B001,P008,28,2.8,2500,30,2
2026-08-05,B001,P009,29,1.8,2800,28,3
2026-08-05,B001,P010,32,5.5,1400,35,3
2026-08-05,B001,P011,30,2.3,2200,30,2
2026-08-05,B001,P012,19,0.9,11000,18,1
2026-08-05,B001,P013,21,1.0,15000,16,2
2026-08-05,B001,P014,27,1.0,12500,22,2
2026-08-05,B001,P015,26,1.5,11000,22,1
2026-08-05,B001,P016,37,8.7,900,40,2
2026-08-05,B002,P001,23,5.9,4500,40,3
2026-08-05,B002,P002,28,3.0,6200,30,2
2026-08-05,B002,P003,37,3.6,3200,38,2
2026-08-05,B002,P004,34,3.1,4800,30,1
2026-08-05,B002,P005,50,2.3,18000,30,2
2026-08-05,B002,P006,33,2.0,4100,28,3
2026-08-05,B002,P007,33,1.9,9500,28,3
2026-08-05,B002,P008,35,2.4,2500,30,2
2026-08-05,B002,P009,29,2.7,2800,28,1
2026-08-05,B002,P010,36,1.6,1400,35,2
2026-08-05,B002,P011,35,2.4,2200,30,1
2026-08-05,B002,P012,16,1.0,11000,18,1
2026-08-05,B002,P013,14,0.8,15000,16,1
2026-08-05,B002,P014,26,1.0,12500,22,2
2026-08-05,B002,P015,19,1.8,11000,22,1
2026-08-05,B002,P016,39,5.4,900,40,3
2026-08-05,B003,P001,15,4.8,4500,35,3
2026-08-05,B003,P002,26,2.6,6200,30,1
2026-08-05,B003,P003,38,3.1,3200,38,3
2026-08-05,B003,P004,31,2.9,4800,30,2
2026-08-05,B003,P005,41,2.4,18000,25,1
2026-08-05,B003,P006,30,2.8,4100,28,3
2026-08-05,B003,P007,28,1.3,9500,28,2
2026-08-05,B003,P008,30,2.8,2500,30,1
2026-08-05,B003,P009,28,2.2,2800,28,2
2026-08-05,B003,P010,33,4.6,1400,35,1
2026-08-05,B003,P011,34,2.6,2200,30,1
2026-08-05,B003,P012,22,0.7,11000,18,1
2026-08-05,B003,P013,13,0.6,15000,16,3
2026-08-05,B003,P014,19,1.3,12500,22,2
2026-08-05,B003,P015,21,1.2,11000,22,2
2026-08-05,B003,P016,40,4.9,900,40,2
2026-08-05,B004,P001,34,2.6,4500,35,2
2026-08-05,B004,P002,10,4.1,6200,28,2
2026-08-05,B004,P003,41,2.8,3200,38,2
2026-08-05,B004,P004,28,2.0,4800,30,2
2026-08-05,B004,P005,30,0.8,18000,26,3
2026-08-05,B004,P006,28,1.5,4100,28,2
2026-08-05,B004,P007,30,1.7,9500,28,2
2026-08-05,B004,P008,33,2.0,2500,30,2
2026-08-05,B004,P009,33,1.8,2800,28,3
2026-08-05,B004,P010,36,3.3,1400,35,2
2026-08-05,B004,P011,27,2.5,2200,30,3
2026-08-05,B004,P012,18,0.6,11000,18,2
2026-08-05,B004,P013,15,0.6,15000,16,1
2026-08-05,B004,P014,19,0.9,12500,22,1
2026-08-05,B004,P015,18,1.3,11000,22,1
2026-08-05,B004,P016,41,5.5,900,40,1
2026-08-05,B005,P001,38,2.3,4500,35,2
2026-08-05,B005,P002,31,1.4,6200,30,2
2026-08-05,B005,P003,74,2.2,3200,40,3
2026-08-05,B005,P004,35,1.9,4800,30,1
2026-08-05,B005,P005,26,0.8,18000,26,2
2026-08-05,B005,P006,33,1.2,4100,28,1
2026-08-05,B005,P007,31,0.8,9500,28,3
2026-08-05,B005,P008,27,1.8,2500,30,1
2026-08-05,B005,P009,25,1.7,2800,28,3
2026-08-05,B005,P010,37,3.0,1400,35,2
2026-08-05,B005,P011,30,1.1,2200,30,1
2026-08-05,B005,P012,22,0.6,11000,18,3
2026-08-05,B005,P013,12,0.6,15000,16,2
2026-08-05,B005,P014,25,0.8,12500,22,1
2026-08-05,B005,P015,22,1.0,11000,22,1
2026-08-05,B005,P016,44,4.0,900,40,2
2026-08-06,B001,P001,35,4.1,4500,35,2
2026-08-06,B001,P002,32,2.5,6200,30,3
2026-08-06,B001,P003,37,1.6,3200,38,1
2026-08-06,B001,P004,34,2.5,4800,30,1
2026-08-06,B001,P005,13,5.0,18000,40,2
2026-08-06,B001,P006,24,2.5,4100,28,2
2026-08-06,B001,P007,24,1.5,9500,28,2
2026-08-06,B001,P008,30,2.9,2500,30,2
2026-08-06,B001,P009,26,2.1,2800,28,3
2026-08-06,B001,P010,34,3.5,1400,35,2
2026-08-06,B001,P011,33,2.7,2200,30,2
2026-08-06,B001,P012,17,1.1,11000,18,1
2026-08-06,B001,P013,12,1.0,15000,16,2
2026-08-06,B001,P014,18,1.6,12500,22,3
2026-08-06,B001,P015,26,1.4,11000,22,3
2026-08-06,B001,P016,44,4.8,900,40,2
2026-08-06,B002,P001,20,6.5,4500,40,2
2026-08-06,B002,P002,33,2.3,6200,30,2
2026-08-06,B002,P003,43,4.6,3200,38,3
2026-08-06,B002,P004,26,1.8,4800,30,2
2026-08-06,B002,P005,52,2.2,18000,30,3
2026-08-06,B002,P006,24,2.8,4100,28,2
2026-08-06,B002,P007,30,1.3,9500,28,3
2026-08-06,B002,P008,26,1.4,2500,30,2
2026-08-06,B002,P009,29,1.9,2800,28,3
2026-08-06,B002,P010,36,3.7,1400,35,3
2026-08-06,B002,P011,30,1.5,2200,30,3
2026-08-06,B002,P012,22,0.8,11000,18,2
2026-08-06,B002,P013,16,0.7,15000,16,3
2026-08-06,B002,P014,26,1.4,12500,22,3
2026-08-06,B002,P015,20,0.8,11000,22,3
2026-08-06,B002,P016,41,4.7,900,40,3
2026-08-06,B003,P001,15,4.6,4500,35,2
2026-08-06,B003,P002,30,3.2,6200,30,1
2026-08-06,B003,P003,34,4.3,3200,38,2
2026-08-06,B003,P004,35,3.0,4800,30,3
2026-08-06,B003,P005,39,1.5,18000,25,1
2026-08-06,B003,P006,31,2.2,4100,28,1
2026-08-06,B003,P007,31,1.6,9500,28,2
2026-08-06,B003,P008,32,2.4,2500,30,1
2026-08-06,B003,P009,24,1.3,2800,28,1
2026-08-06,B003,P010,32,2.2,1400,35,2
2026-08-06,B003,P011,30,2.0,2200,30,2
2026-08-06,B003,P012,21,0.9,11000,18,3
2026-08-06,B003,P013,20,0.6,15000,16,2
2026-08-06,B003,P014,22,1.5,12500,22,2
2026-08-06,B003,P015,21,1.5,11000,22,3
2026-08-06,B003,P016,41,7.6,900,40,2
2026-08-06,B004,P001,33,2.5,4500,35,2
2026-08-06,B004,P002,9,3.7,6200,28,1
2026-08-06,B004,P003,43,2.3,3200,38,2
2026-08-06,B004,P004,33,2.6,4800,30,1
2026-08-06,B004,P005,29,0.8,18000,26,2
2026-08-06,B004,P006,26,1.4,4100,28,3
2026-08-06,B004,P007,25,1.1,9500,28,2
2026-08-06,B004,P008,30,2.2,2500,30,1
2026-08-06,B004,P009,31,1.4,2800,28,2
2026-08-06,B004,P010,32,4.2,1400,35,2
2026-08-06,B004,P011,28,2.4,2200,30,3
2026-08-06,B004,P012,21,0.3,11000,18,2
2026-08-06,B004,P013,17,0.7,15000,16,3
2026-08-06,B004,P014,24,0.9,12500,22,2
2026-08-06,B004,P015,18,1.3,11000,22,2
2026-08-06,B004,P016,38,5.6,900,40,2
2026-08-06,B005,P001,40,2.3,4500,35,2
2026-08-06,B005,P002,35,1.8,6200,30,3
2026-08-06,B005,P003,73,0.7,3200,40,2
2026-08-06,B005,P004,28,1.3,4800,30,3
2026-08-06,B005,P005,25,1.0,18000,26,1
2026-08-06,B005,P006,26,1.7,4100,28,3
2026-08-06,B005,P007,30,1.0,9500,28,3
2026-08-06,B005,P008,28,1.8,2500,30,2
2026-08-06,B005,P009,28,1.6,2800,28,3
2026-08-06,B005,P010,31,3.3,1400,35,3
2026-08-06,B005,P011,27,1.5,2200,30,3
2026-08-06,B005,P012,23,0.5,11000,18,3
2026-08-06,B005,P013,13,0.5,15000,16,1
2026-08-06,B005,P014,21,0.7,12500,22,2
2026-08-06,B005,P015,18,0.7,11000,22,2
2026-08-06,B005,P016,41,4.5,900,40,3
2026-08-07,B001,P001,38,3.0,4500,35,2
2026-08-07,B001,P002,27,3.3,6200,30,2
2026-08-07,B001,P003,35,3.8,3200,38,2
2026-08-07,B001,P004,28,2.6,4800,30,2
2026-08-07,B001,P005,13,5.0,18000,40,2
2026-08-07,B001,P006,33,2.1,4100,28,2
2026-08-07,B001,P007,25,2.0,9500,28,2
2026-08-07,B001,P008,35,2.2,2500,30,3
2026-08-07,B001,P009,27,2.0,2800,28,2
2026-08-07,B001,P010,31,3.6,1400,35,2
2026-08-07,B001,P011,33,1.8,2200,30,1
2026-08-07,B001,P012,21,0.7,11000,18,2
2026-08-07,B001,P013,15,0.7,15000,16,2
2026-08-07,B001,P014,20,1.2,12500,22,3
2026-08-07,B001,P015,23,1.1,11000,22,1
2026-08-07,B001,P016,37,6.4,900,40,2
2026-08-07,B002,P001,22,5.6,4500,40,2
2026-08-07,B002,P002,31,3.5,6200,30,2
2026-08-07,B002,P003,37,4.0,3200,38,2
2026-08-07,B002,P004,30,3.2,4800,30,3
2026-08-07,B002,P005,53,1.7,18000,30,2
2026-08-07,B002,P006,32,2.1,4100,28,2
2026-08-07,B002,P007,30,1.4,9500,28,1
2026-08-07,B002,P008,34,1.9,2500,30,3
2026-08-07,B002,P009,24,1.7,2800,28,2
2026-08-07,B002,P010,32,4.3,1400,35,2
2026-08-07,B002,P011,34,2.1,2200,30,2
2026-08-07,B002,P012,17,0.9,11000,18,2
2026-08-07,B002,P013,16,0.9,15000,16,2
2026-08-07,B002,P014,19,1.3,12500,22,2
2026-08-07,B002,P015,22,1.5,11000,22,1
2026-08-07,B002,P016,39,4.2,900,40,2
2026-08-07,B003,P001,15,5.4,4500,35,3
2026-08-07,B003,P002,29,2.8,6200,30,3
2026-08-07,B003,P003,38,2.9,3200,38,3
2026-08-07,B003,P004,35,3.4,4800,30,2
2026-08-07,B003,P005,40,1.3,18000,25,3
2026-08-07,B003,P006,28,3.2,4100,28,2
2026-08-07,B003,P007,24,1.2,9500,28,2
2026-08-07,B003,P008,32,1.8,2500,30,2
2026-08-07,B003,P009,29,2.2,2800,28,3
2026-08-07,B003,P010,39,4.6,1400,35,2
2026-08-07,B003,P011,29,2.5,2200,30,3
2026-08-07,B003,P012,20,0.9,11000,18,3
2026-08-07,B003,P013,21,0.9,15000,16,2
2026-08-07,B003,P014,25,1.5,12500,22,2
2026-08-07,B003,P015,23,1.3,11000,22,1
2026-08-07,B003,P016,43,7.0,900,40,2
2026-08-07,B004,P001,40,1.5,4500,35,1
2026-08-07,B004,P002,8,4.7,6200,28,2
2026-08-07,B004,P003,42,3.4,3200,38,3
2026-08-07,B004,P004,29,1.4,4800,30,1
2026-08-07,B004,P005,31,1.7,18000,26,1
2026-08-07,B004,P006,24,1.7,4100,28,2
2026-08-07,B004,P007,29,1.6,9500,28,2
2026-08-07,B004,P008,26,1.9,2500,30,2
2026-08-07,B004,P009,28,1.9,2800,28,2
2026-08-07,B004,P010,38,2.6,1400,35,2
2026-08-07,B004,P011,34,1.9,2200,30,2
2026-08-07,B004,P012,23,0.4,11000,18,1
2026-08-07,B004,P013,20,0.6,15000,16,1
2026-08-07,B004,P014,26,0.8,12500,22,3
2026-08-07,B004,P015,21,0.9,11000,22,1
2026-08-07,B004,P016,41,4.6,900,40,3
2026-08-07,B005,P001,40,2.1,4500,35,3
2026-08-07,B005,P002,30,2.0,6200,30,3
2026-08-07,B005,P003,75,1.5,3200,40,2
2026-08-07,B005,P004,26,2.0,4800,30,3
2026-08-07,B005,P005,28,1.2,18000,26,2
2026-08-07,B005,P006,28,1.8,4100,28,2
2026-08-07,B005,P007,27,1.1,9500,28,3
2026-08-07,B005,P008,28,1.4,2500,30,2
2026-08-07,B005,P009,31,1.7,2800,28,2
2026-08-07,B005,P010,35,3.3,1400,35,1
2026-08-07,B005,P011,27,1.6,2200,30,3
2026-08-07,B005,P012,18,0.7,11000,18,2
2026-08-07,B005,P013,18,0.5,15000,16,1
2026-08-07,B005,P014,25,1.1,12500,22,2
2026-08-07,B005,P015,22,0.9,11000,22,2
2026-08-07,B005,P016,40,4.1,900,40,1
2026-08-08,B001,P001,39,4.9,4500,35,1
2026-08-08,B001,P002,33,5.1,6200,30,2
2026-08-08,B001,P003,41,4.4,3200,38,1
2026-08-08,B001,P004,35,4.3,4800,30,2
2026-08-08,B001,P005,12,5.0,18000,40,2
2026-08-08,B001,P006,30,3.6,4100,28,2
2026-08-08,B001,P007,24,2.2,9500,28,2
2026-08-08,B001,P008,29,4.0,2500,30,1
2026-08-08,B001,P009,25,3.6,2800,28,3
2026-08-08,B001,P010,37,5.3,1400,35,3
2026-08-08,B001,P011,27,2.7,2200,30,3
2026-08-08,B001,P012,21,1.4,11000,18,1
2026-08-08,B001,P013,15,1.1,15000,16,2
2026-08-08,B001,P014,20,1.8,12500,22,3
2026-08-08,B001,P015,22,1.7,11000,22,3
2026-08-08,B001,P016,43,9.6,900,40,2
2026-08-08,B002,P001,21,8.0,4500,40,2
2026-08-08,B002,P002,33,2.7,6200,30,3
2026-08-08,B002,P003,42,6.0,3200,38,2
2026-08-08,B002,P004,27,4.4,4800,30,3
2026-08-08,B002,P005,52,3.1,18000,30,2
2026-08-08,B002,P006,30,3.5,4100,28,3
2026-08-08,B002,P007,24,1.7,9500,28,1
2026-08-08,B002,P008,33,4.2,2500,30,1
2026-08-08,B002,P009,31,2.5,2800,28,1
2026-08-08,B002,P010,37,4.6,1400,35,3
2026-08-08,B002,P011,30,3.6,2200,30,3
2026-08-08,B002,P012,16,1.0,11000,18,1
2026-08-08,B002,P013,13,0.8,15000,16,3
2026-08-08,B002,P014,23,1.8,12500,22,2
2026-08-08,B002,P015,20,1.3,11000,22,3
2026-08-08,B002,P016,41,8.8,900,40,1
2026-08-08,B003,P001,15,6.2,4500,35,2
2026-08-08,B003,P002,35,3.7,6200,30,2
2026-08-08,B003,P003,38,4.8,3200,38,2
2026-08-08,B003,P004,34,5.3,4800,30,3
2026-08-08,B003,P005,40,2.2,18000,25,2
2026-08-08,B003,P006,24,3.0,4100,28,2
2026-08-08,B003,P007,26,1.5,9500,28,2
2026-08-08,B003,P008,34,2.1,2500,30,2
2026-08-08,B003,P009,27,2.9,2800,28,2
2026-08-08,B003,P010,36,3.3,1400,35,3
2026-08-08,B003,P011,31,3.5,2200,30,3
2026-08-08,B003,P012,23,1.1,11000,18,3
2026-08-08,B003,P013,20,1.1,15000,16,2
2026-08-08,B003,P014,23,1.7,12500,22,2
2026-08-08,B003,P015,25,1.9,11000,22,3
2026-08-08,B003,P016,38,5.7,900,40,1
2026-08-08,B004,P001,37,4.1,4500,35,2
2026-08-08,B004,P002,9,5.2,6200,28,1
2026-08-08,B004,P003,35,2.9,3200,38,1
2026-08-08,B004,P004,33,2.6,4800,30,2
2026-08-08,B004,P005,32,1.3,18000,26,3
2026-08-08,B004,P006,29,2.8,4100,28,3
2026-08-08,B004,P007,32,1.2,9500,28,2
2026-08-08,B004,P008,34,3.6,2500,30,1
2026-08-08,B004,P009,25,2.3,2800,28,1
2026-08-08,B004,P010,32,5.2,1400,35,1
2026-08-08,B004,P011,32,2.1,2200,30,1
2026-08-08,B004,P012,21,0.6,11000,18,2
2026-08-08,B004,P013,20,0.7,15000,16,3
2026-08-08,B004,P014,25,1.6,12500,22,2
2026-08-08,B004,P015,20,1.1,11000,22,2
2026-08-08,B004,P016,40,6.1,900,40,2
2026-08-08,B005,P001,39,1.8,4500,35,3
2026-08-08,B005,P002,26,2.1,6200,30,2
2026-08-08,B005,P003,76,1.8,3200,40,2
2026-08-08,B005,P004,35,2.4,4800,30,2
2026-08-08,B005,P005,29,1.4,18000,26,2
2026-08-08,B005,P006,31,2.3,4100,28,3
2026-08-08,B005,P007,33,1.1,9500,28,2
2026-08-08,B005,P008,33,1.7,2500,30,3
2026-08-08,B005,P009,31,1.8,2800,28,3
2026-08-08,B005,P010,32,2.5,1400,35,3
2026-08-08,B005,P011,29,1.4,2200,30,2
2026-08-08,B005,P012,21,0.6,11000,18,2
2026-08-08,B005,P013,19,0.5,15000,16,2
2026-08-08,B005,P014,19,1.1,12500,22,3
2026-08-08,B005,P015,26,1.2,11000,22,1
2026-08-08,B005,P016,44,4.2,900,40,1
2026-08-09,B001,P001,36,4.2,4500,35,2
2026-08-09,B001,P002,28,2.7,6200,30,2
2026-08-09,B001,P003,35,5.1,3200,38,2
2026-08-09,B001,P004,27,4.9,4800,30,2
2026-08-09,B001,P005,12,5.0,18000,40,2
2026-08-09,B001,P006,31,3.3,4100,28,3
2026-08-09,B001,P007,27,2.9,9500,28,1
2026-08-09,B001,P008,31,3.5,2500,30,3
2026-08-09,B001,P009,25,2.9,2800,28,3
2026-08-09,B001,P010,31,4.8,1400,35,2
2026-08-09,B001,P011,26,3.3,2200,30,3
2026-08-09,B001,P012,18,0.9,11000,18,2
2026-08-09,B001,P013,21,0.6,15000,16,2
2026-08-09,B001,P014,26,1.5,12500,22,2
2026-08-09,B001,P015,26,2.6,11000,22,3
2026-08-09,B001,P016,42,11.1,900,40,3
2026-08-09,B002,P001,23,7.7,4500,40,3
2026-08-09,B002,P002,28,2.9,6200,30,3
2026-08-09,B002,P003,38,4.6,3200,38,2
2026-08-09,B002,P004,34,3.5,4800,30,1
2026-08-09,B002,P005,51,3.3,18000,30,1
2026-08-09,B002,P006,29,3.6,4100,28,2
2026-08-09,B002,P007,29,1.3,9500,28,1
2026-08-09,B002,P008,35,2.8,2500,30,2
2026-08-09,B002,P009,30,2.4,2800,28,2
2026-08-09,B002,P010,37,3.7,1400,35,2
2026-08-09,B002,P011,29,2.9,2200,30,3
2026-08-09,B002,P012,23,0.9,11000,18,2
2026-08-09,B002,P013,15,1.3,15000,16,2
2026-08-09,B002,P014,24,1.7,12500,22,2
2026-08-09,B002,P015,20,1.6,11000,22,3
2026-08-09,B002,P016,40,6.3,900,40,2
2026-08-09,B003,P001,14,5.2,4500,35,1
2026-08-09,B003,P002,33,2.4,6200,30,2
2026-08-09,B003,P003,43,3.9,3200,38,3
2026-08-09,B003,P004,34,3.1,4800,30,2
2026-08-09,B003,P005,43,2.6,18000,25,2
2026-08-09,B003,P006,29,3.4,4100,28,2
2026-08-09,B003,P007,33,2.5,9500,28,2
2026-08-09,B003,P008,32,4.1,2500,30,2
2026-08-09,B003,P009,30,2.6,2800,28,2
2026-08-09,B003,P010,38,3.2,1400,35,3
2026-08-09,B003,P011,31,1.9,2200,30,2
2026-08-09,B003,P012,19,1.0,11000,18,1
2026-08-09,B003,P013,16,0.9,15000,16,3
2026-08-09,B003,P014,21,1.6,12500,22,2
2026-08-09,B003,P015,22,1.9,11000,22,2
2026-08-09,B003,P016,43,8.2,900,40,2
2026-08-09,B004,P001,34,3.3,4500,35,1
2026-08-09,B004,P002,8,5.5,6200,28,2
2026-08-09,B004,P003,34,3.0,3200,38,1
2026-08-09,B004,P004,33,2.1,4800,30,2
2026-08-09,B004,P005,30,1.7,18000,26,2
2026-08-09,B004,P006,31,2.5,4100,28,2
2026-08-09,B004,P007,25,1.9,9500,28,1
2026-08-09,B004,P008,30,2.4,2500,30,3
2026-08-09,B004,P009,29,1.6,2800,28,3
2026-08-09,B004,P010,40,4.1,1400,35,2
2026-08-09,B004,P011,31,2.9,2200,30,1
2026-08-09,B004,P012,21,0.6,11000,18,2
2026-08-09,B004,P013,19,0.8,15000,16,1
2026-08-09,B004,P014,22,1.4,12500,22,2
2026-08-09,B004,P015,27,1.8,11000,22,3
2026-08-09,B004,P016,42,5.3,900,40,2
2026-08-09,B005,P001,32,1.8,4500,35,3
2026-08-09,B005,P002,26,2.1,6200,30,3
2026-08-09,B005,P003,77,2.0,3200,40,3
2026-08-09,B005,P004,31,2.4,4800,30,2
2026-08-09,B005,P005,25,1.3,18000,26,3
2026-08-09,B005,P006,24,1.6,4100,28,2
2026-08-09,B005,P007,25,1.2,9500,28,3
2026-08-09,B005,P008,33,2.2,2500,30,1
2026-08-09,B005,P009,31,1.2,2800,28,2
2026-08-09,B005,P010,38,3.5,1400,35,1
2026-08-09,B005,P011,28,1.8,2200,30,2
2026-08-09,B005,P012,16,1.1,11000,18,2
2026-08-09,B005,P013,18,0.6,15000,16,1
2026-08-09,B005,P014,22,1.4,12500,22,2
2026-08-09,B005,P015,27,1.2,11000,22,2
2026-08-09,B005,P016,40,5.1,900,40,2
2026-08-10,B001,P001,40,4.7,4500,35,2
2026-08-10,B001,P002,26,2.3,6200,30,1
2026-08-10,B001,P003,34,3.6,3200,38,1
2026-08-10,B001,P004,27,3.8,4800,30,2
2026-08-10,B001,P005,11,5.0,18000,40,2
2026-08-10,B001,P006,31,3.1,4100,28,3
2026-08-10,B001,P007,30,1.6,9500,28,1
2026-08-10,B001,P008,29,1.9,2500,30,2
2026-08-10,B001,P009,24,1.7,2800,28,2
2026-08-10,B001,P010,34,4.7,1400,35,2
2026-08-10,B001,P011,35,2.1,2200,30,1
2026-08-10,B001,P012,22,1.1,11000,18,1
2026-08-10,B001,P013,18,0.6,15000,16,2
2026-08-10,B001,P014,26,1.5,12500,22,1
2026-08-10,B001,P015,19,1.9,11000,22,1
2026-08-10,B001,P016,44,5.7,900,40,1
2026-08-10,B002,P001,20,5.5,4500,40,2
2026-08-10,B002,P002,32,3.3,6200,30,3
2026-08-10,B002,P003,39,3.8,3200,38,2
2026-08-10,B002,P004,26,1.9,4800,30,1
2026-08-10,B002,P005,53,2.2,18000,30,1
2026-08-10,B002,P006,28,2.4,4100,28,3
2026-08-10,B002,P007,25,1.5,9500,28,2
2026-08-10,B002,P008,26,2.5,2500,30,1
2026-08-10,B002,P009,32,1.9,2800,28,2
2026-08-10,B002,P010,38,5.9,1400,35,2
2026-08-10,B002,P011,34,3.0,2200,30,2
2026-08-10,B002,P012,15,0.6,11000,18,1
2026-08-10,B002,P013,12,0.7,15000,16,3
2026-08-10,B002,P014,19,0.8,12500,22,1
2026-08-10,B002,P015,18,2.0,11000,22,1
2026-08-10,B002,P016,40,7.7,900,40,2
2026-08-10,B003,P001,15,4.6,4500,35,2
2026-08-10,B003,P002,26,3.7,6200,30,2
2026-08-10,B003,P003,35,3.2,3200,38,3
2026-08-10,B003,P004,30,3.5,4800,30,2
2026-08-10,B003,P005,40,1.6,18000,25,2
2026-08-10,B003,P006,27,2.9,4100,28,1
2026-08-10,B003,P007,32,1.8,9500,28,1
2026-08-10,B003,P008,32,3.7,2500,30,3
2026-08-10,B003,P009,27,2.0,2800,28,2
2026-08-10,B003,P010,32,3.7,1400,35,2
2026-08-10,B003,P011,27,2.1,2200,30,2
2026-08-10,B003,P012,15,0.5,11000,18,2
2026-08-10,B003,P013,15,0.4,15000,16,2
2026-08-10,B003,P014,19,1.3,12500,22,2
2026-08-10,B003,P015,20,1.2,11000,22,2
2026-08-10,B003,P016,43,5.1,900,40,2
2026-08-10,B004,P001,38,2.8,4500,35,2
2026-08-10,B004,P002,9,4.2,6200,28,3
2026-08-10,B004,P003,34,2.9,3200,38,2
2026-08-10,B004,P004,33,2.3,4800,30,3
2026-08-10,B004,P005,28,1.1,18000,26,2
2026-08-10,B004,P006,28,2.3,4100,28,2
2026-08-10,B004,P007,31,1.1,9500,28,2
2026-08-10,B004,P008,29,1.7,2500,30,3
2026-08-10,B004,P009,27,1.5,2800,28,2
2026-08-10,B004,P010,32,3.5,1400,35,2
2026-08-10,B004,P011,32,2.2,2200,30,1
2026-08-10,B004,P012,18,0.9,11000,18,1
2026-08-10,B004,P013,15,0.6,15000,16,3
2026-08-10,B004,P014,19,1.3,12500,22,2
2026-08-10,B004,P015,24,1.0,11000,22,1
2026-08-10,B004,P016,39,4.3,900,40,3
2026-08-10,B005,P001,34,2.4,4500,35,2
2026-08-10,B005,P002,35,2.0,6200,30,3
2026-08-10,B005,P003,75,1.4,3200,40,2
2026-08-10,B005,P004,28,2.0,4800,30,3
2026-08-10,B005,P005,28,0.7,18000,26,2
2026-08-10,B005,P006,29,1.6,4100,28,2
2026-08-10,B005,P007,30,1.1,9500,28,2
2026-08-10,B005,P008,30,2.0,2500,30,3
2026-08-10,B005,P009,25,1.4,2800,28,3
2026-08-10,B005,P010,31,3.0,1400,35,2
2026-08-10,B005,P011,35,1.9,2200,30,3
2026-08-10,B005,P012,14,0.5,11000,18,2
2026-08-10,B005,P013,19,0.6,15000,16,2
2026-08-10,B005,P014,22,0.5,12500,22,2
2026-08-10,B005,P015,20,1.2,11000,22,3
2026-08-10,B005,P016,37,4.3,900,40,2
2026-08-11,B001,P001,32,3.5,4500,35,1
2026-08-11,B001,P002,27,2.2,6200,30,2
2026-08-11,B001,P003,35,3.8,3200,38,1
2026-08-11,B001,P004,27,2.5,4800,30,2
2026-08-11,B001,P005,11,5.0,18000,40,2
2026-08-11,B001,P006,30,2.5,4100,28,2
2026-08-11,B001,P007,32,1.8,9500,28,2
2026-08-11,B001,P008,34,3.4,2500,30,3
2026-08-11,B001,P009,29,1.7,2800,28,2
2026-08-11,B001,P010,32,4.7,1400,35,1
2026-08-11,B001,P011,27,1.8,2200,30,3
2026-08-11,B001,P012,20,0.8,11000,18,2
2026-08-11,B001,P013,12,1.0,15000,16,2
2026-08-11,B001,P014,26,1.7,12500,22,2
2026-08-11,B001,P015,22,1.6,11000,22,3
2026-08-11,B001,P016,40,3.2,900,40,1
2026-08-11,B002,P001,21,5.8,4500,40,2
2026-08-11,B002,P002,30,2.7,6200,30,2
2026-08-11,B002,P003,38,3.8,3200,38,1
2026-08-11,B002,P004,29,3.4,4800,30,1
2026-08-11,B002,P005,54,2.3,18000,30,3
2026-08-11,B002,P006,32,2.3,4100,28,2
2026-08-11,B002,P007,24,1.7,9500,28,2
2026-08-11,B002,P008,34,2.3,2500,30,2
2026-08-11,B002,P009,31,2.4,2800,28,2
2026-08-11,B002,P010,37,4.8,1400,35,3
2026-08-11,B002,P011,29,3.0,2200,30,2
2026-08-11,B002,P012,21,1.0,11000,18,2
2026-08-11,B002,P013,21,0.8,15000,16,1
2026-08-11,B002,P014,26,1.4,12500,22,1
2026-08-11,B002,P015,25,1.5,11000,22,2
2026-08-11,B002,P016,38,6.2,900,40,2
2026-08-11,B003,P001,15,5.1,4500,35,1
2026-08-11,B003,P002,26,1.6,6200,30,1
2026-08-11,B003,P003,34,3.6,3200,38,2
2026-08-11,B003,P004,33,3.7,4800,30,3
2026-08-11,B003,P005,37,1.8,18000,25,2
2026-08-11,B003,P006,29,2.4,4100,28,3
2026-08-11,B003,P007,33,1.4,9500,28,1
2026-08-11,B003,P008,32,2.4,2500,30,3
2026-08-11,B003,P009,31,1.5,2800,28,3
2026-08-11,B003,P010,32,4.0,1400,35,2
2026-08-11,B003,P011,29,2.7,2200,30,1
2026-08-11,B003,P012,18,0.7,11000,18,3
2026-08-11,B003,P013,21,1.0,15000,16,3
2026-08-11,B003,P014,20,0.7,12500,22,1
2026-08-11,B003,P015,18,1.4,11000,22,1
2026-08-11,B003,P016,42,8.7,900,40,3
2026-08-11,B004,P001,34,2.8,4500,35,3
2026-08-11,B004,P002,8,4.8,6200,28,2
2026-08-11,B004,P003,36,2.7,3200,38,3
2026-08-11,B004,P004,27,2.2,4800,30,2
2026-08-11,B004,P005,28,1.4,18000,26,1
2026-08-11,B004,P006,25,1.5,4100,28,2
2026-08-11,B004,P007,32,1.3,9500,28,2
2026-08-11,B004,P008,28,1.9,2500,30,1
2026-08-11,B004,P009,28,1.8,2800,28,3
2026-08-11,B004,P010,34,2.9,1400,35,2
2026-08-11,B004,P011,29,2.2,2200,30,2
2026-08-11,B004,P012,19,0.7,11000,18,2
2026-08-11,B004,P013,19,0.4,15000,16,2
2026-08-11,B004,P014,23,1.0,12500,22,1
2026-08-11,B004,P015,18,0.8,11000,22,1
2026-08-11,B004,P016,39,6.5,900,40,2
2026-08-11,B005,P001,34,2.4,4500,35,2
2026-08-11,B005,P002,31,1.4,6200,30,1
2026-08-11,B005,P003,76,1.2,3200,40,3
2026-08-11,B005,P004,34,1.7,4800,30,2
2026-08-11,B005,P005,29,0.9,18000,26,1
2026-08-11,B005,P006,30,1.8,4100,28,2
2026-08-11,B005,P007,24,1.1,9500,28,3
2026-08-11,B005,P008,35,1.9,2500,30,3
2026-08-11,B005,P009,33,1.4,2800,28,3
2026-08-11,B005,P010,39,2.9,1400,35,1
2026-08-11,B005,P011,31,1.6,2200,30,1
2026-08-11,B005,P012,18,0.5,11000,18,2
2026-08-11,B005,P013,13,0.4,15000,16,1
2026-08-11,B005,P014,25,0.7,12500,22,1
2026-08-11,B005,P015,20,1.0,11000,22,3
2026-08-11,B005,P016,41,2.5,900,40,2
2026-08-12,B001,P001,31,3.8,4500,35,3
2026-08-12,B001,P002,27,3.5,6200,30,3
2026-08-12,B001,P003,34,4.9,3200,38,2
2026-08-12,B001,P004,33,1.8,4800,30,1
2026-08-12,B001,P005,11,5.0,18000,40,2
2026-08-12,B001,P006,29,2.5,4100,28,3
2026-08-12,B001,P007,32,1.7,9500,28,2
2026-08-12,B001,P008,30,1.8,2500,30,1
2026-08-12,B001,P009,28,2.2,2800,28,2
2026-08-12,B001,P010,37,3.6,1400,35,2
2026-08-12,B001,P011,34,1.9,2200,30,2
2026-08-12,B001,P012,16,0.8,11000,18,2
2026-08-12,B001,P013,18,0.6,15000,16,2
2026-08-12,B001,P014,23,1.4,12500,22,1
2026-08-12,B001,P015,20,1.7,11000,22,2
2026-08-12,B001,P016,43,6.8,900,40,1
2026-08-12,B002,P001,20,5.2,4500,40,3
2026-08-12,B002,P002,32,2.2,6200,30,3
2026-08-12,B002,P003,37,3.9,3200,38,2
2026-08-12,B002,P004,28,2.2,4800,30,1
2026-08-12,B002,P005,51,2.5,18000,30,2
2026-08-12,B002,P006,26,2.8,4100,28,3
2026-08-12,B002,P007,24,2.0,9500,28,2
2026-08-12,B002,P008,32,2.8,2500,30,1
2026-08-12,B002,P009,29,2.3,2800,28,2
2026-08-12,B002,P010,35,5.3,1400,35,3
2026-08-12,B002,P011,32,1.9,2200,30,3
2026-08-12,B002,P012,22,1.2,11000,18,3
2026-08-12,B002,P013,18,0.8,15000,16,2
2026-08-12,B002,P014,22,1.3,12500,22,3
2026-08-12,B002,P015,20,1.4,11000,22,3
2026-08-12,B002,P016,38,8.6,900,40,3
2026-08-12,B003,P001,15,4.8,4500,35,3
2026-08-12,B003,P002,29,2.5,6200,30,2
2026-08-12,B003,P003,39,2.9,3200,38,1
2026-08-12,B003,P004,30,1.8,4800,30,1
2026-08-12,B003,P005,41,1.3,18000,25,1
2026-08-12,B003,P006,29,2.2,4100,28,2
2026-08-12,B003,P007,31,1.5,9500,28,2
2026-08-12,B003,P008,34,2.0,2500,30,3
2026-08-12,B003,P009,24,2.4,2800,28,2
2026-08-12,B003,P010,33,3.5,1400,35,2
2026-08-12,B003,P011,31,1.3,2200,30,3
2026-08-12,B003,P012,19,0.7,11000,18,2
2026-08-12,B003,P013,13,0.6,15000,16,3
2026-08-12,B003,P014,22,1.4,12500,22,2
2026-08-12,B003,P015,27,1.1,11000,22,2
2026-08-12,B003,P016,42,5.4,900,40,1
2026-08-12,B004,P001,38,2.8,4500,35,2
2026-08-12,B004,P002,7,4.3,6200,28,2
2026-08-12,B004,P003,36,3.8,3200,38,2
2026-08-12,B004,P004,32,2.0,4800,30,2
2026-08-12,B004,P005,29,1.5,18000,26,2
2026-08-12,B004,P006,26,2.4,4100,28,3
2026-08-12,B004,P007,25,1.1,9500,28,2
2026-08-12,B004,P008,26,1.8,2500,30,1
2026-08-12,B004,P009,27,1.8,2800,28,2
2026-08-12,B004,P010,35,3.4,1400,35,3
2026-08-12,B004,P011,30,2.0,2200,30,1
2026-08-12,B004,P012,17,0.6,11000,18,2
2026-08-12,B004,P013,21,0.6,15000,16,2
2026-08-12,B004,P014,22,1.0,12500,22,3
2026-08-12,B004,P015,27,1.2,11000,22,1
2026-08-12,B004,P016,42,4.2,900,40,2
2026-08-12,B005,P001,36,2.3,4500,35,2
2026-08-12,B005,P002,34,2.3,6200,30,2
2026-08-12,B005,P003,76,1.9,3200,40,2
2026-08-12,B005,P004,27,1.7,4800,30,3
2026-08-12,B005,P005,26,1.2,18000,26,3
2026-08-12,B005,P006,28,1.6,4100,28,2
2026-08-12,B005,P007,33,1.1,9500,28,1
2026-08-12,B005,P008,28,1.0,2500,30,2
2026-08-12,B005,P009,28,1.2,2800,28,1
2026-08-12,B005,P010,40,2.6,1400,35,1
2026-08-12,B005,P011,30,1.3,2200,30,1
2026-08-12,B005,P012,15,0.7,11000,18,2
2026-08-12,B005,P013,19,0.5,15000,16,1
2026-08-12,B005,P014,21,0.7,12500,22,2
2026-08-12,B005,P015,22,0.9,11000,22,3
2026-08-12,B005,P016,43,4.3,900,40,3
2026-08-13,B001,P001,39,3.4,4500,35,3
2026-08-13,B001,P002,29,3.1,6200,30,3
2026-08-13,B001,P003,41,3.0,3200,38,3
2026-08-13,B001,P004,30,3.0,4800,30,3
2026-08-13,B001,P005,10,5.0,18000,40,2
2026-08-13,B001,P006,33,3.4,4100,28,3
2026-08-13,B001,P007,31,2.1,9500,28,1
2026-08-13,B001,P008,35,2.4,2500,30,3
2026-08-13,B001,P009,28,2.3,2800,28,3
2026-08-13,B001,P010,33,3.7,1400,35,3
2026-08-13,B001,P011,35,2.3,2200,30,1
2026-08-13,B001,P012,21,0.9,11000,18,2
2026-08-13,B001,P013,21,0.9,15000,16,3
2026-08-13,B001,P014,26,1.5,12500,22,2
2026-08-13,B001,P015,23,1.6,11000,22,3
2026-08-13,B001,P016,43,7.9,900,40,3
2026-08-13,B002,P001,20,5.9,4500,40,2
2026-08-13,B002,P002,35,2.0,6200,30,2
2026-08-13,B002,P003,39,3.5,3200,38,3
2026-08-13,B002,P004,28,3.7,4800,30,2
2026-08-13,B002,P005,54,1.5,18000,30,2
2026-08-13,B002,P006,26,1.8,4100,28,1
2026-08-13,B002,P007,30,1.9,9500,28,1
2026-08-13,B002,P008,33,2.9,2500,30,2
2026-08-13,B002,P009,30,1.5,2800,28,2
2026-08-13,B002,P010,36,4.0,1400,35,2
2026-08-13,B002,P011,30,2.5,2200,30,2
2026-08-13,B002,P012,20,0.9,11000,18,1
2026-08-13,B002,P013,12,0.8,15000,16,1
2026-08-13,B002,P014,20,1.2,12500,22,1
2026-08-13,B002,P015,21,1.4,11000,22,1
2026-08-13,B002,P016,37,7.1,900,40,2
2026-08-13,B003,P001,12,5.2,4500,35,1
2026-08-13,B003,P002,33,2.0,6200,30,2
2026-08-13,B003,P003,36,2.5,3200,38,2
2026-08-13,B003,P004,29,3.1,4800,30,1
2026-08-13,B003,P005,42,1.3,18000,25,2
2026-08-13,B003,P006,29,2.9,4100,28,2
2026-08-13,B003,P007,27,1.8,9500,28,3
2026-08-13,B003,P008,31,2.4,2500,30,3
2026-08-13,B003,P009,26,2.1,2800,28,2
2026-08-13,B003,P010,31,3.7,1400,35,1
2026-08-13,B003,P011,26,2.7,2200,30,2
2026-08-13,B003,P012,19,1.1,11000,18,2
2026-08-13,B003,P013,20,0.4,15000,16,2
2026-08-13,B003,P014,27,1.0,12500,22,1
2026-08-13,B003,P015,19,0.8,11000,22,2
2026-08-13,B003,P016,36,4.2,900,40,2
2026-08-13,B004,P001,38,2.5,4500,35,2
2026-08-13,B004,P002,8,4.6,6200,28,1
2026-08-13,B004,P003,43,3.3,3200,38,2
2026-08-13,B004,P004,31,2.3,4800,30,2
2026-08-13,B004,P005,32,1.2,18000,26,3
2026-08-13,B004,P006,29,2.0,4100,28,2
2026-08-13,B004,P007,31,1.1,9500,28,2
2026-08-13,B004,P008,32,2.1,2500,30,1
2026-08-13,B004,P009,32,1.1,2800,28,2
2026-08-13,B004,P010,32,4.4,1400,35,1
2026-08-13,B004,P011,28,1.9,2200,30,2
2026-08-13,B004,P012,16,0.7,11000,18,2
2026-08-13,B004,P013,17,0.5,15000,16,3
2026-08-13,B004,P014,20,1.1,12500,22,3
2026-08-13,B004,P015,25,1.2,11000,22,2
2026-08-13,B004,P016,38,4.9,900,40,1
2026-08-13,B005,P001,31,2.2,4500,35,3
2026-08-13,B005,P002,35,1.4,6200,30,3
2026-08-13,B005,P003,78,2.1,3200,40,1
2026-08-13,B005,P004,35,1.7,4800,30,2
2026-08-13,B005,P005,27,0.9,18000,26,1
2026-08-13,B005,P006,30,2.2,4100,28,3
2026-08-13,B005,P007,33,1.2,9500,28,3
2026-08-13,B005,P008,27,2.0,2500,30,3
2026-08-13,B005,P009,31,1.0,2800,28,2
2026-08-13,B005,P010,39,2.9,1400,35,1
2026-08-13,B005,P011,32,1.1,2200,30,2
2026-08-13,B005,P012,22,0.5,11000,18,1
2026-08-13,B005,P013,21,0.7,15000,16,2
2026-08-13,B005,P014,19,0.7,12500,22,2
2026-08-13,B005,P015,19,1.0,11000,22,1
2026-08-13,B005,P016,41,3.4,900,40,1
2026-08-14,B001,P001,31,3.1,4500,35,3
2026-08-14,B001,P002,34,4.6,6200,30,2
2026-08-14,B001,P003,40,4.0,3200,38,2
2026-08-14,B001,P004,31,2.4,4800,30,2
2026-08-14,B001,P005,10,5.0,18000,40,2
2026-08-14,B001,P006,28,2.5,4100,28,3
2026-08-14,B001,P007,28,1.7,9500,28,1
2026-08-14,B001,P008,27,3.0,2500,30,2
2026-08-14,B001,P009,30,2.2,2800,28,2
2026-08-14,B001,P010,36,4.5,1400,35,1
2026-08-14,B001,P011,32,2.3,2200,30,2
2026-08-14,B001,P012,18,0.7,11000,18,3
2026-08-14,B001,P013,15,0.9,15000,16,2
2026-08-14,B001,P014,22,1.3,12500,22,2
2026-08-14,B001,P015,19,1.1,11000,22,2
2026-08-14,B001,P016,41,6.8,900,40,3
2026-08-14,B002,P001,20,5.6,4500,40,2
2026-08-14,B002,P002,32,2.9,6200,30,3
2026-08-14,B002,P003,36,3.8,3200,38,2
2026-08-14,B002,P004,27,2.7,4800,30,2
2026-08-14,B002,P005,55,2.1,18000,30,2
2026-08-14,B002,P006,30,3.1,4100,28,2
2026-08-14,B002,P007,29,1.6,9500,28,2
2026-08-14,B002,P008,35,2.4,2500,30,2
2026-08-14,B002,P009,25,2.0,2800,28,2
2026-08-14,B002,P010,37,5.6,1400,35,2
2026-08-14,B002,P011,35,1.9,2200,30,2
2026-08-14,B002,P012,23,0.8,11000,18,2
2026-08-14,B002,P013,19,0.7,15000,16,2
2026-08-14,B002,P014,18,1.2,12500,22,3
2026-08-14,B002,P015,20,0.9,11000,22,3
2026-08-14,B002,P016,45,4.9,900,40,3
2026-08-14,B003,P001,13,4.8,4500,35,2
2026-08-14,B003,P002,32,2.5,6200,30,2
2026-08-14,B003,P003,43,3.8,3200,38,3
2026-08-14,B003,P004,35,3.6,4800,30,1
2026-08-14,B003,P005,41,2.3,18000,25,2
2026-08-14,B003,P006,27,2.6,4100,28,1
2026-08-14,B003,P007,24,1.6,9500,28,3
2026-08-14,B003,P008,28,2.5,2500,30,2
2026-08-14,B003,P009,33,2.3,2800,28,2
2026-08-14,B003,P010,36,1.6,1400,35,3
2026-08-14,B003,P011,31,2.1,2200,30,2
2026-08-14,B003,P012,23,0.6,11000,18,2
2026-08-14,B003,P013,13,0.6,15000,16,2
2026-08-14,B003,P014,22,1.0,12500,22,2
2026-08-14,B003,P015,18,1.8,11000,22,2
2026-08-14,B003,P016,43,7.3,900,40,3
2026-08-14,B004,P001,32,2.8,4500,35,1
2026-08-14,B004,P002,7,3.8,6200,28,1
2026-08-14,B004,P003,36,3.5,3200,38,2
2026-08-14,B004,P004,34,2.4,4800,30,1
2026-08-14,B004,P005,28,1.1,18000,26,2
2026-08-14,B004,P006,24,2.1,4100,28,2
2026-08-14,B004,P007,28,1.2,9500,28,1
2026-08-14,B004,P008,31,2.3,2500,30,3
2026-08-14,B004,P009,31,1.3,2800,28,1
2026-08-14,B004,P010,35,3.7,1400,35,2
2026-08-14,B004,P011,34,1.8,2200,30,3
2026-08-14,B004,P012,19,0.8,11000,18,2
2026-08-14,B004,P013,16,0.7,15000,16,1
2026-08-14,B004,P014,21,1.3,12500,22,2
2026-08-14,B004,P015,24,1.6,11000,22,3
2026-08-14,B004,P016,36,7.3,900,40,2
2026-08-14,B005,P001,40,2.8,4500,35,3
2026-08-14,B005,P002,33,2.1,6200,30,2
2026-08-14,B005,P003,77,0.9,3200,40,1
2026-08-14,B005,P004,27,1.9,4800,30,1
2026-08-14,B005,P005,27,0.9,18000,26,2
2026-08-14,B005,P006,27,2.3,4100,28,1
2026-08-14,B005,P007,31,1.2,9500,28,2
2026-08-14,B005,P008,35,1.6,2500,30,1
2026-08-14,B005,P009,32,1.5,2800,28,2
2026-08-14,B005,P010,38,2.2,1400,35,2
2026-08-14,B005,P011,26,1.6,2200,30,1
2026-08-14,B005,P012,16,0.5,11000,18,3
2026-08-14,B005,P013,21,0.5,15000,16,1
2026-08-14,B005,P014,27,0.8,12500,22,2
2026-08-14,B005,P015,26,0.8,11000,22,2
2026-08-14,B005,P016,42,3.9,900,40,1
2026-08-15,B001,P001,40,3.9,4500,35,1
2026-08-15,B001,P002,28,2.5,6200,30,2
2026-08-15,B001,P003,34,5.1,3200,38,2
2026-08-15,B001,P004,26,5.1,4800,30,2
2026-08-15,B001,P005,10,5.0,18000,40,2
2026-08-15,B001,P006,27,2.9,4100,28,2
2026-08-15,B001,P007,30,3.0,9500,28,2
2026-08-15,B001,P008,26,5.1,2500,30,2
2026-08-15,B001,P009,27,2.6,2800,28,2
2026-08-15,B001,P010,39,5.5,1400,35,2
2026-08-15,B001,P011,26,2.9,2200,30,2
2026-08-15,B001,P012,14,0.9,11000,18,3
2026-08-15,B001,P013,17,1.0,15000,16,2
2026-08-15,B001,P014,25,1.6,12500,22,2
2026-08-15,B001,P015,22,1.9,11000,22,3
2026-08-15,B001,P016,39,8.8,900,40,1
2026-08-15,B002,P001,19,6.8,4500,40,1
2026-08-15,B002,P002,35,3.8,6200,30,1
2026-08-15,B002,P003,36,5.2,3200,38,3
2026-08-15,B002,P004,35,3.0,4800,30,1
2026-08-15,B002,P005,54,3.2,18000,30,1
2026-08-15,B002,P006,32,3.0,4100,28,2
2026-08-15,B002,P007,26,1.9,9500,28,1
2026-08-15,B002,P008,32,2.9,2500,30,2
2026-08-15,B002,P009,27,2.5,2800,28,2
2026-08-15,B002,P010,36,4.4,1400,35,3
2026-08-15,B002,P011,34,3.1,2200,30,1
2026-08-15,B002,P012,22,1.0,11000,18,2
2026-08-15,B002,P013,13,0.9,15000,16,3
2026-08-15,B002,P014,19,1.9,12500,22,1
2026-08-15,B002,P015,27,1.3,11000,22,2
2026-08-15,B002,P016,37,10.0,900,40,3
2026-08-15,B003,P001,13,6.4,4500,35,2
2026-08-15,B003,P002,28,2.2,6200,30,2
2026-08-15,B003,P003,38,4.2,3200,38,1
2026-08-15,B003,P004,27,2.9,4800,30,2
2026-08-15,B003,P005,40,2.0,18000,25,2
2026-08-15,B003,P006,30,2.2,4100,28,2
2026-08-15,B003,P007,24,1.9,9500,28,2
2026-08-15,B003,P008,29,2.9,2500,30,2
2026-08-15,B003,P009,32,2.3,2800,28,2
2026-08-15,B003,P010,33,5.7,1400,35,2
2026-08-15,B003,P011,32,2.8,2200,30,2
2026-08-15,B003,P012,23,0.8,11000,18,2
2026-08-15,B003,P013,15,1.2,15000,16,2
2026-08-15,B003,P014,25,2.3,12500,22,1
2026-08-15,B003,P015,23,1.2,11000,22,2
2026-08-15,B003,P016,39,7.2,900,40,1
2026-08-15,B004,P001,38,3.2,4500,35,2
2026-08-15,B004,P002,8,4.8,6200,28,2
2026-08-15,B004,P003,35,3.4,3200,38,2
2026-08-15,B004,P004,29,2.3,4800,30,1
2026-08-15,B004,P005,29,1.7,18000,26,2
2026-08-15,B004,P006,24,3.5,4100,28,2
2026-08-15,B004,P007,25,1.6,9500,28,2
2026-08-15,B004,P008,26,2.3,2500,30,3
2026-08-15,B004,P009,33,1.5,2800,28,3
2026-08-15,B004,P010,31,2.8,1400,35,2
2026-08-15,B004,P011,35,1.6,2200,30,2
2026-08-15,B004,P012,15,0.7,11000,18,2
2026-08-15,B004,P013,21,0.7,15000,16,2
2026-08-15,B004,P014,24,1.6,12500,22,2
2026-08-15,B004,P015,27,1.1,11000,22,1
2026-08-15,B004,P016,37,5.2,900,40,1
2026-08-15,B005,P001,32,2.9,4500,35,2
2026-08-15,B005,P002,28,1.4,6200,30,3
2026-08-15,B005,P003,78,2.0,3200,40,1
2026-08-15,B005,P004,28,2.3,4800,30,2
2026-08-15,B005,P005,25,1.1,18000,26,2
2026-08-15,B005,P006,33,1.6,4100,28,2
2026-08-15,B005,P007,24,1.3,9500,28,3
2026-08-15,B005,P008,27,1.9,2500,30,1
2026-08-15,B005,P009,24,1.7,2800,28,2
2026-08-15,B005,P010,38,3.7,1400,35,2
2026-08-15,B005,P011,28,2.8,2200,30,1
2026-08-15,B005,P012,14,0.4,11000,18,2
2026-08-15,B005,P013,21,0.6,15000,16,2
2026-08-15,B005,P014,27,1.4,12500,22,2
2026-08-15,B005,P015,27,1.3,11000,22,2
2026-08-15,B005,P016,36,5.3,900,40,2
2026-08-16,B001,P001,35,5.6,4500,35,2
2026-08-16,B001,P002,33,3.8,6200,30,3
2026-08-16,B001,P003,39,4.7,3200,38,2
2026-08-16,B001,P004,35,2.9,4800,30,2
2026-08-16,B001,P005,9,5.0,18000,40,2
2026-08-16,B001,P006,31,3.6,4100,28,2
2026-08-16,B001,P007,29,2.0,9500,28,2
2026-08-16,B001,P008,27,3.9,2500,30,1
2026-08-16,B001,P009,27,3.1,2800,28,3
2026-08-16,B001,P010,32,5.3,1400,35,1
2026-08-16,B001,P011,33,2.2,2200,30,2
2026-08-16,B001,P012,21,1.5,11000,18,2
2026-08-16,B001,P013,15,0.9,15000,16,2
2026-08-16,B001,P014,19,1.4,12500,22,2
2026-08-16,B001,P015,18,1.6,11000,22,3
2026-08-16,B001,P016,36,10.1,900,40,2
2026-08-16,B002,P001,20,7.2,4500,40,3
2026-08-16,B002,P002,34,3.0,6200,30,2
2026-08-16,B002,P003,38,5.0,3200,38,2
2026-08-16,B002,P004,34,3.9,4800,30,3
2026-08-16,B002,P005,53,2.4,18000,30,3
2026-08-16,B002,P006,30,3.1,4100,28,1
2026-08-16,B002,P007,29,1.4,9500,28,2
2026-08-16,B002,P008,32,3.8,2500,30,1
2026-08-16,B002,P009,27,2.5,2800,28,1
2026-08-16,B002,P010,32,5.8,1400,35,1
2026-08-16,B002,P011,27,3.3,2200,30,1
2026-08-16,B002,P012,16,1.2,11000,18,2
2026-08-16,B002,P013,19,0.9,15000,16,3
2026-08-16,B002,P014,19,1.6,12500,22,3
2026-08-16,B002,P015,22,1.6,11000,22,2
2026-08-16,B002,P016,45,8.6,900,40,2
2026-08-16,B003,P001,14,5.5,4500,35,2
2026-08-16,B003,P002,30,3.1,6200,30,2
2026-08-16,B003,P003,36,5.0,3200,38,3
2026-08-16,B003,P004,30,4.3,4800,30,2
2026-08-16,B003,P005,42,2.5,18000,25,2
2026-08-16,B003,P006,24,3.2,4100,28,2
2026-08-16,B003,P007,26,2.1,9500,28,1
2026-08-16,B003,P008,27,2.7,2500,30,1
2026-08-16,B003,P009,30,2.1,2800,28,2
2026-08-16,B003,P010,34,2.9,1400,35,2
2026-08-16,B003,P011,28,3.8,2200,30,1
2026-08-16,B003,P012,15,1.4,11000,18,1
2026-08-16,B003,P013,16,0.9,15000,16,1
2026-08-16,B003,P014,19,1.5,12500,22,3
2026-08-16,B003,P015,21,2.1,11000,22,3
2026-08-16,B003,P016,45,5.8,900,40,1
2026-08-16,B004,P001,40,2.8,4500,35,2
2026-08-16,B004,P002,7,5.8,6200,28,1
2026-08-16,B004,P003,41,3.5,3200,38,1
2026-08-16,B004,P004,33,2.4,4800,30,3
2026-08-16,B004,P005,29,1.6,18000,26,3
2026-08-16,B004,P006,24,2.2,4100,28,2
2026-08-16,B004,P007,28,2.0,9500,28,3
2026-08-16,B004,P008,29,2.7,2500,30,2
2026-08-16,B004,P009,25,1.9,2800,28,1
2026-08-16,B004,P010,38,3.8,1400,35,2
2026-08-16,B004,P011,29,2.5,2200,30,2
2026-08-16,B004,P012,19,0.8,11000,18,3
2026-08-16,B004,P013,19,0.7,15000,16,3
2026-08-16,B004,P014,26,1.5,12500,22,2
2026-08-16,B004,P015,24,1.8,11000,22,2
2026-08-16,B004,P016,38,7.2,900,40,1
2026-08-16,B005,P001,37,2.4,4500,35,2
2026-08-16,B005,P002,32,1.8,6200,30,2
2026-08-16,B005,P003,78,2.0,3200,40,2
2026-08-16,B005,P004,32,1.3,4800,30,3
2026-08-16,B005,P005,27,1.5,18000,26,3
2026-08-16,B005,P006,30,1.8,4100,28,1
2026-08-16,B005,P007,25,0.5,9500,28,3
2026-08-16,B005,P008,30,2.7,2500,30,2
2026-08-16,B005,P009,30,1.6,2800,28,2
2026-08-16,B005,P010,38,2.4,1400,35,2
2026-08-16,B005,P011,27,2.2,2200,30,2
2026-08-16,B005,P012,16,0.6,11000,18,2
2026-08-16,B005,P013,13,0.5,15000,16,3
2026-08-16,B005,P014,27,1.0,12500,22,2
2026-08-16,B005,P015,20,1.3,11000,22,1
2026-08-16,B005,P016,45,3.6,900,40,2
2026-08-17,B001,P001,39,3.5,4500,35,1
2026-08-17,B001,P002,33,2.9,6200,30,2
2026-08-17,B001,P003,38,1.6,3200,38,3
2026-08-17,B001,P004,33,3.4,4800,30,2
2026-08-17,B001,P005,9,5.0,18000,40,2
2026-08-17,B001,P006,25,3.0,4100,28,1
2026-08-17,B001,P007,25,1.6,9500,28,2
2026-08-17,B001,P008,34,3.2,2500,30,1
2026-08-17,B001,P009,30,1.8,2800,28,1
2026-08-17,B001,P010,39,4.4,1400,35,2
2026-08-17,B001,P011,27,2.9,2200,30,2
2026-08-17,B001,P012,21,0.8,11000,18,2
2026-08-17,B001,P013,18,0.6,15000,16,3
2026-08-17,B001,P014,20,1.2,12500,22,2
2026-08-17,B001,P015,24,1.7,11000,22,2
2026-08-17,B001,P016,36,4.7,900,40,2
2026-08-17,B002,P001,17,6.2,4500,40,1
2026-08-17,B002,P002,26,1.5,6200,30,2
2026-08-17,B002,P003,36,4.5,3200,38,2
2026-08-17,B002,P004,32,2.7,4800,30,1
2026-08-17,B002,P005,55,1.7,18000,30,3
2026-08-17,B002,P006,26,2.3,4100,28,1
2026-08-17,B002,P007,33,1.5,9500,28,2
2026-08-17,B002,P008,29,1.9,2500,30,1
2026-08-17,B002,P009,28,2.2,2800,28,2
2026-08-17,B002,P010,35,3.8,1400,35,3
2026-08-17,B002,P011,26,3.0,2200,30,3
2026-08-17,B002,P012,20,1.0,11000,18,1
2026-08-17,B002,P013,20,0.9,15000,16,1
2026-08-17,B002,P014,23,1.2,12500,22,2
2026-08-17,B002,P015,22,1.5,11000,22,2
2026-08-17,B002,P016,41,6.5,900,40,3
2026-08-17,B003,P001,14,4.7,4500,35,3
2026-08-17,B003,P002,29,3.0,6200,30,2
2026-08-17,B003,P003,41,4.0,3200,38,1
2026-08-17,B003,P004,27,2.9,4800,30,1
2026-08-17,B003,P005,42,1.1,18000,25,3
2026-08-17,B003,P006,25,1.8,4100,28,3
2026-08-17,B003,P007,33,1.5,9500,28,1
2026-08-17,B003,P008,32,2.5,2500,30,2
2026-08-17,B003,P009,28,1.7,2800,28,2
2026-08-17,B003,P010,32,3.4,1400,35,2
2026-08-17,B003,P011,35,2.2,2200,30,1
2026-08-17,B003,P012,14,1.1,11000,18,2
2026-08-17,B003,P013,20,0.6,15000,16,1
2026-08-17,B003,P014,19,1.1,12500,22,1
2026-08-17,B003,P015,25,1.5,11000,22,1
2026-08-17,B003,P016,42,6.8,900,40,3
2026-08-17,B004,P001,33,2.9,4500,35,2
2026-08-17,B004,P002,6,3.4,6200,28,3
2026-08-17,B004,P003,42,4.3,3200,38,3
2026-08-17,B004,P004,33,3.0,4800,30,1
2026-08-17,B004,P005,31,1.0,18000,26,2
2026-08-17,B004,P006,24,1.7,4100,28,2
2026-08-17,B004,P007,24,1.2,9500,28,3
2026-08-17,B004,P008,26,2.5,2500,30,2
2026-08-17,B004,P009,33,1.7,2800,28,3
2026-08-17,B004,P010,33,3.2,1400,35,2
2026-08-17,B004,P011,29,1.6,2200,30,2
2026-08-17,B004,P012,20,0.7,11000,18,3
2026-08-17,B004,P013,17,0.6,15000,16,3
2026-08-17,B004,P014,24,1.2,12500,22,2
2026-08-17,B004,P015,27,1.0,11000,22,3
2026-08-17,B004,P016,43,4.9,900,40,2
2026-08-17,B005,P001,39,2.2,4500,35,2
2026-08-17,B005,P002,30,2.2,6200,30,2
2026-08-17,B005,P003,78,1.5,3200,40,1
2026-08-17,B005,P004,35,2.5,4800,30,3
2026-08-17,B005,P005,26,1.3,18000,26,3
2026-08-17,B005,P006,25,1.6,4100,28,3
2026-08-17,B005,P007,32,1.1,9500,28,1
2026-08-17,B005,P008,30,1.7,2500,30,2
2026-08-17,B005,P009,33,1.9,2800,28,1
2026-08-17,B005,P010,32,1.9,1400,35,2
2026-08-17,B005,P011,26,1.8,2200,30,2
2026-08-17,B005,P012,17,0.6,11000,18,2
2026-08-17,B005,P013,15,0.7,15000,16,1
2026-08-17,B005,P014,21,0.9,12500,22,1
2026-08-17,B005,P015,27,1.0,11000,22,2
2026-08-17,B005,P016,45,3.2,900,40,2
2026-08-18,B001,P001,40,3.7,4500,35,2
2026-08-18,B001,P002,28,1.7,6200,30,2
2026-08-18,B001,P003,41,4.0,3200,38,3
2026-08-18,B001,P004,27,4.3,4800,30,2
2026-08-18,B001,P005,8,5.0,18000,40,2
2026-08-18,B001,P006,28,1.8,4100,28,1
2026-08-18,B001,P007,33,1.4,9500,28,1
2026-08-18,B001,P008,27,3.7,2500,30,2
2026-08-18,B001,P009,33,2.6,2800,28,3
2026-08-18,B001,P010,34,5.5,1400,35,2
2026-08-18,B001,P011,34,2.1,2200,30,2
2026-08-18,B001,P012,17,1.0,11000,18,2
2026-08-18,B001,P013,15,0.4,15000,16,1
2026-08-18,B001,P014,25,1.6,12500,22,2
2026-08-18,B001,P015,21,1.5,11000,22,1
2026-08-18,B001,P016,38,5.4,900,40,3
2026-08-18,B002,P001,19,5.8,4500,40,1
2026-08-18,B002,P002,31,3.1,6200,30,2
2026-08-18,B002,P003,36,4.5,3200,38,2
2026-08-18,B002,P004,34,2.1,4800,30,2
2026-08-18,B002,P005,55,2.1,18000,30,3
2026-08-18,B002,P006,29,3.4,4100,28,2
2026-08-18,B002,P007,24,1.5,9500,28,2
2026-08-18,B002,P008,32,3.2,2500,30,3
2026-08-18,B002,P009,26,3.0,2800,28,2
2026-08-18,B002,P010,32,5.6,1400,35,2
2026-08-18,B002,P011,32,3.0,2200,30,2
2026-08-18,B002,P012,14,0.8,11000,18,2
2026-08-18,B002,P013,16,0.8,15000,16,1
2026-08-18,B002,P014,22,1.1,12500,22,2
2026-08-18,B002,P015,25,1.7,11000,22,2
2026-08-18,B002,P016,39,7.0,900,40,3
2026-08-18,B003,P001,12,5.0,4500,35,2
2026-08-18,B003,P002,27,2.2,6200,30,2
2026-08-18,B003,P003,35,3.6,3200,38,2
2026-08-18,B003,P004,35,3.7,4800,30,1
2026-08-18,B003,P005,41,1.8,18000,25,3
2026-08-18,B003,P006,28,3.3,4100,28,2
2026-08-18,B003,P007,28,1.5,9500,28,2
2026-08-18,B003,P008,30,2.3,2500,30,3
2026-08-18,B003,P009,31,1.7,2800,28,2
2026-08-18,B003,P010,34,3.4,1400,35,3
2026-08-18,B003,P011,28,2.2,2200,30,1
2026-08-18,B003,P012,20,0.8,11000,18,2
2026-08-18,B003,P013,19,0.7,15000,16,2
2026-08-18,B003,P014,26,0.9,12500,22,3
2026-08-18,B003,P015,21,1.3,11000,22,2
2026-08-18,B003,P016,41,5.2,900,40,1
2026-08-18,B004,P001,39,1.8,4500,35,2
2026-08-18,B004,P002,5,4.3,6200,28,1
2026-08-18,B004,P003,42,2.1,3200,38,3
2026-08-18,B004,P004,31,2.2,4800,30,1
2026-08-18,B004,P005,33,1.2,18000,26,1
2026-08-18,B004,P006,29,2.5,4100,28,1
2026-08-18,B004,P007,32,0.9,9500,28,2
2026-08-18,B004,P008,30,2.4,2500,30,1
2026-08-18,B004,P009,33,2.0,2800,28,3
2026-08-18,B004,P010,31,4.5,1400,35,2
2026-08-18,B004,P011,26,2.3,2200,30,3
2026-08-18,B004,P012,22,0.7,11000,18,3
2026-08-18,B004,P013,20,0.4,15000,16,3
2026-08-18,B004,P014,19,1.2,12500,22,2
2026-08-18,B004,P015,24,1.4,11000,22,3
2026-08-18,B004,P016,45,3.2,900,40,2
2026-08-18,B005,P001,33,1.7,4500,35,2
2026-08-18,B005,P002,29,1.9,6200,30,3
2026-08-18,B005,P003,80,1.7,3200,40,3
2026-08-18,B005,P004,35,1.7,4800,30,2
2026-08-18,B005,P005,27,0.7,18000,26,2
2026-08-18,B005,P006,32,1.2,4100,28,1
2026-08-18,B005,P007,24,0.8,9500,28,2
2026-08-18,B005,P008,33,1.8,2500,30,2
2026-08-18,B005,P009,30,1.7,2800,28,2
2026-08-18,B005,P010,35,2.5,1400,35,2
2026-08-18,B005,P011,29,1.9,2200,30,1
2026-08-18,B005,P012,17,0.4,11000,18,2
2026-08-18,B005,P013,21,0.5,15000,16,2
2026-08-18,B005,P014,23,0.7,12500,22,3
2026-08-18,B005,P015,22,0.7,11000,22,3
2026-08-18,B005,P016,44,4.6,900,40,1
2026-08-19,B001,P001,34,3.3,4500,35,3
2026-08-19,B001,P002,32,3.1,6200,30,2
2026-08-19,B001,P003,39,3.1,3200,38,2
2026-08-19,B001,P004,30,3.6,4800,30,3
2026-08-19,B001,P005,8,5.0,18000,40,2
2026-08-19,B001,P006,31,2.8,4100,28,1
2026-08-19,B001,P007,29,1.5,9500,28,2
2026-08-19,B001,P008,35,4.3,2500,30,2
2026-08-19,B001,P009,28,2.2,2800,28,2
2026-08-19,B001,P010,40,2.0,1400,35,2
2026-08-19,B001,P011,35,2.9,2200,30,2
2026-08-19,B001,P012,15,0.7,11000,18,1
2026-08-19,B001,P013,17,0.9,15000,16,1
2026-08-19,B001,P014,27,1.6,12500,22,2
2026-08-19,B001,P015,26,1.8,11000,22,3
2026-08-19,B001,P016,38,8.0,900,40,2
2026-08-19,B002,P001,18,5.3,4500,40,3
2026-08-19,B002,P002,26,3.8,6200,30,2
2026-08-19,B002,P003,34,3.2,3200,38,2
2026-08-19,B002,P004,32,3.4,4800,30,3
2026-08-19,B002,P005,55,3.3,18000,30,3
2026-08-19,B002,P006,32,3.6,4100,28,2
2026-08-19,B002,P007,24,1.3,9500,28,3
2026-08-19,B002,P008,35,3.0,2500,30,1
2026-08-19,B002,P009,26,2.5,2800,28,3
2026-08-19,B002,P010,35,4.7,1400,35,3
2026-08-19,B002,P011,26,1.8,2200,30,1
2026-08-19,B002,P012,17,0.9,11000,18,3
2026-08-19,B002,P013,12,0.8,15000,16,1
2026-08-19,B002,P014,18,0.9,12500,22,2
2026-08-19,B002,P015,18,1.3,11000,22,1
2026-08-19,B002,P016,45,6.6,900,40,2
2026-08-19,B003,P001,12,4.9,4500,35,3
2026-08-19,B003,P002,30,2.3,6200,30,2
2026-08-19,B003,P003,36,2.8,3200,38,1
2026-08-19,B003,P004,29,3.4,4800,30,2
2026-08-19,B003,P005,42,2.3,18000,25,1
2026-08-19,B003,P006,27,1.4,4100,28,1
2026-08-19,B003,P007,24,1.0,9500,28,2
2026-08-19,B003,P008,27,2.2,2500,30,2
2026-08-19,B003,P009,29,1.9,2800,28,2
2026-08-19,B003,P010,36,2.8,1400,35,3
2026-08-19,B003,P011,26,2.2,2200,30,2
2026-08-19,B003,P012,17,0.8,11000,18,3
2026-08-19,B003,P013,13,0.4,15000,16,1
2026-08-19,B003,P014,26,1.0,12500,22,3
2026-08-19,B003,P015,24,0.9,11000,22,2
2026-08-19,B003,P016,44,4.8,900,40,1
2026-08-19,B004,P001,33,2.1,4500,35,1
2026-08-19,B004,P002,6,4.0,6200,28,1
2026-08-19,B004,P003,37,3.1,3200,38,3
2026-08-19,B004,P004,31,1.9,4800,30,2
2026-08-19,B004,P005,30,1.4,18000,26,3
2026-08-19,B004,P006,24,2.6,4100,28,1
2026-08-19,B004,P007,25,1.1,9500,28,3
2026-08-19,B004,P008,27,2.5,2500,30,2
2026-08-19,B004,P009,25,2.1,2800,28,2
2026-08-19,B004,P010,33,3.9,1400,35,1
2026-08-19,B004,P011,34,1.6,2200,30,2
2026-08-19,B004,P012,14,0.7,11000,18,3
2026-08-19,B004,P013,13,0.6,15000,16,2
2026-08-19,B004,P014,18,1.3,12500,22,3
2026-08-19,B004,P015,27,1.0,11000,22,2
2026-08-19,B004,P016,38,6.1,900,40,2
2026-08-19,B005,P001,40,2.2,4500,35,1
2026-08-19,B005,P002,32,1.7,6200,30,1
2026-08-19,B005,P003,80,1.4,3200,40,2
2026-08-19,B005,P004,32,1.1,4800,30,2
2026-08-19,B005,P005,25,0.6,18000,26,2
2026-08-19,B005,P006,32,1.1,4100,28,2
2026-08-19,B005,P007,31,1.1,9500,28,1
2026-08-19,B005,P008,33,1.7,2500,30,2
2026-08-19,B005,P009,27,1.2,2800,28,2
2026-08-19,B005,P010,34,2.8,1400,35,3
2026-08-19,B005,P011,32,1.8,2200,30,2
2026-08-19,B005,P012,17,0.4,11000,18,3
2026-08-19,B005,P013,21,0.5,15000,16,2
2026-08-19,B005,P014,23,0.7,12500,22,2
2026-08-19,B005,P015,26,1.4,11000,22,2
2026-08-19,B005,P016,38,4.2,900,40,3
